-- phpMyAdmin SQL Dump
-- version 4.4.15.8
-- https://www.phpmyadmin.net
--
-- Хост: localhost
-- Время создания: Дек 21 2016 г., 16:01
-- Версия сервера: 5.5.50-MariaDB
-- Версия PHP: 5.4.16

SET SQL_MODE = "NO_AUTO_VALUE_ON_ZERO";
SET time_zone = "+00:00";


/*!40101 SET @OLD_CHARACTER_SET_CLIENT=@@CHARACTER_SET_CLIENT */;
/*!40101 SET @OLD_CHARACTER_SET_RESULTS=@@CHARACTER_SET_RESULTS */;
/*!40101 SET @OLD_COLLATION_CONNECTION=@@COLLATION_CONNECTION */;
/*!40101 SET NAMES utf8mb4 */;

--
-- База данных: `orion`
--

-- --------------------------------------------------------

--
-- Структура таблицы `banner`
--

CREATE TABLE IF NOT EXISTS `banner` (
  `id` int(11) NOT NULL,
  `name` varchar(255) NOT NULL,
  `content` text,
  `imageFileName` varchar(255) NOT NULL,
  `startTime` timestamp NULL DEFAULT NULL,
  `endTime` timestamp NULL DEFAULT NULL,
  `isActive` tinyint(1) NOT NULL DEFAULT '0',
  `createTime` timestamp NOT NULL DEFAULT CURRENT_TIMESTAMP,
  `updateTime` timestamp NULL DEFAULT NULL,
  `createUserId` int(10) unsigned NOT NULL,
  `updateUserId` int(10) unsigned DEFAULT NULL
) ENGINE=InnoDB AUTO_INCREMENT=9 DEFAULT CHARSET=utf8;

--
-- Дамп данных таблицы `banner`
--

INSERT INTO `banner` (`id`, `name`, `content`, `imageFileName`, `startTime`, `endTime`, `isActive`, `createTime`, `updateTime`, `createUserId`, `updateUserId`) VALUES
(7, 'Слайд 1', '<p>123</p>', 'ava.jpg', '2016-11-22 21:00:00', '2017-01-03 21:00:00', 1, '2016-11-23 14:54:30', '2016-12-11 09:11:36', 1, 7),
(8, 'Слайд 2', '<p>123</p>', 'news2.png', '2016-11-22 21:00:00', '2017-01-31 21:00:00', 1, '2016-11-23 14:54:56', '2016-12-11 09:11:22', 1, 7);

-- --------------------------------------------------------

--
-- Структура таблицы `basket`
--

CREATE TABLE IF NOT EXISTS `basket` (
  `id` int(10) unsigned NOT NULL,
  `sessionId` char(32) NOT NULL,
  `customerId` int(10) unsigned NOT NULL,
  `createTime` timestamp NOT NULL DEFAULT CURRENT_TIMESTAMP
) ENGINE=InnoDB AUTO_INCREMENT=3397 DEFAULT CHARSET=utf8;

--
-- Дамп данных таблицы `basket`
--

INSERT INTO `basket` (`id`, `sessionId`, `customerId`, `createTime`) VALUES
(231, 'd6b6d1454c7da99562d6331fa833dcef', 0, '2016-11-23 15:19:13'),
(232, '30da4f397c163a1bda70c34f821202db', 0, '2016-11-23 15:24:35'),
(233, '0c6730b6e541aef6ac8bebd838163456', 0, '2016-11-23 16:33:17'),
(234, '9521e220e100351e2da7bfa99b653390', 0, '2016-11-23 16:54:25'),
(235, 'bdc979587a3535f45b09d91ee560abaf', 0, '2016-11-23 17:21:47'),
(236, 'd4d8457656c758d218a23adc9607d068', 0, '2016-11-23 17:50:26'),
(238, '1c65e8aa4fed2a8e9b35304230566ad9', 0, '2016-11-23 18:02:52'),
(239, '53750c621749664f86f6f5a05453aaa7', 0, '2016-11-23 18:02:56'),
(241, '68bf323f4696a4ffdba3d07bb03291ae', 0, '2016-11-23 19:02:24'),
(242, '5e0e24dc48078e0ea20f806748db55e7', 0, '2016-11-23 19:05:46'),
(243, '669bfa048a18c5bb46b945f0e35a2ac1', 0, '2016-11-23 19:20:31'),
(245, '756aeb5855a0bd38899d2b8a0e901a84', 0, '2016-11-23 19:26:20'),
(246, 'a934114e0c200429a5347a7da4d393d5', 0, '2016-11-23 19:37:58'),
(247, '305c7d007a86acafb6821977b5aa0ef1', 0, '2016-11-23 19:38:22'),
(248, '3c98e7d610ab4332e2b83b78642c368a', 0, '2016-11-23 19:38:51'),
(250, '9d557e7c36f34dc05a05c411d7a3f587', 0, '2016-11-23 19:43:58'),
(251, '9bd91932935b0ba802aab9fe4ffa8506', 0, '2016-11-23 19:52:14'),
(253, '3f592dfbff90ddd0e1dd80db9947c5d3', 0, '2016-11-23 19:58:09'),
(254, 'a5f5f99cb2bff8f4be691b7708028abd', 0, '2016-11-23 20:26:23'),
(255, 'e89e75cefd378710e1b87769365301fe', 0, '2016-11-23 20:45:40'),
(256, 'b6608de2bc0c2ea2f81b4c38cac880d2', 0, '2016-11-23 20:57:35'),
(257, '4038c72af39a4e68d1ae465a82c7b2d1', 0, '2016-11-23 21:00:11'),
(258, 'a7cece6249bddf56cbd85767c1fea655', 0, '2016-11-23 21:02:21'),
(259, '0fe30d4deabd6dd2b14bdc4b06ffc386', 0, '2016-11-23 21:13:23'),
(260, 'de6b48c8a600fa39bf96d59e82a779d1', 0, '2016-11-23 21:26:25'),
(261, '3736167e6bd35c3aa162e309f984ef3f', 0, '2016-11-23 21:43:23'),
(262, '470abbe2b51c2d8eeab65f0bb3d8f569', 0, '2016-11-23 21:48:25'),
(263, '769c64fef47a64455e7c8151013d2fb3', 0, '2016-11-23 21:59:29'),
(264, 'c445c2b71d420021fc4d135940910d7f', 0, '2016-11-23 21:59:34'),
(265, '5b3b903c9304fa21e664963ca644abbd', 0, '2016-11-23 21:59:43'),
(266, 'a2f3b33e1e6a251baa4f11f2dfae835d', 0, '2016-11-23 21:59:44'),
(267, 'b5970018533d8ee6cae085fa43dc1564', 0, '2016-11-23 22:10:14'),
(268, '4c805584ec33bb49af31703d568ee5f1', 0, '2016-11-23 22:12:52'),
(269, 'a2f394930adba741aeb05b8b9765192e', 0, '2016-11-23 22:13:26'),
(270, 'c3ca9439df9df20119daea6c3cfc442f', 0, '2016-11-23 22:39:46'),
(271, '8b843024007c5e59ca2fce2d1f447384', 0, '2016-11-23 23:11:06'),
(272, '4b72be3c5a96d5cc6a81f42bc2bf622e', 0, '2016-11-23 23:23:17'),
(273, '915979dc3c40a65265471164a6136596', 0, '2016-11-23 23:25:26'),
(274, '2da9d408732dc46cb580c1bf18eaabfd', 0, '2016-11-23 23:30:43'),
(275, '00715e4c48281aace2f06f48bc2ab1f7', 0, '2016-11-23 23:30:45'),
(276, '61bd4668d327dfcc349b9c4b90871448', 0, '2016-11-24 01:01:54'),
(277, 'b325d517c26fdf070fdff659649a4fb3', 0, '2016-11-24 01:01:57'),
(278, '7ac2aaa5648bfce7f6b13fa4596db25e', 0, '2016-11-24 01:05:13'),
(279, 'c0d5107aca594284395aff1507de28d4', 0, '2016-11-24 01:09:28'),
(280, '513354b48afef59592a148a798f5d091', 0, '2016-11-24 01:22:49'),
(281, '6a32ad8ea9681ed495fdebd05cd578af', 0, '2016-11-24 01:36:09'),
(282, '709b1aa166b0e059a7d7d698c20bd20b', 0, '2016-11-24 04:51:52'),
(283, '02a0d31c7d9b2b03961923c1e1595f1f', 0, '2016-11-24 05:24:18'),
(284, '27804051814f7a7a138c7e1da224a003', 0, '2016-11-24 05:27:30'),
(285, '8ee95288c326a1c8848abda3bacdfb5b', 0, '2016-11-24 05:29:46'),
(286, 'b91aae21226e7a3e96fe9548f6a52f36', 0, '2016-11-24 06:03:00'),
(287, '0cffe5bd354b1f64093a10a93159ed27', 0, '2016-11-24 06:03:04'),
(288, '579bbf49560d13e02a4225e4cf258c91', 0, '2016-11-24 06:03:10'),
(289, 'ca64febbf3e50b3b401e3a8ae65a3bab', 0, '2016-11-24 06:03:12'),
(290, '789576bf27b3d8ebd77dfa8636b3a535', 0, '2016-11-24 06:03:14'),
(291, '1a13c60aef9d93360515f797785755d0', 0, '2016-11-24 06:03:17'),
(292, '86314b57200010086185d914c2ac7f35', 0, '2016-11-24 06:03:20'),
(293, '4338aa1f57a95d24cfb0107bcae8d4f4', 0, '2016-11-24 06:03:22'),
(294, '01b05b953cf159b1ccaf4bf4c30c8bdd', 0, '2016-11-24 06:03:25'),
(295, '4b4e629463f433a265185996c0bf2ca7', 0, '2016-11-24 06:03:28'),
(296, 'c94b03b7576f1298dd9266c48e0c3fc4', 0, '2016-11-24 06:03:30'),
(297, '3b80000be7df1ca65ac524ce87512e0e', 0, '2016-11-24 06:03:35'),
(298, '5b4b460f61b6ee47dabe949e1abe6f20', 0, '2016-11-24 06:03:40'),
(299, '83a25dd883870decdef18dccbb893d95', 0, '2016-11-24 06:03:43'),
(300, '671cdff9aa93d9ab2245b71d37e3f2f3', 0, '2016-11-24 06:03:46'),
(301, 'e2cc9da532a29b1dbafbc90c9a54e008', 0, '2016-11-24 06:03:52'),
(302, 'f82ca1fc8859270b094d39ec3cabf7ba', 0, '2016-11-24 06:03:54'),
(303, '3545d386c14a7e3bfb125e50416ba4e7', 0, '2016-11-24 06:03:57'),
(304, '10d2d52b9bab8e57ee1265f663cf4ebe', 0, '2016-11-24 06:03:59'),
(305, 'c3d1842638137ef4c0e4feb837af2be5', 0, '2016-11-24 06:04:02'),
(306, '9fbefe21c91eadc2ef305ee15669b93a', 0, '2016-11-24 06:04:04'),
(307, 'c5306157344606d0c3f4d07f7396eadb', 0, '2016-11-24 06:04:08'),
(308, 'a4c51e1506bc35d4d8680101488ada28', 0, '2016-11-24 06:04:11'),
(309, 'b29a0fdf6b93f77e8bc72f7bded2f29c', 0, '2016-11-24 06:07:18'),
(310, 'b073d99e775227fcd831bcf7b4c58aab', 0, '2016-11-24 06:09:56'),
(311, '8588f7e2be8457e4c5c625589d190f30', 0, '2016-11-24 07:48:39'),
(312, '8a7417ab2f9f2d6f37099af21d43f81c', 0, '2016-11-24 07:48:52'),
(313, 'a02b3f1b900a9306283160cfe2402596', 0, '2016-11-24 07:49:03'),
(314, 'a70051b0a778285e5a6e0e5f51f6ad84', 0, '2016-11-24 07:49:04'),
(315, '14fe2f24400e2e6bdab40a2ba861aedb', 0, '2016-11-24 08:22:01'),
(316, '961cf76dd00aa9d213e12d7a18e93946', 0, '2016-11-24 08:31:51'),
(317, 'cabc3f1458d9b0dbe44f27310f8f9fe5', 0, '2016-11-24 09:01:30'),
(318, '57acd76b809c479019eacbcd3596a73a', 0, '2016-11-24 09:57:03'),
(319, 'f8dd56f927719e37bfcf11bf944f8b91', 0, '2016-11-24 09:57:07'),
(320, '5d1dc4498ad46b981f3ed7f481695517', 0, '2016-11-24 10:27:25'),
(321, '79daa60448757e94a8a9f6b5ce52fe41', 0, '2016-11-24 10:29:30'),
(322, 'd52fe4d9ed7410318c6384e810fd40d3', 0, '2016-11-24 11:04:03'),
(323, '78a072ad658a53e39e677ea7bd3b70b1', 0, '2016-11-24 11:27:13'),
(324, 'eac08ca5dc8dffdefb09e438c6c98bab', 0, '2016-11-24 11:53:17'),
(325, 'b3c221aef3aa9f20dc60b3c280d2d048', 0, '2016-11-24 11:59:28'),
(326, '3aab474daa89e86e344304d209ff3b7a', 0, '2016-11-24 13:30:48'),
(327, '812eba1b6f5021f6d0905af3ec39cc8b', 0, '2016-11-24 14:53:17'),
(328, 'ee64d7b967b711b1fa1664fcb2b8436d', 0, '2016-11-24 14:53:28'),
(329, '8ef0d40071cf8f0559a7f60f99648eae', 0, '2016-11-24 17:02:07'),
(330, 'cc15421f2349db89963e345c92f0aa58', 0, '2016-11-24 17:02:10'),
(331, '40133837d91722283c0637cc0f1029dd', 0, '2016-11-24 17:02:16'),
(332, '48f466e2372a4ee5c99a56f048719e73', 0, '2016-11-24 17:02:21'),
(333, '0f0b2e89003cf67cbc6199803a5c2461', 0, '2016-11-24 17:02:26'),
(334, 'c22c60ec4f52bae16a8dbbb4cadee909', 0, '2016-11-24 17:02:33'),
(335, '1f29d96c60f804f081a1841a387c10dd', 0, '2016-11-24 17:02:37'),
(336, '5cc0d835fa7ea51eaf26b6a2cebb0289', 0, '2016-11-24 17:02:41'),
(337, '13d5d5ff13f7e866f135fa4012615bfd', 0, '2016-11-24 17:02:51'),
(338, 'a2f025a7ba4a30959d7fd1432ced3a53', 0, '2016-11-24 17:03:01'),
(339, 'a7c1864664af7e3140233d4d0109c377', 0, '2016-11-24 17:03:04'),
(340, 'ce106adf051a029ed33f8476146e0a17', 0, '2016-11-24 17:33:34'),
(341, 'faf08019a13552ad1d140d3db769929e', 0, '2016-11-24 17:38:32'),
(342, '593862bad3c6ef6844416af23709a333', 0, '2016-11-24 17:38:33'),
(343, '31fc522487b80dcd1548438f94714cb3', 0, '2016-11-24 18:07:06'),
(344, 'b05ac2a73f8e9d795c96bc65ffbd500d', 0, '2016-11-24 20:28:37'),
(345, 'f0aa8f781407882d1f5f2bf2acc91ad1', 0, '2016-11-24 22:22:17'),
(346, 'dd21da8b42dc014142699a75a9569c23', 0, '2016-11-25 02:16:10'),
(347, '91d9c3211f91d6a51e7bdbd5093d9fc1', 0, '2016-11-25 02:57:07'),
(348, '45f98e8198e7213ee6c203f2e400fbd2', 0, '2016-11-25 03:03:28'),
(349, '31f2c913f5ef558eeb0a7cc218ff7ca5', 0, '2016-11-25 03:48:11'),
(350, '953557b49bc2dcef24a1123393bb165d', 0, '2016-11-25 04:19:14'),
(351, '28dfcdf0d42923684595d49fd35ca351', 0, '2016-11-25 04:25:23'),
(352, 'd5c724a093f238c2fa035045f8b2b259', 0, '2016-11-25 04:41:08'),
(353, '0387bd0306582a6922a0a0f4247c5399', 0, '2016-11-25 05:25:11'),
(354, '81797952bfbe6633efc7baba88b0cd2a', 0, '2016-11-25 05:25:15'),
(355, '573a8a2da9a911d805f5410792dc0395', 0, '2016-11-25 05:55:18'),
(356, 'f1577efc2ac0112fe628b76a66219f0b', 0, '2016-11-25 08:31:31'),
(357, '57af35ea9cd14d806d773094cdb5765d', 0, '2016-11-25 08:42:15'),
(358, 'e3c6478a6141f091edd56ddfa8589e40', 0, '2016-11-25 08:43:51'),
(359, '121dac67bad5dc8844b8f93aad4d76fe', 0, '2016-11-25 08:46:02'),
(360, 'dac90cdc46761e394789f60be5015875', 0, '2016-11-25 08:49:49'),
(361, 'f39b3520577bd77643c52426f532d9f2', 0, '2016-11-25 08:53:36'),
(363, 'ddf701706d515fb65a55d3dac6024b34', 0, '2016-11-25 09:05:00'),
(364, '281fe30db11f2ebdbe6a6046aca4bc2c', 0, '2016-11-25 09:12:31'),
(365, '848bc9a616b65c7002de11e6bee4e3fc', 0, '2016-11-25 09:16:18'),
(366, 'd0fe8727edb48ee83f7f1f4d12e295ac', 0, '2016-11-25 09:23:52'),
(368, 'f991c2cafa5d24284bf44aa43306d457', 0, '2016-11-25 09:27:39'),
(369, 'a38dcfc0d4ce1be1cb29ca1ee2da29cd', 0, '2016-11-25 09:31:26'),
(370, 'c8a804377396dea2ab3cdc3010e42f61', 0, '2016-11-25 09:35:13'),
(371, '1c3764b2490aa632a23dffa3b17c2609', 0, '2016-11-25 09:42:47'),
(373, '88677f5a53203167b91b48e5ad734fa3', 0, '2016-11-25 10:01:14'),
(374, 'cab0de5f5d9c573166c528d99711e83f', 0, '2016-11-25 10:03:02'),
(375, 'b1369a2f8adc63f5fa3c3db96be4d3e9', 0, '2016-11-25 10:18:24'),
(376, '91c756ebd13f01a74a4da465ad7e1f05', 0, '2016-11-25 10:37:55'),
(377, '609393b7fc124a38a5097db21574e531', 0, '2016-11-25 11:00:21'),
(378, '2cc6b3d79d932a987e815c62a3e7f31c', 0, '2016-11-25 11:03:04'),
(379, '6a69bb7e0346461cbc1a25f236b8c863', 0, '2016-11-25 11:25:22'),
(380, '28f92d62b7fd98b099ca7c95435629ef', 0, '2016-11-25 11:53:17'),
(381, '3ea6665732589e7e81c5522e9d1f48a0', 0, '2016-11-25 12:03:06'),
(382, '1a0f58eee6cdaa4cb7088152f8e7def4', 0, '2016-11-25 12:23:19'),
(383, 'fbd9d709b60a5d1512dd9ed446627b77', 0, '2016-11-25 12:30:28'),
(384, 'facbb6c43d90258ec671bd86e7e3a819', 0, '2016-11-25 12:53:21'),
(385, '3b3ee2e1fa1465ed27aa75fc60003bb5', 0, '2016-11-25 13:03:08'),
(386, 'a3834947eb5480bd483d972f45c56938', 0, '2016-11-25 13:23:23'),
(387, 'dde2015d24b6b7bd2cd5631df6d34392', 0, '2016-11-25 13:53:25'),
(388, '31268d7fd0cf33567d8cd29ec3ef043d', 0, '2016-11-25 14:03:10'),
(389, 'ac840a6dc48b9cfe71bcf13cf6ec8918', 0, '2016-11-25 14:23:27'),
(390, '22a733c543d7e019069b838c4c570ab1', 0, '2016-11-25 14:34:20'),
(391, 'c40957ee4cd7b4e0bf63d967ddf3727d', 0, '2016-11-25 14:35:05'),
(392, 'c0c5300adccf3e47f34264756b528a0f', 0, '2016-11-25 14:35:09'),
(393, '602a61cf5583b2fb3d6888027deca6da', 0, '2016-11-25 14:53:29'),
(394, 'bd6a28dc7573f9e6d06ba4d8e3de2e40', 0, '2016-11-25 15:01:20'),
(395, '0698bac9c31e45bdd135d165d20c2bac', 0, '2016-11-25 15:03:13'),
(397, '6a14557cb598478a57fe46bf696e5f7a', 0, '2016-11-25 15:23:31'),
(399, 'd772d3d41a395ff5f11b4bb60cbbba95', 0, '2016-11-25 15:33:49'),
(400, 'b0940d5f56e5b8593996232ead56355f', 0, '2016-11-25 17:30:52'),
(401, 'c9d5d8e33571b8c0b2411b45d2a89cc2', 0, '2016-11-25 17:33:20'),
(402, 'cd5cd0867f6c36c50f63ad34d9086d08', 0, '2016-11-25 17:33:57'),
(403, '9663bff4187a67d3e9dda2b26aa9255d', 0, '2016-11-25 17:34:42'),
(404, '58d0f9979ff106e8a7891bd6451a976f', 0, '2016-11-25 17:35:30'),
(405, 'fd84a006abd42ac1799555c64e78e61d', 0, '2016-11-25 17:36:47'),
(406, '31efa52259559307dbbe00a84f82f24d', 0, '2016-11-25 17:38:21'),
(407, '1dbeda160dac3b1dc066e6aa74067a70', 0, '2016-11-25 17:40:23'),
(408, '532402ef2a0e5bca775b67e5f2ab4865', 0, '2016-11-25 17:41:23'),
(409, '0bca015844be95682dbae8b869d54be6', 0, '2016-11-25 17:45:38'),
(410, 'bafb66dd26c0e30daaf24548bcf76562', 0, '2016-11-25 17:47:16'),
(411, '4e57104409700a0d949a0e8739ae3920', 0, '2016-11-25 17:50:39'),
(412, 'b69c3c6d2b23378e136de08df0272a32', 0, '2016-11-25 17:51:52'),
(413, '82647471ba0adc6df17b0d3466fe17e8', 0, '2016-11-25 17:54:13'),
(414, 'b751e8f31869442d886265f27def0a75', 0, '2016-11-25 17:56:41'),
(415, '6642273c7c77ba2c0ed8d60a34eef63d', 0, '2016-11-25 18:03:43'),
(416, '806811b42f67891bd3ed587e02a1d3b7', 0, '2016-11-25 18:11:46'),
(417, 'e0612351dd37c7334fda33a8f3159dda', 0, '2016-11-25 18:20:50'),
(420, '17dc138e4f472db9e21667449bf29f29', 12, '2016-11-25 18:33:27'),
(421, '4ecacbc2535173715650ab313b681a2e', 0, '2016-11-25 18:34:35'),
(422, 'c2a6e97164dc4fa8a24944bfec9d9d8d', 0, '2016-11-25 18:40:17'),
(423, '0f2ad74ae9c5970ab63ee524162df948', 0, '2016-11-25 18:40:51'),
(424, '35d7729bfc58be8575aaefa5375f3ced', 0, '2016-11-25 18:41:36'),
(425, 'fcf02cade16b810e14b4081aafdc1a42', 0, '2016-11-25 18:42:24'),
(426, '3e898d28ed92fa76406719fcfbd0bd9e', 0, '2016-11-25 18:43:37'),
(427, 'dec2b1c94fb9b3920115d85ef7ad3b47', 0, '2016-11-25 18:45:09'),
(428, '5576f8ba9ffa3629da44436197b8edb3', 0, '2016-11-25 18:47:11'),
(429, '04c702c800806b7b55409a9eb58225fc', 0, '2016-11-25 18:47:17'),
(430, '1e96ff1c85cf1ddae4fc0631c236ef02', 0, '2016-11-25 18:47:22'),
(431, 'a0f154d9405de19ddb50775f95fa68e0', 0, '2016-11-25 18:50:12'),
(432, '440c7a0fd1357de07dd5ba9440fba01c', 0, '2016-11-25 18:54:28'),
(433, 'bb2e4fcb7d3ee0ea96763b17ff7e61fa', 0, '2016-11-25 18:57:19'),
(434, '5140cdc601814a08960a4799368c13f7', 0, '2016-11-25 18:59:30'),
(435, 'dd5202bf3fe63142c04d82ff2f8c8443', 0, '2016-11-25 19:01:16'),
(436, 'e8de3823d292dc8e4e3faa7a27cdc07a', 0, '2016-11-25 19:02:27'),
(437, '23421860c6b019873600ea62ec86253b', 0, '2016-11-25 19:05:31'),
(438, '011667e60655086c9ba21e3865a19ecb', 0, '2016-11-25 19:07:21'),
(439, '2899fa5752f909d1ec36e8187166bdaa', 0, '2016-11-25 19:12:33'),
(440, '8ac8cad9f79b3cbf6916c1fd25a0df20', 0, '2016-11-25 19:17:22'),
(441, '4090b3deadaee386b135f95065343495', 0, '2016-11-25 19:20:07'),
(442, '053f7bab564a43f7f255c1f6fbee6c9a', 0, '2016-11-25 19:20:35'),
(443, '75546f01d8d28699e27027f765c6367c', 0, '2016-11-25 19:26:41'),
(444, '750eb80f8877d4e332c26abf07ae77ea', 0, '2016-11-25 19:27:24'),
(445, '689577f492277db0b518a7b1d5360ec4', 0, '2016-11-25 19:46:20'),
(446, 'dace7918728457cec49ae7dfea802824', 0, '2016-11-25 19:57:22'),
(447, '0c722eddb31608fdfa63cfa832bc13dd', 0, '2016-11-25 19:57:45'),
(448, 'edbb209848e1c22adae9fefd61d35d35', 0, '2016-11-25 19:58:15'),
(449, 'ca915d9c77f2d77db3bf15c546f7a269', 0, '2016-11-25 19:58:47'),
(450, 'f3c913a460341f2b34af1fd9dd656472', 0, '2016-11-25 19:59:45'),
(451, 'f618d1e6c4a8d201768010aab2150df8', 0, '2016-11-25 20:00:47'),
(452, 'c78aacbd299e2cea4346668015a96733', 0, '2016-11-25 20:02:21'),
(453, '6c3fb312c4f54332b21a371c5f0433c6', 0, '2016-11-25 20:04:23'),
(454, '422e93eb8c521a5607ef7b12bd44b336', 0, '2016-11-25 20:07:36'),
(455, 'c94cc73304d99ea605f426c3b4ea9eba', 0, '2016-11-25 20:08:13'),
(456, '75c56e86358000ef99a1463394ea064b', 0, '2016-11-25 20:11:38'),
(457, '54a505ac39f3cda4c662057b9c896df2', 0, '2016-11-25 20:16:40'),
(458, 'b9a13500fdd4b67987fccf4c64f6e9d7', 0, '2016-11-25 20:27:27'),
(459, '7764fc3b52e4e779fd3068fa650876ae', 0, '2016-11-25 20:30:48'),
(460, 'ed5a3ef3aa6f359c9293dbf3f2b58716', 0, '2016-11-25 20:55:22'),
(461, '32a878ace0c6dd24ba28a066d7119d1e', 0, '2016-11-25 21:22:06'),
(462, '031bfe88966ef9edea516ace7063ef8d', 0, '2016-11-25 21:25:36'),
(463, '3a2778ab6a26cca23d5ecdbb0e388239', 0, '2016-11-25 21:27:29'),
(464, '79c964ee2007ff155f5cecc610a53456', 0, '2016-11-25 21:29:29'),
(465, '19420ebbae7f9cb8cb4fc66b8a0b756f', 0, '2016-11-25 21:39:59'),
(466, 'af4404d7e74eeee3ed6503c632dd5f29', 0, '2016-11-25 21:40:03'),
(467, 'b94ab93dc11f7c821580564ad0b26ff5', 0, '2016-11-25 21:45:39'),
(468, 'f13f964a798f4b22eb415e18a828893c', 0, '2016-11-25 21:46:12'),
(469, '3600cdb1670cda0fd1205b412ef0e052', 0, '2016-11-25 21:46:57'),
(470, 'b50f1c582de5cf0391028c63466d788c', 0, '2016-11-25 21:47:43'),
(471, '0498c82d772cd868d6b815f178f03bcb', 0, '2016-11-25 21:48:57'),
(472, '212900d8ce5be223ed17b713ba37325b', 0, '2016-11-25 21:50:29'),
(473, '710e06b281e79343760a7d9bfcdef136', 0, '2016-11-25 21:50:59'),
(474, 'fd7b00f08da07f5b29256e1ca1ed6396', 0, '2016-11-25 22:21:01'),
(475, 'dc4a9743758597617ca8a6e959fcc339', 0, '2016-11-25 22:23:28'),
(476, '1da024039dc3bc85367d89c833e28c3b', 0, '2016-11-25 22:23:51'),
(477, '55393825359302bd5855bf88b2a185df', 0, '2016-11-25 22:24:21'),
(478, '5d9a97032b163bf46bb3087ea0046015', 0, '2016-11-25 22:24:52'),
(479, 'ab17c781c11418c631ecc8b58ccc3127', 0, '2016-11-25 22:25:51'),
(480, '5b0aa84eec6826d46d652a0d7692eff7', 0, '2016-11-25 22:26:53'),
(481, '1c0ea813203099930da34608c51ce9c7', 0, '2016-11-25 22:27:31'),
(482, '1a2f8003fe4cc679e395e9743c64dc08', 0, '2016-11-25 22:28:24'),
(483, '6edd7bd7fe226d9c9b0cf0a9f3b8f0af', 0, '2016-11-25 22:30:26'),
(484, '30c216ab9417844659384b8d90982098', 0, '2016-11-25 22:30:55'),
(485, '2649e716dfa7b8350cc830531757bf1a', 0, '2016-11-25 22:31:07'),
(486, '1e0fc4d0b1dab6a0766e9b2344bab998', 0, '2016-11-25 22:34:09'),
(487, '1f39ae42b16c3b48887840b488904fad', 0, '2016-11-25 22:37:32'),
(488, '00d648588fe2306150e9271e9c68e5ab', 0, '2016-11-25 22:38:10'),
(489, 'a617f08624f0e1d817493779867a836b', 0, '2016-11-25 22:41:24'),
(490, '5ddc4322bdec8c5776c0a4525599d98a', 0, '2016-11-25 22:43:12'),
(491, 'd3964df8bd146b7b6ac469e4f1c8b498', 0, '2016-11-25 22:47:35'),
(492, '1115a0377d2bf5a5bfdcaab696baca70', 0, '2016-11-25 23:00:57'),
(493, '4db7ca091d9734ce2efd2d77171150cb', 0, '2016-11-25 23:16:16'),
(494, '4d43b32f1414c57ec3842a8d59d52e84', 0, '2016-11-25 23:16:52'),
(495, 'eb1389f21b88b9ef4abec816cced8904', 0, '2016-11-25 23:17:37'),
(496, '16b46aed686e489142391f1e14ab77af', 0, '2016-11-25 23:18:24'),
(497, 'b27c3723733c7b2e1e38b95fa7ae1686', 0, '2016-11-25 23:19:37'),
(498, 'a4e7fa6984e7c463396b1fce30cd477b', 0, '2016-11-25 23:21:09'),
(499, 'e7c8eaf762ec63bdc6052c6fda5685c2', 0, '2016-11-25 23:23:12'),
(500, 'a47a4620f0d8ab02a8b4e8441250d2b3', 0, '2016-11-25 23:26:14'),
(501, '28a021ca40d15738564984f056687233', 0, '2016-11-25 23:30:28'),
(502, '7ffc3ad6b27f36a991b04a1390b7f97c', 0, '2016-11-25 23:30:58'),
(503, '5c0288c98ddf92f4d015070aa182e665', 0, '2016-11-25 23:35:30'),
(504, '0b08497e1b05a7b106bc09770a897395', 0, '2016-11-26 00:40:08'),
(505, '73e3c395407a822bc80edc5ae5a30250', 0, '2016-11-26 02:52:31'),
(506, 'c27a40a4df262f64064fbe3ea2a6a29d', 0, '2016-11-26 03:16:52'),
(507, '12b5c6251f381df21a41a775c05a5a2f', 0, '2016-11-26 04:00:34'),
(508, '33c9c4d296f3f990784e839e1dc6f8f3', 0, '2016-11-26 04:40:53'),
(509, '0c5d9f19b71451f0d40022bbac0f9101', 0, '2016-11-26 04:54:59'),
(510, '055a9ee700f0f8781f788e5eb7237ff7', 0, '2016-11-26 05:33:26'),
(511, '6f9aadda541e76f15cb154b333e18f64', 0, '2016-11-26 05:38:44'),
(512, '1176b67522f6394f901228617174b4b0', 0, '2016-11-26 05:38:48'),
(513, 'dbf519bee1fe82fa94fc3db806797947', 0, '2016-11-26 06:36:15'),
(514, '2ea5cf06383ab56915b8798327053345', 0, '2016-11-26 07:43:43'),
(515, '9976d3c5fefd622d0175d6c80f648155', 0, '2016-11-26 08:19:56'),
(516, 'f164380a889147d67bfefc05a907e93a', 0, '2016-11-26 13:56:17'),
(517, '8d72937997eaf96694d484afdeeeedfa', 0, '2016-11-26 14:21:39'),
(518, 'f91d71b1514bd31dc46b7bad6a035928', 0, '2016-11-26 14:58:48'),
(519, 'e3f392f4076c8a8429759c75be5be3a1', 0, '2016-11-26 15:28:44'),
(520, 'ba81992afbd8b6cf23db6c6a42a9e4df', 0, '2016-11-26 15:36:35'),
(521, '28941f6a156ad81eec1e86c4c84b6e68', 0, '2016-11-26 16:59:43'),
(522, '42d94b3be76678e1362f697f57f03975', 0, '2016-11-26 16:59:48'),
(523, '9825d35774176b757997a0c539013bf1', 0, '2016-11-26 17:13:43'),
(524, '424a08d4c9e170deb86a3af8cc6122db', 0, '2016-11-26 19:04:44'),
(525, 'b86e3cffa1c87e2a093877f6cef34897', 0, '2016-11-26 19:35:00'),
(526, 'cbbfe548f472298e111292cc5d529525', 0, '2016-11-26 20:13:43'),
(527, '83e2b6b61cc0eee0369fb66fb40fd26e', 0, '2016-11-26 20:51:27'),
(528, '64220596bc3a45e607907286b5ebfc75', 0, '2016-11-26 21:13:41'),
(529, '2a0f52fd97ea4ee2c3d7283dc9473958', 0, '2016-11-26 21:33:04'),
(530, '2337f76e66ac89a98eae2b96e06df7a1', 0, '2016-11-26 21:37:28'),
(531, '069291ff185a6a689b44833402e032d1', 0, '2016-11-26 21:53:54'),
(532, '7bc5c572c02777b74e9101e05ecfaa8a', 0, '2016-11-26 22:03:07'),
(533, '14c138a90fef170e7b47b8934dea04e8', 0, '2016-11-26 22:06:18'),
(534, 'ea9b0a3b74f32639b84e0739167f93f1', 0, '2016-11-26 22:17:39'),
(535, 'cfc2b0ffb026ac4e4c5e7eebaf20bc7b', 0, '2016-11-26 22:28:43'),
(536, '6135d7ea708ad531cc48f6d3d28decc1', 0, '2016-11-26 22:33:09'),
(537, '9cc06e690d31bc728d8256ffe6909f75', 0, '2016-11-26 22:36:34'),
(538, '4b85dbcda76dc6b94bd6b7345caf2160', 0, '2016-11-26 22:37:30'),
(539, '092740cb9f25212a5af2106390564ee3', 0, '2016-11-26 22:40:21'),
(540, '75c39e0e026aead3d94f79da0daf6976', 0, '2016-11-26 23:03:10'),
(541, '1210bf70d899af07d3fca6e879eddff6', 0, '2016-11-26 23:33:12'),
(542, 'a8797d5575471d538c4c39b69c321525', 0, '2016-11-26 23:37:32'),
(543, '105c784c1a19b7782892fefda0bf3144', 0, '2016-11-27 00:03:15'),
(544, '91af817660995f80dc06c8a491ad26fa', 0, '2016-11-27 00:33:17'),
(545, '5a82e434cfb7f369cb63634603f717ad', 0, '2016-11-27 00:36:19'),
(546, 'd197ddf8a40aae9fa3f484089012d142', 0, '2016-11-27 00:37:34'),
(547, '66c7fe0eca648436e2b3b5e452cfa889', 0, '2016-11-27 01:03:19'),
(548, '7a35af3be6dab931bebfad309cbe9d38', 0, '2016-11-27 01:33:21'),
(549, 'c03d6e4cef5049d0bb9384f8cefbb85e', 0, '2016-11-27 01:37:35'),
(550, 'c3404e6e3382a998acb1068a7a34773f', 0, '2016-11-27 01:38:03'),
(551, '941087aeaad9bc3ef344a947a58d2e34', 0, '2016-11-27 01:48:31'),
(552, '38a26d93d340f7e05042c6df07fdcbbb', 0, '2016-11-27 02:54:58'),
(553, '0caad369fe6e19409df60ce59cd870dd', 0, '2016-11-27 02:57:37'),
(554, '847f2039f681280c44e71d681f3201a1', 0, '2016-11-27 03:41:23'),
(555, '35734c96e3a4005775bc0ee074cdb0c3', 0, '2016-11-27 05:47:53'),
(556, '543a21f04ef5d436214105fd22f6c9da', 0, '2016-11-27 05:51:13'),
(557, '6440589e05f176e7c164865d4de35a24', 0, '2016-11-27 05:51:24'),
(558, '024a5a69f2eaefbf2956ead4d5f15c5e', 0, '2016-11-27 06:25:42'),
(559, '9f831426ce189507944f2af0700e3a58', 0, '2016-11-27 06:57:08'),
(560, '91c7dc7f21f9e7107d91ae866e0c8ac1', 0, '2016-11-27 07:01:46'),
(561, '8fb7cb37bf71a156108aae7ea1bea2bb', 0, '2016-11-27 08:21:50'),
(562, 'fd81b9cdfcc456cf9e79590dc21b18e9', 0, '2016-11-27 09:31:05'),
(563, 'd3cce99f96efa3110d2dfccad37e453e', 0, '2016-11-27 09:34:12'),
(564, 'e704ca5347cdef40c1df13c4fdb97ddc', 0, '2016-11-27 10:42:15'),
(565, '0ba8d42a24a1579d33e85cce11863932', 0, '2016-11-27 10:42:18'),
(566, '0e6a078ed47afa1d24b586bb993a3168', 0, '2016-11-27 10:42:20'),
(567, '231bfffe2dc7a512d394f5001748ed1f', 0, '2016-11-27 10:42:22'),
(568, 'cc552cb281bfbb61df7c030e441e71b1', 0, '2016-11-27 10:42:25'),
(569, '11a3193b48420f1d5b6c520740090f2d', 0, '2016-11-27 10:42:27'),
(570, 'af39cab9aae3989d5d82d436f5e65ffb', 0, '2016-11-27 10:42:29'),
(571, '1ba0207caf0cee56714cb227f217964c', 0, '2016-11-27 10:42:30'),
(572, '0d9ca07b74b2a4adb250de0439259f7e', 0, '2016-11-27 10:42:32'),
(573, '4bd1377e65b32497be0a63699497f7db', 0, '2016-11-27 10:42:34'),
(574, '05ba7bc0ec2f687c631bb0b0cf364d7d', 0, '2016-11-27 10:42:37'),
(575, '2be16d946599f968d5716f132e7233f5', 0, '2016-11-27 10:42:39'),
(576, 'bed6a86cf82066b1bb4851a76671ca3c', 0, '2016-11-27 10:42:42'),
(577, '22986eb3a4da3c2bd5421ddbd6cc8227', 0, '2016-11-27 10:42:44'),
(578, 'c70407895f27e7cae1306b274963196a', 0, '2016-11-27 10:42:47'),
(579, '04b612a7faf9c623d0dbeef75f91889c', 0, '2016-11-27 10:42:49'),
(580, '08b7abae8bd50801404989bd355ad474', 0, '2016-11-27 10:42:51'),
(581, 'c0380232e42a7b86abd7d60e788d4b96', 0, '2016-11-27 10:42:52'),
(582, '860f8a3b186c2ad5d60e741e0c4e14bf', 0, '2016-11-27 10:42:54'),
(583, '2ea581cbffe0f5529f6d53c49b4272a8', 0, '2016-11-27 10:42:56'),
(584, '2ec55e2548dfe54e2433bc026e95f93c', 0, '2016-11-27 10:42:59'),
(585, '95571201f2b3aaa5695d1bd2eebcd1a7', 0, '2016-11-27 10:43:01'),
(586, '49bfc0ba9050ddd6e2b43c2e777b5d93', 0, '2016-11-27 10:43:03'),
(587, 'a7698842e9adc8657bc9dfd64401687f', 0, '2016-11-27 10:43:06'),
(588, '2bb4c3ff6866d10eefd375bf74332e1e', 0, '2016-11-27 10:43:08'),
(589, '126e7bb16f41dc29a777caafcb43f43d', 0, '2016-11-27 10:43:10'),
(590, 'ff243d9d723465672638e2c2dcc5d7b5', 0, '2016-11-27 10:43:13'),
(591, '33854e3633372a5a94eeb031bf72ea34', 0, '2016-11-27 10:43:15'),
(592, '8f7675e52a0d659a2632dbfd77826b9d', 0, '2016-11-27 10:43:17'),
(593, '821a9fef5731aa4ee9d6042460e70923', 0, '2016-11-27 10:43:20'),
(594, '81d372efe705d0b7eef24f96502861f7', 0, '2016-11-27 10:43:23'),
(595, '8466f8f6f53f8013896059f90dae8c7e', 0, '2016-11-27 10:43:25'),
(596, '752126a941af06e5ccc4c395e35da28a', 0, '2016-11-27 10:43:27'),
(597, 'a52faa6edb8a0e61af1ae13c1553a93f', 0, '2016-11-27 10:43:30'),
(598, '61162315873ef471cb21385dbc9ab1de', 0, '2016-11-27 10:43:32'),
(599, 'f4db6bc7e266f18a526972bcacd2e12a', 0, '2016-11-27 10:43:35'),
(600, '93b289e6b454eb00f318ce721acdca1e', 0, '2016-11-27 10:43:37'),
(601, 'fc9d07511f6d2409671165d2e3db77d8', 0, '2016-11-27 10:43:39'),
(602, '53b79256e3c9b0adb758461f0ff64550', 0, '2016-11-27 10:43:42'),
(603, 'cc5253d0dc82ea37e944d57b1495064e', 0, '2016-11-27 10:43:44'),
(604, 'a305ac79b6e531b6b515d830fe6cd116', 0, '2016-11-27 10:43:46'),
(605, 'b1abd19b016ce38b42d9e0b22ccb0fdc', 0, '2016-11-27 10:43:49'),
(606, '76c81f035493bbd3ce5149a12c8d45b8', 0, '2016-11-27 10:43:51'),
(607, '3b3491189383940ee91db03d40f4190c', 0, '2016-11-27 10:43:53'),
(608, 'd3db260ac90b3a9ab8e27a2c336e05eb', 0, '2016-11-27 10:43:54'),
(609, '2531460044079fd7b33f25f478a3312d', 0, '2016-11-27 10:43:55'),
(610, '89d96a83e10560259ef5161e2fb79b42', 0, '2016-11-27 10:43:56'),
(611, 'a9be52ff560fe9beeb15b4fce4f43f86', 0, '2016-11-27 10:43:58'),
(612, 'e0c74a920f8b26273a7f2021663a04b1', 0, '2016-11-27 10:43:59'),
(613, '393bfe5e9b439c6b4bc412918a785cfc', 0, '2016-11-27 10:44:00'),
(614, 'b8977414b407ebc685924d45e20899f5', 0, '2016-11-27 10:44:02'),
(615, '9fed69dd8cf94a8d185d64b38b8c8ebd', 0, '2016-11-27 10:44:04'),
(616, '7cf72eb457c84bbe81eff51e92936637', 0, '2016-11-27 10:44:06'),
(617, '21def1bedf8c0dd2fd4344039d444640', 0, '2016-11-27 10:44:09'),
(618, '6ea618d87c058de2ed39b152224b5c5a', 0, '2016-11-27 10:44:11'),
(619, 'babc019dbabe7952feac12f4996f3957', 0, '2016-11-27 10:44:14'),
(620, 'b41bb7365834e0d862afd23539b3ed39', 0, '2016-11-27 10:44:16'),
(621, 'a5b8de1a7847502442e7a212b77940af', 0, '2016-11-27 10:44:18'),
(622, 'e8fdbdf408a3a96f14af604a59f09bab', 0, '2016-11-27 10:44:21'),
(623, 'ebd6fb49d8e939129128d513f2494356', 0, '2016-11-27 10:44:23'),
(624, '41ac2ea24ac583d6186f40a894715b57', 0, '2016-11-27 10:44:25'),
(625, 'bfee26ee949fc5559307502a8f4d8a10', 0, '2016-11-27 10:44:28'),
(626, 'fc7c4015d8588f2ebfdc0ca61456689a', 0, '2016-11-27 10:44:30'),
(627, 'a778abd6a185f03e41bd62ae4728558d', 0, '2016-11-27 10:44:32'),
(628, '340a7984c1f087c01c9a2728561e3c87', 0, '2016-11-27 10:44:35'),
(629, '0476674c0b2a96f566d5f2cbad71e946', 0, '2016-11-27 10:44:37'),
(630, '99705e221c7a15d79cb1e3d2b7c1c32f', 0, '2016-11-27 10:44:39'),
(631, '4caf7f9c5e2f5d5f4b9be003d53a8546', 0, '2016-11-27 10:44:42'),
(632, '34bd94e1a88cf4e09405d1db6b5c34ce', 0, '2016-11-27 10:44:44'),
(633, '0c5f36f53dcd73708d8ce5d089749178', 0, '2016-11-27 10:44:46'),
(634, '85c838237dfc65b3b2d6898b54e52e4a', 0, '2016-11-27 10:44:49'),
(635, 'bfac90aef55641b0e46e1b37a5cd2881', 0, '2016-11-27 10:44:50'),
(636, '65cb4047c8a14d176c2f553a4dd308f1', 0, '2016-11-27 10:44:52'),
(637, '898648e475f8427bc7b6f483df3d34e9', 0, '2016-11-27 10:44:55'),
(638, 'ec2801c0da99adae1a6d99b2ea913e12', 0, '2016-11-27 10:44:57'),
(639, '6e40e9044f22b59676ffac17c864f859', 0, '2016-11-27 10:45:00'),
(640, '26d08dc3176975018ceeebd1bb9f0370', 0, '2016-11-27 10:45:02'),
(641, '1c1d248a32df657cc9e1363dfab162d0', 0, '2016-11-27 10:45:04'),
(642, 'd31c8c58ac09a4ed1729a62f2bb381bf', 0, '2016-11-27 10:45:07'),
(643, '0b3c8f900a57d89cad38d70d3e9354b1', 0, '2016-11-27 10:45:09'),
(644, '4c23501469a813041d1ba7f0750a4520', 0, '2016-11-27 10:45:10'),
(645, 'da220272c6a2368a3fb2d65e6cfb1316', 0, '2016-11-27 10:45:11'),
(646, 'db54b70deb61c0d5657864c94299f5ea', 0, '2016-11-27 11:43:43'),
(647, '74a4929baa1e6b1c4c5b7754cfc7f293', 0, '2016-11-27 13:15:24'),
(648, 'd87b4ca767be63020d2bc5f94f5b08f0', 0, '2016-11-27 13:28:52'),
(650, '0a824874bb7a7f86f2fef6168bd0e596', 0, '2016-11-27 14:48:02'),
(651, '599a8a404c96796100b48dcbdd6349df', 0, '2016-11-27 15:00:59'),
(652, '7dc9df6ab8350faa4e53229ebc456add', 0, '2016-11-27 15:04:34'),
(653, '145209daa1d70f3af80d078668ab0bfe', 0, '2016-11-27 15:04:59'),
(654, 'c238e1ac648ff005225515b4ddd8222a', 0, '2016-11-27 15:05:29'),
(655, 'bd672c7b3737ffbf8593a75f9ada0371', 0, '2016-11-27 15:06:02'),
(656, '03f805fccf6243b5b09b579e21d0ac61', 0, '2016-11-27 15:07:01'),
(657, 'a4b71b10c69eed3ff62008adc02f6194', 0, '2016-11-27 15:08:04'),
(658, '07a8e77a400006d1dbb3a90d6e0a0e6a', 0, '2016-11-27 15:09:36'),
(659, 'aa0b8715c1f8c1101fa8cb314daf4e0b', 0, '2016-11-27 15:09:58'),
(660, '28fd33731daf019441a34392f967652a', 0, '2016-11-27 15:11:38'),
(661, 'ce1b5b10da1d94dc629772727bb0c890', 0, '2016-11-27 15:14:55'),
(662, '39396d45df6a3626bd92f34cb3944f30', 0, '2016-11-27 15:15:41'),
(663, '7e5742da1024b0791d6f691f660eb952', 0, '2016-11-27 15:20:45'),
(664, 'd96fb0e14aa25b8bcead558fb7e57404', 0, '2016-11-27 15:26:50'),
(665, '20586e5b5cda279fc2cba80cb3d9d045', 0, '2016-11-27 15:33:57'),
(666, 'aec5cba9c25f09b0cbcf50bc620d6212', 0, '2016-11-27 15:34:17'),
(667, '322bbbd82d2cec0326b631e352a8cb39', 0, '2016-11-27 15:42:01'),
(669, '6d8f960dde4da0d886fcc066bca7f851', 0, '2016-11-27 15:51:07'),
(670, '2847dc04bf09740a852a34f2f846fc71', 0, '2016-11-27 15:56:59'),
(671, 'ac52935fbc3626a166a0fac2deeb02e3', 0, '2016-11-27 16:01:02'),
(672, '44e8bbe9e1cd2b9f076881b7fbaf49f9', 0, '2016-11-27 16:01:09'),
(673, 'b54a5349011fa01338e7caa4862b558c', 0, '2016-11-27 16:13:53'),
(674, 'ac2fbded39b8be2cdb974f8aa6de649b', 0, '2016-11-27 16:21:13'),
(675, 'afe450bd4613c95af7c8f2e8c0d96d9a', 0, '2016-11-27 16:28:31'),
(676, '690a7c41f12f816679c50a37a454929a', 0, '2016-11-27 16:34:44'),
(677, 'bcdff7805f81988bbb84b63b8d6e6f98', 0, '2016-11-27 16:34:45'),
(678, '069bfba0458555ac520c11681b23f276', 0, '2016-11-27 16:45:56'),
(679, '43411b81d2c916c9ec81dadb65a73835', 0, '2016-11-27 17:01:05'),
(680, '9657539a915754d53464757e0099ff0d', 0, '2016-11-27 17:05:54'),
(681, 'ca2dff41f533ae3a598abe5c3254efad', 0, '2016-11-27 17:06:57'),
(682, '973eca9ad92fe301b12bdf7e3c5c453d', 0, '2016-11-27 18:19:35'),
(683, '34d70299d60b59009bf506baf878729d', 0, '2016-11-27 19:55:20'),
(684, '94a0022b3eb965fc751675f81fd590e3', 0, '2016-11-27 19:55:21'),
(685, 'c8ee4083fa93ea2d62a8e7467d5d028d', 0, '2016-11-27 20:15:58'),
(686, '00f7e71dcb3dd4ebdd15d73c991877c4', 0, '2016-11-27 20:42:09'),
(687, 'a0e57369a47780658fb0e36c73666b91', 0, '2016-11-27 20:42:11'),
(688, 'df211056e6822b03a9486dcecc8aea63', 0, '2016-11-27 20:42:13'),
(689, '9f1e2acfc69a5b3df9acb1102bc10b75', 0, '2016-11-27 21:24:55'),
(690, 'f01d65bf7ce104da6994b62411ab8c60', 0, '2016-11-28 01:20:42'),
(691, 'dce66a3d85a058036d17aa0826df3a7d', 0, '2016-11-28 02:02:58'),
(692, '01ade485e945d72fff63d759806c01b6', 0, '2016-11-28 02:32:16'),
(693, '458c02c172728817b6b2bd839ce092b6', 0, '2016-11-28 03:33:07'),
(694, '1566e4dbfc62c1020a7d2d4659b402df', 0, '2016-11-28 04:27:45'),
(695, '97ac83c5231eb030dc931fae08816014', 0, '2016-11-28 04:54:49'),
(696, 'e7edafc7d53b49fb67b80a3758a34a9f', 0, '2016-11-28 05:48:17'),
(697, '3b6f7f9157069796404c644d28f2cbf4', 0, '2016-11-28 08:25:37'),
(698, '479592aa6dce4855e0b9fd01eb4f08fc', 0, '2016-11-28 09:16:00'),
(699, '94910eb264f77f63948c74df51839bf1', 0, '2016-11-28 10:34:19'),
(700, '5dfe0121968e892a5a19c2dbd1322b8e', 0, '2016-11-28 10:34:23'),
(701, '99eec32cdf4a691797e3ae1714ef89da', 0, '2016-11-28 10:55:46'),
(702, '0fca451ec0d6d3048b21458b699f7488', 0, '2016-11-28 10:55:47'),
(703, '62e7c6d3d6e4370ba962cdf3f4d562f1', 0, '2016-11-28 11:03:03'),
(704, '51465cad47f0c70829eee98d870f2105', 0, '2016-11-28 11:03:05'),
(705, '749722b5f21598db7d4a7920e14a2d2c', 0, '2016-11-28 11:26:02'),
(706, '4e24653f495528b02121c9513587e451', 0, '2016-11-28 16:03:53'),
(707, 'c63c59f2910257beb047404f022259f5', 0, '2016-11-28 17:46:31'),
(708, 'f1c4fd50b08df75a74b4f6e852b1721b', 0, '2016-11-28 18:14:27'),
(709, 'a9fff01f2d180e6e4a83ae16bc29a620', 0, '2016-11-28 18:56:30'),
(710, '370cd24774104ad5fa460ea18b9e557e', 0, '2016-11-28 18:59:31'),
(711, '649d3accd502a8e685ac3014a9591ad0', 0, '2016-11-28 19:12:41'),
(713, '09e0cf505551d2f3cfdd069ed9bda4ad', 0, '2016-11-28 20:53:40'),
(714, '7b74f63f4b2a066b8baf83a6c2e6e499', 0, '2016-11-28 20:55:24'),
(715, '5123f3c797848b69a9048f816474264d', 0, '2016-11-28 20:55:49'),
(716, '3d119d8347a2a555d68aaa976e9ed4e8', 0, '2016-11-28 21:10:43'),
(717, 'bef0f0aba81a24d88edd03dc3e9f9744', 0, '2016-11-28 21:16:04'),
(718, '8e54937e7fe29894c1a0e25472992330', 0, '2016-11-28 21:17:09'),
(719, '1e63fd17486d2639d30fd1faa068f8a6', 0, '2016-11-28 21:25:07'),
(720, '609a90fb664c0d0fa4834a44448df118', 0, '2016-11-28 21:29:28'),
(721, 'd712c7c4bad27a173926f8f33fd6d251', 0, '2016-11-28 21:32:19'),
(722, 'c35fe6e9019543df3ab51adb8053eb53', 0, '2016-11-28 21:35:09'),
(723, '123def850a7ab0a0e1d05f2221ef469a', 0, '2016-11-28 21:47:01'),
(724, 'b3d2f786fe76ae6f9226faa2c89b1cd6', 0, '2016-11-28 21:48:00'),
(725, 'ed573b16f9f4970089f142d50167fb44', 0, '2016-11-28 22:05:00'),
(726, '7c543562f5dd542a9015e591c258787e', 0, '2016-11-28 22:05:27'),
(727, 'ebde5f42e17816a06b56ac6d0be06c67', 0, '2016-11-28 22:05:54'),
(728, 'aa3972d97f3c08121a8799da83f97b7d', 0, '2016-11-28 22:06:02'),
(729, '09704b379cd2013489d0c75a1d99710e', 0, '2016-11-28 22:06:34'),
(730, '6944cc72d68117991a4f4f30e4b83b6e', 0, '2016-11-28 22:07:32'),
(731, 'dd11df639841110d7623817a6ebae30a', 0, '2016-11-28 22:08:34'),
(732, '0ac53126d4d5350fa5b129e1527c7356', 0, '2016-11-28 22:10:06'),
(733, '5f3528fe50ffded0d3cf86d340b8f362', 0, '2016-11-28 22:12:09'),
(734, '656ab15f678970a58a0102b3a8f1eba8', 0, '2016-11-28 22:15:24'),
(735, '63efd0e9b9501adaa491496c1cd0c6c4', 0, '2016-11-28 22:15:31'),
(736, 'b2e9e618d35361ec444cfcc133c00c00', 0, '2016-11-28 22:16:09'),
(737, '7db22cb4f7d32004b293ee37ac3a9070', 0, '2016-11-28 22:16:54'),
(738, '1713ccfbd344d3b026f27b59b204cdb1', 0, '2016-11-28 22:17:42'),
(739, '9f96bc28477f08391ae46dfc52d30855', 0, '2016-11-28 22:18:59'),
(740, 'c1615a2ee26b1ca0dfcabff90533720d', 0, '2016-11-28 22:20:32'),
(741, '2dfaff4df098c771723ef5b722f3762f', 0, '2016-11-28 22:22:35'),
(742, '452eeb8053110dc3f9fadb4bc716a977', 0, '2016-11-28 22:23:48'),
(743, '294f0cdf8bbd706d2bfbc6760d84da60', 0, '2016-11-28 22:25:37'),
(744, '8a84b1fcdd90bf9e64c1753e13ced4d1', 0, '2016-11-28 22:29:51'),
(745, '6b6f5c6425879f0db1357562aa4996b9', 0, '2016-11-28 22:32:01'),
(746, '437fa2c518ac7c9174b46726c8b1a137', 0, '2016-11-28 22:32:21'),
(747, 'a900894786de6ceab542cd6becd6c3b6', 0, '2016-11-28 22:32:26'),
(748, 'f5661d12a3153e34068fd2522fbc8fe1', 0, '2016-11-28 22:33:06'),
(749, '53bdef78384827aeccd6ff4cfb7c406f', 0, '2016-11-28 22:33:54'),
(750, '96766cc5fdd0d2462afb63bfc3adbe92', 0, '2016-11-28 22:35:12'),
(751, 'beca337ddd94eec03008e06a8eb14333', 0, '2016-11-28 22:35:28'),
(752, '1797b9f1b830fdc3ecf534306c63ed33', 0, '2016-11-28 22:35:54'),
(753, 'a295f9612c2fc5c85e21bf69fa29af26', 0, '2016-11-28 22:39:35'),
(754, '81f50b28095b99c002c95a57a4049de7', 0, '2016-11-28 22:42:26'),
(755, '11f8799a55fd74a6d554cf02571c3ade', 0, '2016-11-28 22:42:53'),
(756, '1d315cd92259382db2004d07d6b6be8b', 0, '2016-11-28 22:42:57'),
(757, 'b1d6968d646c26d5e295bfcacafa1915', 0, '2016-11-28 22:43:32'),
(758, '80fd4079e64c073fc899ed852651d775', 0, '2016-11-28 22:44:19'),
(759, '824a73ad922cb11ceb97ebdd67287317', 0, '2016-11-28 22:46:01'),
(760, '78e120d3a0bda5a7e03e38f611de5f98', 0, '2016-11-28 22:46:03'),
(761, '788b6adb402ce9c8a8b543849c94e495', 0, '2016-11-28 22:47:35'),
(762, 'e9b834208094be9cad931933591283fd', 0, '2016-11-28 22:47:36'),
(763, '17a2153014ae6ef243b60b55868cbb47', 0, '2016-11-28 22:47:37'),
(764, '351ae25a1cad815d13f168c971051d5c', 0, '2016-11-28 22:48:06'),
(765, '1f199774a81867f962dd5fd0a1db56b6', 0, '2016-11-28 22:50:00'),
(766, 'ab960bfe5727f27e0c16eb91b4d05658', 0, '2016-11-28 22:50:20'),
(767, '4172e24e8eb6b9ae021c8ebc307f026e', 0, '2016-11-28 22:51:09'),
(768, 'f8ffe75f64a6bddcbdd5be37d418e1ee', 0, '2016-11-28 22:54:28'),
(769, '13ba6741de81e46e42ca380f2f56c5ad', 0, '2016-11-28 22:55:11'),
(770, '38817fca180b2ec653cce185742df72d', 0, '2016-11-28 22:58:02'),
(771, 'b0e7b99fbeeb420bf89a0e0d9335578d', 0, '2016-11-28 23:00:24'),
(772, '521ff89c52aa644ccc70dbe406d85831', 0, '2016-11-28 23:06:26'),
(773, '04e6284403c8e7272229d52050b65ca9', 0, '2016-11-28 23:07:04'),
(774, 'b5f263b9007aecd31f3d855f4e2e6d96', 0, '2016-11-28 23:13:28'),
(775, '23d1cd4d0d436c76144426e1baf82aaf', 0, '2016-11-28 23:13:46'),
(776, '6bb789e9be7eca6a93ba4a106d30fbaa', 0, '2016-11-28 23:13:46'),
(777, 'e605bdf94d58fca59bf1793682ef35e8', 0, '2016-11-28 23:14:21'),
(778, '896d6ef18020ac3788808a1dac7a71cd', 0, '2016-11-28 23:14:56'),
(779, '34f1f981d60b435ef1b1811bde6e2b78', 0, '2016-11-28 23:15:41'),
(780, '3196a6fc03a0888a3ba8bbf9ffab05b8', 0, '2016-11-28 23:16:27'),
(781, 'f255c68d6755bdcf4d02c2115b9b15a5', 0, '2016-11-28 23:17:41'),
(782, 'a5861d0c06f180f5909d2d1afd14671e', 0, '2016-11-28 23:19:12'),
(783, '3beb5e62ac6eba13cc69d0303b036daf', 0, '2016-11-28 23:20:48'),
(784, 'a73414e66d8849b30c9cf51c1e980559', 0, '2016-11-28 23:21:14'),
(785, 'cfcfe028fb252cb031efc36a535fe796', 0, '2016-11-28 23:24:16'),
(786, '1342b7d9591ae21ab346cc8a34660c9b', 0, '2016-11-28 23:28:32'),
(787, 'a71cfdfe359f517d64292ff49e06a8bb', 0, '2016-11-28 23:28:50'),
(788, 'd0fd687cc87d952cfa5ba9ec835a5c63', 0, '2016-11-28 23:32:24'),
(789, 'b20c508b76a574f72ab3da12f41209dc', 0, '2016-11-28 23:33:34'),
(790, '05d34615451c8b205d34596ca55655ca', 0, '2016-11-28 23:37:51'),
(791, '2450bff57320de081de471957d97571f', 0, '2016-11-28 23:39:36'),
(792, '1be066144fde6f63ab9b0123eb752fd3', 0, '2016-11-28 23:46:38'),
(793, '8c9eeefb8f44aceeaf2838833647cf6a', 0, '2016-11-28 23:47:53'),
(794, 'ea74bfbfd9f658d080f5b0fe5593008f', 0, '2016-11-28 23:54:40'),
(795, 'a3bc74c4dcdd42cc6febebf93b88ed86', 0, '2016-11-29 00:01:05'),
(796, '02936554e575ecc55ef5175dcb7a16ac', 0, '2016-11-29 00:03:42'),
(797, '1196525e9fcc02bf30b6a60b0d17c8d2', 0, '2016-11-29 00:14:46'),
(798, '342d3795258655ca0cc1a0a1905633d3', 0, '2016-11-29 00:15:22'),
(799, 'eddcdc32a9d5c97aa220329946ac53ac', 0, '2016-11-29 00:16:07'),
(800, 'e57075041fdfddd072d3627a8a3ffe5a', 0, '2016-11-29 00:16:54'),
(801, '46ab8d0964f2faf2703dd90d111def93', 0, '2016-11-29 00:17:40'),
(802, '5b107b98d0317a4f3b51d1619f47efd4', 0, '2016-11-29 00:18:02'),
(803, 'e692646e68ddc02be2aaa48dade2f245', 0, '2016-11-29 00:18:07'),
(804, '991711f23325e17fa9d18d46edda19a0', 0, '2016-11-29 00:18:32'),
(805, '47bfa27a4e0702791f7f04ecc5dc9a70', 0, '2016-11-29 00:19:04'),
(806, 'a290ab713ad6d8ceb691d820c16c3b5f', 0, '2016-11-29 00:19:39'),
(807, 'dd410ca921c15b0ecdb69d89bef5f1ea', 0, '2016-11-29 00:20:03'),
(808, '8767ef27333b23f2bb79e7762949297e', 0, '2016-11-29 00:21:04'),
(809, '9ecc4f65402e785c54b456ea2eaadc8b', 0, '2016-11-29 00:21:41'),
(810, '31aee35c8a79c0e05ec5a211b5292047', 0, '2016-11-29 00:22:36'),
(811, '9613290bfac8c542d068f2a975cfa798', 0, '2016-11-29 00:26:47'),
(812, '11fa7856478c54f238c27091b3fd2fb4', 0, '2016-11-29 00:27:13'),
(813, 'd7f039d2db1647a641c1c5135bbd8886', 0, '2016-11-29 00:27:43'),
(814, '81687653b2c866292cea454bc937f7cc', 0, '2016-11-29 00:28:15'),
(815, '6e95a7847f04fd3c23e3790c3e2be2bd', 0, '2016-11-29 00:29:14'),
(816, '60d5a2b018305ca513a20747b27a811e', 0, '2016-11-29 00:30:15'),
(817, '4981b5ede037bbd72c2bdc067fe4b001', 0, '2016-11-29 00:31:47'),
(818, '127aa12d7f95af68fcdb93f291b933f2', 0, '2016-11-29 00:32:26'),
(819, 'cc50ed327160fc96dfc2592d00a28977', 0, '2016-11-29 00:32:58'),
(820, '0a9104a2c53f862c6f973dcbffa2dd5a', 0, '2016-11-29 00:33:34'),
(821, '196341e4c395431dcc4157a03d8c5a42', 0, '2016-11-29 00:34:19'),
(822, 'fe2f78f3c7e72c346ab6093ff5492f22', 0, '2016-11-29 00:35:06'),
(823, '93ccc07e5867181521b0922ba033ec8c', 0, '2016-11-29 00:35:53'),
(824, '91e932c266efb9d21b2bf634ac89f847', 0, '2016-11-29 00:36:19'),
(825, 'bedcb01b5739a800980e81b2c99aeecb', 0, '2016-11-29 00:36:29'),
(826, '9f428fab45837faaa95e1c842685c4e3', 0, '2016-11-29 00:37:15'),
(827, 'b48b9ecd5328b08e9c8d747d31cd142d', 0, '2016-11-29 00:37:51'),
(828, '0da1fd3a2e40ffa1dd62e765d17b50ff', 0, '2016-11-29 00:38:01'),
(829, '469b78f44f3d777902ac50cf615378bf', 0, '2016-11-29 00:39:15'),
(830, '73d6a5cc396119c78314cb860a5f7492', 0, '2016-11-29 00:39:53'),
(831, '9a6411023c6961142c4c142299a768b9', 0, '2016-11-29 00:40:47'),
(832, 'f7cf2fb7df14757d0c8cfdc259e5e0d0', 0, '2016-11-29 00:42:48'),
(833, '627f4b2f4009c9cc5bc51500a9a9146e', 0, '2016-11-29 00:42:59'),
(834, '41a48f7917cfbb3c39f3ad705ab77ef4', 0, '2016-11-29 00:43:35'),
(835, 'bf356d5a9d50390dbad96920c67a7e8e', 0, '2016-11-29 00:44:20'),
(836, '1d9dfb805e364da1d042188023637485', 0, '2016-11-29 00:45:07'),
(837, 'ceb3504f8cd108c202214d90cd063222', 0, '2016-11-29 00:45:50'),
(838, '7b887ab02b031f4dd71ec02ecf2e3fae', 0, '2016-11-29 00:46:21'),
(839, 'e8d653700d6cf47790150152cc31fde4', 0, '2016-11-29 00:46:34'),
(840, '925054ac00cf1b865166cf1d758c2cef', 0, '2016-11-29 00:47:53'),
(841, 'aa6463e62f9084811e7cfd8d1b0cef1a', 0, '2016-11-29 00:49:54'),
(842, 'a93355d59f2878607c2fcc2b4aa74610', 0, '2016-11-29 00:50:06'),
(843, '75c52d901ff971a60ba138a086e28ce7', 0, '2016-11-29 00:52:56'),
(844, '053bca22889fc15cfba3543878ddcf06', 0, '2016-11-29 00:53:24'),
(845, '097eca39d212b3489973bd11aa3ef223', 0, '2016-11-29 00:53:47'),
(846, '47b1f0e63c40fffd0cb544daba89e6c4', 0, '2016-11-29 00:54:17'),
(847, 'd8285217d7f47f78a3c6e576c7d94591', 0, '2016-11-29 00:54:49'),
(848, '04f736f087fcc43d093bafa1f02b1bfd', 0, '2016-11-29 00:55:08'),
(849, '7c7e3a10ff16e0b69430faafe310f228', 0, '2016-11-29 00:55:47'),
(850, '7c43fb670f31d0ce4e91a17dfc536e37', 0, '2016-11-29 00:56:36'),
(851, 'c705224df4f08426b615672c8dffa762', 0, '2016-11-29 00:56:49'),
(852, 'e2df2b28f80173c8abebfbd470fc5253', 0, '2016-11-29 00:58:21'),
(853, 'dc2150e11871e9781451c95ea46c830b', 0, '2016-11-29 01:00:22'),
(854, '349371b4b3e02a284640648a9672beec', 0, '2016-11-29 01:01:10'),
(855, 'e8a4a7ea2a3b9e194447bc133e5adbe3', 0, '2016-11-29 01:03:38'),
(856, '7737dad0a3b7a8d401ef7311e0e1a276', 0, '2016-11-29 01:06:37'),
(857, '39ad74400aba1f5f3613e9ea229dc1d4', 0, '2016-11-29 01:06:44'),
(858, '5a578846c4e0de462f619bd2d773f95b', 0, '2016-11-29 01:07:18'),
(859, '296cd08a1b7310218fa3955e111e46d3', 0, '2016-11-29 01:08:03'),
(860, '61a6ef20e9b9fa330ce459e95f651d81', 0, '2016-11-29 01:08:11'),
(861, '0ea93826910be87097c40920a255f5c3', 0, '2016-11-29 01:08:50'),
(862, '98b8e819b0b266924b4009cb68a5de5c', 0, '2016-11-29 01:10:04'),
(863, '508bb867afd2a8fe73763a3e33077e1c', 0, '2016-11-29 01:11:36'),
(864, '4f1a46c5059efcd5608143e21ebb5601', 0, '2016-11-29 01:13:38'),
(865, '04c97c7e7602615aec8c850a8a7ddeb2', 0, '2016-11-29 01:16:13'),
(866, '692bbf7e368267cc12ab14a6e3d8afb1', 0, '2016-11-29 01:16:39'),
(867, 'dc00e5e10c37734ffd47228a17d441f8', 0, '2016-11-29 01:25:15'),
(868, '526ee93d99594398665c238f5231d87c', 0, '2016-11-29 01:25:27'),
(869, 'c1c2af576c7ff85c1d26f56559d5fd7c', 0, '2016-11-29 01:26:01'),
(870, '1f29931adea99264a5e53165364f1f53', 0, '2016-11-29 01:26:41'),
(871, '0011e93ca7df6b267f11ee1d6ac32e7d', 0, '2016-11-29 01:26:46'),
(872, '824ea7bf060a05c0c47a3cc65744cfb6', 0, '2016-11-29 01:27:32'),
(873, 'bed2bfa714bec60a3771f5e858ac6621', 0, '2016-11-29 01:28:11'),
(874, '960ea42cefd51c0030edace37f60c9ea', 0, '2016-11-29 01:28:46'),
(875, '4e600849b157d58da348170b772b82bf', 0, '2016-11-29 01:30:17'),
(876, '19848d323100da035df4f993ade59271', 0, '2016-11-29 01:32:19'),
(877, '4fae036725838ea4b369908177c6a019', 0, '2016-11-29 01:35:21'),
(878, 'ba940f70af63d8b53376e1b7ddf030c2', 0, '2016-11-29 01:36:43'),
(879, '048c8fc3c6adec6ca60f762fbdba47ba', 0, '2016-11-29 01:36:44'),
(880, 'aeb30bd2fa202bd99f967f39d4b9284f', 0, '2016-11-29 01:37:17'),
(881, '15e4abcfebb62ca278cd239cd5d717fd', 0, '2016-11-29 01:38:02'),
(882, '980e1b47732d153fb880a498dddb43c9', 0, '2016-11-29 01:38:48'),
(883, 'f89558cd81d8983494797a72dba349e4', 0, '2016-11-29 01:39:14'),
(884, '01232b77bc715c61d882db00be55df2c', 0, '2016-11-29 01:39:47'),
(885, '417b6ee5c5165f42663d72ab2a0d633f', 0, '2016-11-29 01:40:02'),
(886, '3393bac874b2b6395af4be5a86d6986b', 0, '2016-11-29 01:40:32'),
(887, '2bfd09c80d8085d65ac0fe7277afd0f7', 0, '2016-11-29 01:41:19'),
(888, 'f0dc33bde49b57b55ba8f475faca759c', 0, '2016-11-29 01:41:34'),
(889, '2803ab478939c07714b51bb653476f25', 0, '2016-11-29 01:42:32'),
(890, '4064c425acb628f6401546e20e643708', 0, '2016-11-29 01:43:36'),
(891, '468f5cad9a8d5eec72f37ecce83bc3de', 0, '2016-11-29 01:44:04'),
(892, '86fa39adf48f01a89671ff85e1d9f649', 0, '2016-11-29 01:46:06'),
(893, '8c75a1bf62e7deaf4b23c3046b178e0e', 0, '2016-11-29 01:46:38'),
(894, 'f11a744411fe5726d6a9f8c3d1c49381', 0, '2016-11-29 01:46:45'),
(895, 'a9dd029b767bcb50fab4b9bec5ef4d3d', 0, '2016-11-29 01:47:01'),
(896, '5cb7feea5b3b488e1ce212d6ba4f4aa4', 0, '2016-11-29 01:47:38'),
(897, 'a6848c604f27ff0452830204e0d06803', 0, '2016-11-29 01:48:23'),
(898, '10eeb82fe8141b87253440ef2a1474b5', 0, '2016-11-29 01:49:10'),
(899, '77041853ae79735edad5c83ecea89e4c', 0, '2016-11-29 01:50:23'),
(900, 'd3d7d48c4b3fe2ff49f0195383d13fa4', 0, '2016-11-29 01:51:55'),
(901, 'ce0e4565dd0b9b609732f976db3b172e', 0, '2016-11-29 01:52:58'),
(902, '260561c642315bc6871406dcc32de6f0', 0, '2016-11-29 01:53:24'),
(903, 'cf3867914c3544f237aed745648713a0', 0, '2016-11-29 01:53:54'),
(904, '18479e4e3adac383298bd2c9d6841601', 0, '2016-11-29 01:53:57'),
(905, 'c55059dcbde3ea5db1235ace731f5b04', 0, '2016-11-29 01:54:26'),
(906, '8ca0f817f76fad13e0c5a8f86fb96aa6', 0, '2016-11-29 01:55:24'),
(907, '3d1fc8967d4a9351a83bb2a69507ab2a', 0, '2016-11-29 01:56:27'),
(908, '2c0e5c9ca7763ff9bfc34614e8f29901', 0, '2016-11-29 01:56:47'),
(909, 'f014dec100c619eb248bbb4970ea322d', 0, '2016-11-29 01:56:59'),
(910, '40b20b5b4bf902358898beb7920ccf9a', 0, '2016-11-29 02:00:44'),
(911, 'f7ec7237b38e8e610e6baf9786d9813e', 0, '2016-11-29 02:01:20'),
(912, 'a71374b28c865b6b822d91b802ca663d', 0, '2016-11-29 02:02:05'),
(913, '7741c557240ff7363f1333881a224c9c', 0, '2016-11-29 02:02:52'),
(914, '9af6cc24088f361b293545956bb0b7ef', 0, '2016-11-29 02:04:05'),
(915, 'ef0c882e163dd6537c48745e3e330c39', 0, '2016-11-29 02:05:37'),
(916, '5c4a10ed82b3f16875b8e724a704e5da', 0, '2016-11-29 02:06:45'),
(917, '4c489899a6f54c38872605c474e3de24', 0, '2016-11-29 02:06:49'),
(918, '08d4a64dfee44592254e40cff4f6f410', 0, '2016-11-29 02:07:21'),
(919, '100339be4bb09d0f405ad4d03671d719', 0, '2016-11-29 02:07:39'),
(920, '953d183cd403bd48fd756bb1cb8547fc', 0, '2016-11-29 02:08:06'),
(921, '273a8eea5a136889f54090be3b71a4c4', 0, '2016-11-29 02:08:53'),
(922, '9d8639b1d50a1159856794bb69918e63', 0, '2016-11-29 02:10:06'),
(923, '9eca11149d0bf5717c646cdb16a3383f', 0, '2016-11-29 02:10:41'),
(924, 'a1b858268cfd5c82b706acc151af6786', 0, '2016-11-29 02:11:38'),
(925, '7637dce03c6b1f4f8d2e4e510125fddb', 0, '2016-11-29 02:13:39'),
(926, '3023e3dbf4ac7e6b4939a7459b580d50', 0, '2016-11-29 02:14:56'),
(927, 'a6fda6078860dca1a0235242a77392b9', 0, '2016-11-29 02:16:41'),
(928, '7c164c76b697ddd7f4a6afe803cf311c', 0, '2016-11-29 02:16:51'),
(929, '6f99fbbf17b0d8ab3fc4d1696b8f2698', 0, '2016-11-29 02:19:58'),
(930, 'd1fafc8ad18567acca916c55fa7cc140', 0, '2016-11-29 02:26:00'),
(931, 'd173acd6bd5ddffbd7a4aefcf3fce9d9', 0, '2016-11-29 02:26:44'),
(932, 'f0021d07f5f4570ce58246df2a9c1e51', 0, '2016-11-29 02:26:52'),
(933, '3c0bbf04805bfad938c4a5f95e11e2b6', 0, '2016-11-29 02:27:18'),
(934, '31ee68bf96d1da6156123333ed98e3a8', 0, '2016-11-29 02:28:03'),
(935, 'f072e91fa11f2bb6d39b3d42f5029db3', 0, '2016-11-29 02:28:50'),
(936, '3ba4b23db693c06c09ed84f308171333', 0, '2016-11-29 02:30:03'),
(937, '900a6ca36cac7fff0e212006079eea16', 0, '2016-11-29 02:31:35'),
(938, '87e44a6900cd79ee969a252a085a6f0b', 0, '2016-11-29 02:33:02'),
(939, '3e9c1c3b94920f408ab9187f27164af0', 0, '2016-11-29 02:33:37'),
(940, '4c5171621c06944f757a0e7566e7a421', 0, '2016-11-29 02:36:38'),
(941, '48d5badd45c1aabf3ec996cc4a8f9a91', 0, '2016-11-29 02:36:54'),
(942, '7c180c25f7265c5335c6ce7c6565f9e4', 0, '2016-11-29 02:41:04'),
(943, '8665c4ca00c09a65d5d80fe758747eb7', 0, '2016-11-29 02:46:56'),
(944, 'c14177c89b99d554d55fd962592620e6', 0, '2016-11-29 02:50:05'),
(945, 'ba61343049a02c59cac876adf891c22f', 0, '2016-11-29 02:54:48'),
(946, '79191c137b9f18d64412430d95bc1ff8', 0, '2016-11-29 02:55:21'),
(947, '6ef92e8057b0a30580b7b3b31f89ff01', 0, '2016-11-29 02:55:46'),
(948, '8625de06af23d9545da930c02db98b19', 0, '2016-11-29 02:56:06'),
(949, 'a28d3eb8972727eae81dd78e88964e4f', 0, '2016-11-29 02:56:21'),
(950, '2fee5fdaceff1e16db02f4f93098444b', 0, '2016-11-29 02:56:52'),
(951, '5eb5fba0d8c01bb99f148e66f6913b4e', 0, '2016-11-29 02:56:58'),
(952, '5d91aef672059361d4d81c24ec2766f8', 0, '2016-11-29 02:57:06'),
(953, '58da0a8bd3f95242abfcb40b8ffb44fb', 0, '2016-11-29 02:57:53'),
(954, '809541ce8ef67d6d3d84f650eb4e93fd', 0, '2016-11-29 02:58:11'),
(955, 'c06aefc7350540e44d6b82324ccca1c3', 0, '2016-11-29 02:59:16'),
(956, '234f82d9c63d89c5703787ba7728396e', 0, '2016-11-29 02:59:43'),
(957, '4c016b99009c766444f678e178670f31', 0, '2016-11-29 03:00:48'),
(958, '10fbf531faf87d6d1813834eb3debb93', 0, '2016-11-29 03:01:44'),
(959, '686759aaf042cfefaaac57ebe7a859f6', 0, '2016-11-29 03:02:50'),
(960, '4fa1abcaaa87033534e55bad5dcecb74', 0, '2016-11-29 03:04:46'),
(961, 'ae945a7bf9bdc89f0b3ff5b29fdb0913', 0, '2016-11-29 03:05:51'),
(962, 'b56bac1e99751adefa76097926d28808', 0, '2016-11-29 03:06:59'),
(963, '2cde74c20535532d3ba04c3413946369', 0, '2016-11-29 03:07:01'),
(964, 'c1161b2d59af8ec32ea7ddca208b43c2', 0, '2016-11-29 03:07:02'),
(965, 'c70a2a8a1f75fe83abd353e82cc8f996', 0, '2016-11-29 03:07:37'),
(966, 'c70a2a8a1f75fe83abd353e82cc8f996', 0, '2016-11-29 03:07:37'),
(967, 'a0669dda53e7747b17c2ff72b6b480b6', 0, '2016-11-29 03:08:22'),
(968, 'a0669dda53e7747b17c2ff72b6b480b6', 0, '2016-11-29 03:08:22'),
(969, 'd1d4f29345bb323fed87546c7e74f3cb', 0, '2016-11-29 03:09:09'),
(970, 'd1d4f29345bb323fed87546c7e74f3cb', 0, '2016-11-29 03:09:09'),
(971, '1679c95742a3a8ff9a120c9bc3d03847', 0, '2016-11-29 03:10:22'),
(972, '1679c95742a3a8ff9a120c9bc3d03847', 0, '2016-11-29 03:10:22'),
(973, '99bdf208690496e620e70839c4bfbc0e', 0, '2016-11-29 03:11:54'),
(974, '99bdf208690496e620e70839c4bfbc0e', 0, '2016-11-29 03:11:54'),
(975, '73a7ffc079fbf0e47e555f3015018ae4', 0, '2016-11-29 03:13:56'),
(976, '8b394263f0f1552cc9ef2a379067acd4', 0, '2016-11-29 03:13:56'),
(977, 'c78b58be2bbed0517a651818bb047836', 0, '2016-11-29 03:16:58'),
(978, 'c78b58be2bbed0517a651818bb047836', 0, '2016-11-29 03:16:58'),
(979, '273b971ebe64af89ba4213b9dd02c25a', 0, '2016-11-29 03:17:01'),
(980, '9bb68e310152eae80fc1c26632f85793', 0, '2016-11-29 03:17:14'),
(981, 'aec6d7855f025875c8a284a91caff107', 0, '2016-11-29 03:17:48'),
(982, '588d3b3e402370422347baefe9686bc8', 0, '2016-11-29 03:18:33'),
(983, 'f1a3da0bf62a9db43c04fcd85e5d80a9', 0, '2016-11-29 03:19:20'),
(984, '6403896e846cf65aa0f419da214b206b', 0, '2016-11-29 03:20:33'),
(985, '1d3da2eba578b832457967d65d8a239b', 0, '2016-11-29 03:21:13'),
(986, 'f65e19db58a7c810595ef9e612750d8b', 0, '2016-11-29 03:22:05'),
(987, '81f191fb52325d74beed05c786d08380', 0, '2016-11-29 03:24:07'),
(988, '94926dd6e135ebd19531cd6f7de0ae7c', 0, '2016-11-29 03:26:15'),
(989, '6379f0feae3b0d2296158a11d28292de', 0, '2016-11-29 03:27:03'),
(990, '5ce12eb4e9a6bfbaf768eff8e50a8d56', 0, '2016-11-29 03:27:08');
INSERT INTO `basket` (`id`, `sessionId`, `customerId`, `createTime`) VALUES
(991, '611bcc42311e797bf467d28fe1af190f', 0, '2016-11-29 03:31:25'),
(992, '8d5f6a5c6119132156cdb5b7aeee582e', 0, '2016-11-29 03:32:17'),
(993, '044e4836571114d422e50b2f94d88a65', 0, '2016-11-29 03:36:26'),
(994, 'd95425be8bf5656a9f1aed979026aeb7', 0, '2016-11-29 03:37:04'),
(995, '69013da4a84776229db7754fd951a1cf', 0, '2016-11-29 03:42:28'),
(996, 'b36c9a3520ad312fc251351c30122497', 0, '2016-11-29 03:47:06'),
(997, '569f8dc4d05bf150860bc14f9dd627af', 0, '2016-11-29 03:49:30'),
(998, '169a7c3048436fcd2b5a595847cfa112', 0, '2016-11-29 03:50:16'),
(999, 'a063cdf7c2907f5dac288054de914c65', 0, '2016-11-29 03:50:52'),
(1000, 'c3393f8e76b62ed248059bec211858d7', 0, '2016-11-29 03:51:37'),
(1001, 'de74d8fada83fb87db7be3023832a842', 0, '2016-11-29 03:52:23'),
(1002, '18da41d902872753db289e6bc4b77408', 0, '2016-11-29 03:53:37'),
(1003, '582e5547222abaf3e2c08d20b3ab463b', 0, '2016-11-29 03:55:09'),
(1004, 'bc9434b83cd1651e7196d66baad79bdc', 0, '2016-11-29 03:57:08'),
(1005, 'b500d726ca6b3cd6dd4d1a26a0f90e09', 0, '2016-11-29 03:57:31'),
(1006, 'dfd7075a37416918dc751c0803e777bc', 0, '2016-11-29 03:59:18'),
(1007, '933000e9000335c5b30ca4176f8190f4', 0, '2016-11-29 03:59:53'),
(1008, 'a55f0a7dbabb3e92a479e065be854659', 0, '2016-11-29 04:00:38'),
(1009, '70cbc042f384866c1a5d85dd844bd800', 0, '2016-11-29 04:01:24'),
(1010, '4a69e4fdc51c643d11c8a3b0424acb09', 0, '2016-11-29 04:02:38'),
(1011, '7bf95ffc577912f0fe1d55fb5e292449', 0, '2016-11-29 04:04:10'),
(1012, '5cc850a5cbb3a91bfe18a55f9f595614', 0, '2016-11-29 04:06:01'),
(1013, '86c351f540c8ac4b2a755138c796af78', 0, '2016-11-29 04:06:33'),
(1014, '9971e5516dd8da644a72cfe0b304b1fd', 0, '2016-11-29 04:07:11'),
(1015, 'e58c4bcbe9d89803cd1ab1ae2966a4b2', 0, '2016-11-29 04:07:19'),
(1016, '634382d9a66ab6bca64bcb68f9be929d', 0, '2016-11-29 04:08:05'),
(1017, '6b1af786c03a41a27c91926184a666ca', 0, '2016-11-29 04:09:29'),
(1018, 'da809aec8fe830327d249dcb2c6af38f', 0, '2016-11-29 04:11:01'),
(1019, '711e849f56dcd81642e3a58eb9d4807e', 0, '2016-11-29 04:13:02'),
(1020, 'bae5b0c8c49a6dee6095675d48d8abb8', 0, '2016-11-29 04:15:35'),
(1021, '6055a88579b450aab2293484d2a21207', 0, '2016-11-29 04:16:04'),
(1022, 'a018947d94e3ecae19068fa7a3195f1f', 0, '2016-11-29 04:16:10'),
(1023, 'f763c51180c3d1e350d360193e8cef9d', 0, '2016-11-29 04:16:55'),
(1024, 'a7d70d22b2821421888a0e50afb04c61', 0, '2016-11-29 04:17:12'),
(1025, 'd429b9b7bf4b6db4b12994e563fc87d0', 0, '2016-11-29 04:17:41'),
(1026, 'b2280084a193650bd1587d6b0c9c9e33', 0, '2016-11-29 04:18:55'),
(1027, '499ad04d9cc792ea1249bea6d297d59a', 0, '2016-11-29 04:20:20'),
(1028, '23a2d2853810a9be46fb9d84f68884f6', 0, '2016-11-29 04:20:27'),
(1029, '38faadc114f97a4bfd3fb7c4b9f2e3e9', 0, '2016-11-29 04:22:28'),
(1030, 'c044cea8e01bd4f829221376d0c1500b', 0, '2016-11-29 04:25:22'),
(1031, '5c68a44558d4680a96e3e04b03c7ae1d', 0, '2016-11-29 04:25:30'),
(1032, 'b8fe56bb3bf39788e5f6133106d4d1e5', 0, '2016-11-29 04:27:14'),
(1033, '1bed219a18a778075c8935b0bb8a48e7', 0, '2016-11-29 04:29:46'),
(1034, '4483b8cd7104baf97585d2ea95920341', 0, '2016-11-29 04:31:24'),
(1035, 'fd13f485220e5e3b3d9981915a8dda92', 0, '2016-11-29 04:34:48'),
(1036, '244eaedbb06836924ea8345161cb2d6a', 0, '2016-11-29 04:37:16'),
(1037, '13e56189760d57a108c5a696da888601', 0, '2016-11-29 04:59:07'),
(1038, '74c2ec93088c43168f97ac23c7c22f66', 0, '2016-11-29 05:50:33'),
(1039, '496dc2b6cd5813044ac25a0b1ebd7cd5', 0, '2016-11-29 08:29:33'),
(1040, '52133db845af90bcbe57d1126bf4029c', 0, '2016-11-29 08:31:26'),
(1041, 'bd433fc9458fb3d7369b18ffd685e4ee', 0, '2016-11-29 11:48:22'),
(1042, '2cd850d2e23eab3d51b541b22b4c2882', 0, '2016-11-29 12:59:52'),
(1043, '00812a937e619cf39014381c3d6d89f9', 0, '2016-11-29 12:59:56'),
(1044, '5297f8f97f026e0cb2d12f75d162ebe8', 0, '2016-11-29 14:18:39'),
(1045, '5b0523a931a5883fddd3f6766edf2b4f', 0, '2016-11-29 16:33:29'),
(1046, '90c85cfe3bfcb75067a8a4afff0ce74a', 0, '2016-11-29 17:27:51'),
(1047, '1c9bc321ab5c7020d2795e0d8bd2863a', 0, '2016-11-29 17:28:49'),
(1048, '29c31a87d683797554c78d55c12d09f4', 0, '2016-11-29 17:39:01'),
(1049, '6e2df5e9374c3baaeddb931b4983702c', 0, '2016-11-29 19:10:46'),
(1050, '9b77c285c574bb47789b1399e20caa7e', 0, '2016-11-29 19:44:48'),
(1051, '9a0d22451f3f72d090b0f44849756604', 0, '2016-11-29 20:38:00'),
(1052, '51a3bd485689d1ba62b854d5ba571e16', 0, '2016-11-29 22:24:40'),
(1053, 'c6f339d30c93b119702ad6c204a6fa4f', 0, '2016-11-29 22:24:44'),
(1054, 'd9926d888224b3f0aa213bc0bd6dc84d', 0, '2016-11-29 22:24:46'),
(1055, 'b9dc2a56f414b18de41d262befa709bb', 0, '2016-11-29 23:37:29'),
(1056, 'b4b198bd86a7771b6e3bb7501ac0c424', 0, '2016-11-30 00:01:09'),
(1057, '1ef89c7cb244a28b937fe33d99781e4e', 0, '2016-11-30 00:04:13'),
(1058, '8ff6176706f0f6d9ebd06d7aa5aa62e0', 0, '2016-11-30 00:36:01'),
(1059, 'ad022e7c396be0ac765530b55dedfed0', 0, '2016-11-30 00:36:05'),
(1060, '695d1df9629e5a6e22a83eb416ffc068', 0, '2016-11-30 02:41:25'),
(1061, '3ca7449aac39300ba37235bcf6da7bf7', 0, '2016-11-30 02:49:26'),
(1062, 'dd65887dc4868fca3c3de818944f87d6', 0, '2016-11-30 04:30:59'),
(1063, 'f20752e72e4e92aa0c8539c504facce4', 0, '2016-11-30 04:42:52'),
(1064, 'd2b80f3ad8001dcedc675d8f270b5c40', 0, '2016-11-30 04:54:23'),
(1065, '43b4724cb88ce6f98f1ff0a353138f94', 0, '2016-11-30 12:09:26'),
(1066, 'dc937c114d53f234e574ca178ab12bd0', 0, '2016-11-30 12:09:33'),
(1067, '2bd0b2a436a0c3d7c2cfa5c0486d0789', 0, '2016-11-30 16:27:04'),
(1068, '06ba66ff512616a5d75b4680171c3e5d', 0, '2016-11-30 18:01:58'),
(1069, 'd39baa46512d20f89478178b1ac18f8a', 0, '2016-11-30 18:02:37'),
(1070, 'b4d27ad832de1b0a37e5d8fe0f600fba', 0, '2016-11-30 18:02:44'),
(1071, '52969f316b3437845c590c6c30c7676a', 0, '2016-11-30 19:09:38'),
(1072, '8e67049cacd9f8a9ae1bda489155eb57', 0, '2016-11-30 19:14:03'),
(1073, '831442a1bb32fa5cb1f1623a1bd6fb18', 0, '2016-11-30 19:37:33'),
(1074, '925cdc098b73702d8adc4da62fac42ac', 0, '2016-11-30 20:06:41'),
(1075, 'b3e27008338b558a5123a32e24e1e4ad', 0, '2016-11-30 21:18:36'),
(1076, '4817694310ea8c8a20f19c95031b548d', 0, '2016-11-30 21:18:39'),
(1077, '44fb49f8a14ea53667adb610e788b6a2', 0, '2016-11-30 21:46:42'),
(1078, '61cd135632b60a9dd73cddd87a1e5415', 0, '2016-11-30 22:02:24'),
(1079, '273e896096938d1d7fd45fcea0fdf526', 0, '2016-11-30 22:02:29'),
(1080, '64db631caaa11e2db577134b2b6d2ee2', 0, '2016-11-30 22:07:53'),
(1081, '571b6e23a7ef9a1f177909ec8e38e395', 0, '2016-11-30 22:09:59'),
(1082, '3d01f6bf30057da09de4d58deb5af0ff', 0, '2016-11-30 22:49:30'),
(1083, '0b3939907af1aef5623b392747dd877f', 0, '2016-12-01 00:11:29'),
(1084, '164a07a8b87c9da84c41683a6cba5cd9', 0, '2016-12-01 00:39:32'),
(1085, '9b4726b7333c732d4db27cb87a054af1', 0, '2016-12-01 00:39:37'),
(1086, '695737a5ccee2ed626f44e14243c034f', 0, '2016-12-01 00:39:39'),
(1087, 'dc1ecd43365abfbb9d6022b868b4c087', 0, '2016-12-01 03:37:20'),
(1088, 'ee8f65def5d558f38322b1d000ea1231', 0, '2016-12-01 03:38:18'),
(1089, '7897581901f937f83a9bca8d8de7472f', 0, '2016-12-01 03:38:36'),
(1090, '26e2f597bc62ec0185fbb41006f9591d', 0, '2016-12-01 03:39:35'),
(1091, 'be0d481ec0160a128701dca4f3e4ee5a', 0, '2016-12-01 04:08:17'),
(1092, '88d70605f48b165466d44ff6857f7e04', 0, '2016-12-01 04:12:47'),
(1093, '633e2f972e4e298e9baadc28b3d000c5', 0, '2016-12-01 04:12:49'),
(1094, 'f2141ffeee9e5c93e188929143bb68fb', 0, '2016-12-01 04:12:50'),
(1095, 'fae5f68a17ee4973c289aabf64b3558f', 0, '2016-12-01 04:12:51'),
(1096, '372a1187227c0346bfee0507cc3b0aa9', 0, '2016-12-01 04:34:57'),
(1097, '96586d142acd7ae744db5bc427d6c01c', 0, '2016-12-01 04:35:25'),
(1098, '7f629bf7caa56c4ad2d635f74deef303', 0, '2016-12-01 05:04:24'),
(1099, '432745ecb506bc78b248a97418f5f25b', 0, '2016-12-01 05:44:38'),
(1100, 'bc7e95f8e9228a6d20e40a549f74be04', 0, '2016-12-01 05:44:39'),
(1101, '25824b7405372fc8013bc9b39133a1a7', 0, '2016-12-01 05:51:50'),
(1102, 'da72da0858a5b4baa9fc177455644a35', 0, '2016-12-01 05:51:54'),
(1103, '73bb12cbb22d372cf5c70090444c421e', 0, '2016-12-01 06:53:39'),
(1104, '83353bc38ed584527bd2ab24672a5a25', 0, '2016-12-01 07:14:31'),
(1105, '2a39ad6e439ef7611c710ad0f09ec8dc', 0, '2016-12-01 07:14:34'),
(1106, '56beb7ac8efe2dd70629b2b3cc602b01', 0, '2016-12-01 07:14:35'),
(1107, 'fb4f8cfef8328a1b9c2558724ae38624', 0, '2016-12-01 07:14:38'),
(1108, '899347f2a30448535e332c78b134575e', 0, '2016-12-01 07:14:40'),
(1109, 'df4d586513b8882e65b50cec6f0c5a51', 0, '2016-12-01 07:14:43'),
(1110, 'e84800fa4979440f5413ae2403badedf', 0, '2016-12-01 07:14:45'),
(1111, '408f790c1db563c49b3a272236ddb27a', 0, '2016-12-01 07:14:47'),
(1112, 'a9ca2781a4bdbbf3d9c3ffa7a173a1f1', 0, '2016-12-01 07:14:52'),
(1113, '169e3a364e4714ff48e65ff678786c96', 0, '2016-12-01 07:14:55'),
(1114, '211cac13ea77d8d89b35289a4db1a9b8', 0, '2016-12-01 07:14:58'),
(1115, '2f803c0227aea81b82a208e1bb276842', 0, '2016-12-01 07:15:01'),
(1116, '4dd2c9283bd2045450fabbc5e6f40529', 0, '2016-12-01 07:15:04'),
(1117, '41057d7f6235493646e450e5d84cb1c3', 0, '2016-12-01 07:15:06'),
(1118, 'd3fe97026cee4bb7473b9f0980179dad', 0, '2016-12-01 07:15:08'),
(1119, '8d0ff1a58cd8cb40e6ab72e6ba6e0134', 0, '2016-12-01 07:15:11'),
(1120, '9c85ec5a8d4a87771255c9f1bf7fa1f8', 0, '2016-12-01 07:15:14'),
(1121, 'aa57b49e7c5214fcd42d08cc92241b02', 0, '2016-12-01 07:15:19'),
(1122, '5624eb0a446331c0b289742fbafe43f4', 0, '2016-12-01 07:15:21'),
(1123, '78a6774c0893379de78304e4e5790c98', 0, '2016-12-01 07:15:25'),
(1124, '1c12a582a91673733a01371bf86949c0', 0, '2016-12-01 07:15:28'),
(1125, '910da4eba8a6c40f3ce478068bd8d101', 0, '2016-12-01 07:15:30'),
(1126, '1edfa8305e1b5d03a21b154082f4d668', 0, '2016-12-01 07:15:32'),
(1127, 'c4c19b70536d172b3c82034c25b64dc4', 0, '2016-12-01 07:15:35'),
(1128, 'fd1dc42494d313e6c10fddb582cb0de5', 0, '2016-12-01 07:18:02'),
(1129, '88b5da6dceb4b5582ee23d0efd367e3f', 0, '2016-12-01 07:18:03'),
(1130, '0ba8e2e08ec01a27f674f44ae4a99637', 0, '2016-12-01 08:04:16'),
(1132, '5485291516f0edb5738411aa7ec51a4c', 0, '2016-12-01 08:49:30'),
(1133, '663c5b6d820c4d7d2d0bc8b1f7bed5aa', 0, '2016-12-01 08:49:31'),
(1134, 'dfc3f354f6f5c4c12087205d5f2a525d', 0, '2016-12-01 10:21:50'),
(1135, 'dbfea819e301ee40d9d029c4b547de63', 0, '2016-12-01 10:21:51'),
(1136, 'e75adb2fff62de88ca05134d6db0cb05', 0, '2016-12-01 10:22:15'),
(1137, 'ba8121e7ae33d4763f7b5b6db0d366e4', 0, '2016-12-01 10:30:11'),
(1138, '6c12ebc00f9e39acfdb3b7f943cb736d', 0, '2016-12-01 11:25:56'),
(1139, '5304fe412a707298bcee7d22c07663fa', 0, '2016-12-01 11:40:49'),
(1140, '66fa7b4ef75414626ac9cae60464ae18', 0, '2016-12-01 11:40:57'),
(1141, '0b0766c6cccc6d1cc2326152ad55e818', 0, '2016-12-01 11:46:21'),
(1142, '23f1ff675d1e361fe38ca1fc2f6f078b', 0, '2016-12-01 11:55:38'),
(1143, '0a16fa5e14de291599ab5a69203c112a', 0, '2016-12-01 11:55:39'),
(1144, '12945abd0f73d04a9a08e5714171cab1', 0, '2016-12-01 12:35:07'),
(1145, '9a0ea1c6a2b09018e8f7660b98a478d4', 0, '2016-12-01 12:35:11'),
(1146, '4606739dcf9739ca5c7ea248e0580f4b', 0, '2016-12-01 12:56:29'),
(1147, '693f2e13a89cdcc0f565be2c4e19642c', 0, '2016-12-01 12:56:34'),
(1148, 'cfb7a708713533a7323927bbaffbd5ca', 0, '2016-12-01 13:28:13'),
(1149, 'edc4eb08728fe3eaf34e5e5e81ae1f4b', 0, '2016-12-01 13:28:14'),
(1150, 'ae09f856ec4aa2069a4a7745e95fadbf', 0, '2016-12-01 14:23:00'),
(1151, '529b85fd4ff3ee80c2267f78b3c3315a', 0, '2016-12-01 16:00:31'),
(1152, '4b3efd9e82798f306cf4d8a742f37979', 0, '2016-12-01 16:17:35'),
(1153, 'a033b0b74e3d83739055590324d8a282', 0, '2016-12-01 16:33:56'),
(1154, 'c538e0a81290495d5b51e6f7e9be6dd9', 0, '2016-12-01 16:52:14'),
(1155, '1de5c2a5b2b58f284ab89fd68baf2af8', 0, '2016-12-01 17:42:43'),
(1156, '9de9485712cf9884d5939eb4157725c1', 0, '2016-12-01 18:38:51'),
(1157, '7427589afeff980b9080d17ecf9b69ec', 0, '2016-12-01 18:39:30'),
(1158, '307b02c394b82ff01114c6f48112801a', 0, '2016-12-01 19:39:00'),
(1159, '7090b37974022140da4c9f6ce7d82edd', 0, '2016-12-01 19:39:02'),
(1160, 'a5dd930d41c3d81e1232601686c22c12', 0, '2016-12-01 19:39:26'),
(1161, 'e5361170aaf54ac0acd9e554ce070762', 0, '2016-12-01 19:39:28'),
(1162, '023aa6b46ae4b1ca283ad38a7ad406b1', 0, '2016-12-01 19:39:29'),
(1163, '15c5daf32a7a83054bed4f577fb8561c', 0, '2016-12-01 20:00:18'),
(1164, '0ca14f82d9abd983fef54e2182bc6f19', 0, '2016-12-01 20:00:21'),
(1165, '86573f3f362a9a6de23173ec36490520', 0, '2016-12-01 20:41:57'),
(1166, '4bbeb75d835d8f94c9ef6ecf3c84265c', 0, '2016-12-01 20:55:49'),
(1167, '3197de21f93efd1c9758dc3ca6e3b323', 0, '2016-12-01 20:59:34'),
(1168, '1c6a0f1c5881c376097d6353c8c1219f', 0, '2016-12-01 21:01:39'),
(1169, 'ffd2d0db749edeafd982c26cfffe760e', 0, '2016-12-01 21:55:48'),
(1170, '618d04f45b4e4b83d0f5028e44999f7c', 0, '2016-12-01 21:57:53'),
(1171, '93d9c2d2d40af94976a4cbb1b0259269', 0, '2016-12-01 22:00:00'),
(1172, 'e57b1fb06a966fd05d0990e6637c11db', 0, '2016-12-01 22:02:05'),
(1173, 'aca7d4d9eae8b37af98f912ea7735a41', 0, '2016-12-01 22:04:10'),
(1174, '065b5fe2965aa537ff2ce4529b82a7e2', 0, '2016-12-01 22:06:15'),
(1175, '8f1de63c8b62a825b3f4a849adfe8ad6', 0, '2016-12-01 22:08:20'),
(1176, 'ae99b227666c7676337f05253788b16b', 0, '2016-12-01 22:16:09'),
(1177, '60febaa1fd35e06488e4d84dbbee328f', 0, '2016-12-01 22:16:11'),
(1178, 'b4de56e754da9a237f17343376bae2d7', 0, '2016-12-01 22:16:14'),
(1179, '3c5a178c25fa6dec4d2e36fd771dc6e6', 0, '2016-12-01 22:16:16'),
(1180, 'b10e13609d6464d2b0d994c496c5261f', 0, '2016-12-01 22:16:18'),
(1181, '506b7339a1bc0d0ef00f43a4afa44663', 0, '2016-12-01 22:16:20'),
(1182, 'be1cb4dcc5db2c5cb21e84da40f5bd77', 0, '2016-12-01 22:16:23'),
(1183, 'b14a65bdba394fac00dd5b3772ff6e18', 0, '2016-12-01 22:16:28'),
(1184, '7b21f4f7f5612d3895cb5178175db940', 0, '2016-12-01 22:16:30'),
(1185, '033e29949b6b115e7f77ef1d80fe44d4', 0, '2016-12-01 22:16:33'),
(1186, '36c812e7c89d87f4c2cc13c5183a193b', 0, '2016-12-01 22:16:38'),
(1187, 'f921fd937ab57fef4e9a83da9ccff088', 0, '2016-12-01 22:16:45'),
(1188, 'ac31fb7a453863e6263248932f4ff6ab', 0, '2016-12-01 22:16:47'),
(1189, '920aea701974534d83fa21c58ac16886', 0, '2016-12-01 22:16:49'),
(1190, '5d239ecef7487f47962d486f44ef09b3', 0, '2016-12-01 22:16:51'),
(1191, '0219fdbdbdbbbaa75c3d4b4a0fc4b7d9', 0, '2016-12-01 22:16:53'),
(1192, '7176d7bbd1b85bb7d9bc0e2dac078cc7', 0, '2016-12-01 22:16:55'),
(1193, 'be9b63832ee135d663af6deb1fed7184', 0, '2016-12-01 22:16:57'),
(1194, 'b0186faeb3f9b913b39991e43568593f', 0, '2016-12-01 22:16:59'),
(1195, 'e14349b84bf09be02e2586f1529db7f6', 0, '2016-12-01 22:17:01'),
(1196, '4720ce7be4d6907fd116806d9866a027', 0, '2016-12-01 22:17:03'),
(1197, 'd44e8332c5b496b34d01b92174c786cd', 0, '2016-12-01 22:17:05'),
(1198, 'c3cae7fcbdec168930da716148d4388c', 0, '2016-12-01 22:17:07'),
(1199, '028dbe6b94905a5229d38373c363a458', 0, '2016-12-01 22:17:12'),
(1200, '1b2e0bcda3867caea24c601ac3789566', 0, '2016-12-01 22:17:16'),
(1201, '8bb5b5df98f95515c62749300ddf41ef', 0, '2016-12-01 22:17:18'),
(1202, 'b623d1eb5f06ffe263938551d1e151f7', 0, '2016-12-01 22:17:21'),
(1203, '03b0bc588ce38e80ffac703631ea7df0', 0, '2016-12-01 22:17:24'),
(1204, 'ff3443a0c21d2ddef067a6d8d03230bf', 0, '2016-12-01 22:35:39'),
(1205, '6da14765a68656d6e3e2324b3c24cc5b', 0, '2016-12-01 22:37:44'),
(1206, '8bf7f882d5ff4b7a8c83216f32d775a3', 0, '2016-12-01 22:50:29'),
(1207, '6afadf9c3db9a6d5695eb15c2c88f7f9', 0, '2016-12-01 22:52:34'),
(1208, 'ad6363db9194525ecf8e00227b93be19', 0, '2016-12-01 22:54:39'),
(1209, '30069464a5d33f3ebe1c9e71a3616f91', 0, '2016-12-01 22:56:44'),
(1210, 'e65904bcd8a3ffc5db161f2e2f885770', 0, '2016-12-01 23:00:02'),
(1211, '70324443ae95975661cf684c31fdb4f4', 0, '2016-12-01 23:11:23'),
(1212, '3aaba3f808b2357124434c6ea2e5d1fb', 0, '2016-12-01 23:11:24'),
(1213, 'd02c2bf4daaa4477d80f42f5a322ebf8', 0, '2016-12-01 23:59:09'),
(1214, 'a422c13c856a283df977daac65e64869', 0, '2016-12-02 00:02:54'),
(1215, '8061b98734be4c736d5a7a4cdbfa2b34', 0, '2016-12-02 00:06:32'),
(1216, '8118d53ea91c9c859b600d22409ff14d', 0, '2016-12-02 00:19:04'),
(1217, 'a7940c0f4b1bc98615eb5c260958de41', 0, '2016-12-02 00:19:05'),
(1218, 'c98513b30f315a410f3a75690f07d039', 0, '2016-12-02 00:50:04'),
(1219, 'b6275900144d9a014e3e13bc7f9c02f7', 0, '2016-12-02 00:56:19'),
(1220, 'edb4e285df7ae77c37b310da132c7851', 0, '2016-12-02 00:58:25'),
(1221, '644d6eabc8fe4860856d849d067ca03d', 0, '2016-12-02 01:02:35'),
(1222, 'a27f3fc83561345288f8d8207b2ab797', 0, '2016-12-02 01:04:40'),
(1223, 'cea4ed585ff4b33e0d34e5cf4d14f289', 0, '2016-12-02 01:06:45'),
(1224, '35a8b615d66438da555f31579a7c2be4', 0, '2016-12-02 01:49:04'),
(1225, 'dcbc3bc4a985a753dcee100ae1be73ff', 0, '2016-12-02 01:51:09'),
(1226, '220db4c877fc3c5c9d5b1f818cd94041', 0, '2016-12-02 01:52:03'),
(1227, '51e055b666c3568f9196441af0641892', 0, '2016-12-02 01:52:04'),
(1228, '15ff58db3f9b4cbe4e72a2d561060684', 0, '2016-12-02 01:52:06'),
(1229, 'bd127a9c1c7698db13002973430f9b03', 0, '2016-12-02 01:53:14'),
(1230, 'de22df23ca5507c849e0c22041c053d2', 0, '2016-12-02 01:55:19'),
(1231, '6ec283a4eb6a38151b53df1730561758', 0, '2016-12-02 01:55:54'),
(1232, '8d6ee54713e01ca7fea06ee1888d0dec', 0, '2016-12-02 01:57:24'),
(1233, '2b8bd7606ceb2428892e4cbc304969df', 0, '2016-12-02 01:59:29'),
(1234, '7fb11cd2bc8cf3fab518c5aaa1670809', 0, '2016-12-02 03:25:06'),
(1235, 'c912f7eb157b7dc27156d6bf3b352825', 0, '2016-12-02 03:25:07'),
(1236, '1dd9123a41affccea6ada295cdd0d7a3', 0, '2016-12-02 03:25:29'),
(1237, 'c76647c094b405c9cb002a83cf2e45b3', 0, '2016-12-02 03:25:31'),
(1238, 'bbd5583252536ae5bb4027094d0e0dd9', 0, '2016-12-02 03:25:38'),
(1239, '7406f5bff02cfad220be80fc08665bc2', 0, '2016-12-02 03:25:43'),
(1240, '45b358c66a06cf0b02546227c13bf2f2', 0, '2016-12-02 03:36:20'),
(1241, '12acc14d1e781b3e0adc7000dafa5b4b', 0, '2016-12-02 03:36:24'),
(1242, '430e690dcd87c5f3d50e9856f438209e', 0, '2016-12-02 03:39:10'),
(1243, 'c8cbd6003d0fcecaa10ced08e25170a1', 0, '2016-12-02 03:41:15'),
(1244, '5b24738e1884a35418b22836304c895e', 0, '2016-12-02 03:43:20'),
(1245, '25effc980d882b054db545d165e3fd61', 0, '2016-12-02 04:43:13'),
(1246, '21faffdc63f0de1a33e9e8c309512ec8', 0, '2016-12-02 05:42:45'),
(1247, 'cde5f3173ccdc17ae82d0713d022fa5d', 0, '2016-12-02 05:52:00'),
(1248, '073f4330ad0435c7bf58489512c8a7e3', 0, '2016-12-02 06:06:17'),
(1249, '4a0acfb0f2ea7e90b6bcaab79138556e', 0, '2016-12-02 06:08:18'),
(1250, '8d1cbc42174fee3ab84bc44a41589072', 0, '2016-12-02 06:44:39'),
(1251, 'd177f9b4bbb3d5abc56ef4b9f06df2d3', 0, '2016-12-02 06:46:11'),
(1252, '9ca1669f7727c578aad22f949a7e2b70', 0, '2016-12-02 07:51:28'),
(1253, '5f1602027d175b36eab905babfda48af', 0, '2016-12-02 08:03:19'),
(1254, '868f4a4de86fa78a1f3bb9d2888d169c', 0, '2016-12-02 08:03:20'),
(1255, '969eee009aa697c7ff722244d174a131', 0, '2016-12-02 08:46:08'),
(1256, 'b4a6a02df916769499c3a01c64d46388', 0, '2016-12-02 08:52:34'),
(1257, '095ad9ae4c033dcd1d47e8d426f416f9', 0, '2016-12-02 09:12:14'),
(1258, '52825e51a3ffc48b71612b7f542e45f1', 0, '2016-12-02 09:36:32'),
(1259, '71007c549e0a65006be887d72c71410f', 0, '2016-12-02 09:36:33'),
(1260, '82ad61ea655bdf9e45212266dc0db397', 0, '2016-12-02 09:37:29'),
(1261, '7f02944f04cd72546edd8ad464b481dd', 0, '2016-12-02 10:30:12'),
(1262, 'f2e2f7d449370b1d8bb886ff009f87b6', 0, '2016-12-02 10:35:44'),
(1263, '0917020d65597293d52e773871c20f78', 0, '2016-12-02 10:48:46'),
(1264, '4c4f88617b29b15aa5039bfdb71ad97f', 0, '2016-12-02 11:07:39'),
(1265, '30d3a6a4646228f4fbb5784f3f01a2cb', 0, '2016-12-02 11:07:58'),
(1266, 'e5bef89e7796f87f8ff719a04740d87e', 0, '2016-12-02 11:08:00'),
(1267, 'fe9b8f276008d4de977f45960ec51eb8', 0, '2016-12-02 11:08:27'),
(1268, 'f3e8e6a1bf929c5b19e11f51f00b566f', 0, '2016-12-02 11:08:28'),
(1269, '64ac2c800e3f45dcc2ac4dad5b2bb57f', 0, '2016-12-02 11:17:29'),
(1270, '024795d24fef9cad1b5822193bc9ab50', 0, '2016-12-02 11:39:49'),
(1271, 'c4d3fb74924bf907d5767e3b4561e1b4', 0, '2016-12-02 12:16:25'),
(1272, '3111e32951d9fe56682d7ad709344555', 0, '2016-12-02 12:30:37'),
(1273, 'cfd0f0dbb5b5bf3c4a00f4e80077c2e9', 0, '2016-12-02 12:41:45'),
(1274, '572f070191be9248de039fa9d4681885', 0, '2016-12-02 12:41:46'),
(1275, '389abe105ce9aa2350c0d41840898b02', 0, '2016-12-02 13:01:20'),
(1276, 'bea0d962d87de9d57eed395fec98c78b', 0, '2016-12-02 13:35:57'),
(1277, '3a253a3d042816c859b3dae3262772fb', 0, '2016-12-02 14:11:34'),
(1278, '9bc9ef7ca550d662d331fd434cf20858', 0, '2016-12-02 14:11:40'),
(1279, '313d69e6618e485728189c4a294aaae6', 0, '2016-12-02 14:13:54'),
(1280, 'fdf6e3c8f210ea65948bf59c49f4459a', 0, '2016-12-02 14:13:55'),
(1281, 'fb9a7614d0ca7a4e2233a7a3dc515ebb', 0, '2016-12-02 14:14:22'),
(1282, '39027696a985f036b0ac30f8feda221b', 0, '2016-12-02 14:47:55'),
(1283, '68f507a1c9522c7f336086220e89f3ae', 0, '2016-12-02 15:47:19'),
(1284, '5fb2a4ed4316f12c9f58bdedb3d29703', 0, '2016-12-02 15:47:20'),
(1285, '346d612a0a4d028b581238943ba12a85', 0, '2016-12-02 16:13:23'),
(1286, '36f5a69f8510f93d7e5647390d81eecb', 0, '2016-12-02 16:15:23'),
(1287, '3c8e9b1a8925deaabf34a7adb0553d2a', 0, '2016-12-02 16:17:28'),
(1288, '83e4426ddaec47718c6330534fb72b56', 0, '2016-12-02 16:28:16'),
(1289, '65f819edcda697f7e53d8c4f08df96ff', 0, '2016-12-02 16:34:09'),
(1290, '2679b144316469bcc28d952151ba623a', 0, '2016-12-02 16:36:20'),
(1291, 'e4c3ec49a98e72f6c20953c4f72663c5', 0, '2016-12-02 17:28:43'),
(1292, '44ed5aae703b1e7feaa564df03144da8', 0, '2016-12-02 17:30:50'),
(1293, '3eafa9df0dc215cdd22beca91f1b0dcb', 0, '2016-12-02 17:32:55'),
(1294, 'e9503959be330d78e9844c3b4c6494d8', 0, '2016-12-02 18:33:39'),
(1295, '83bc549ab74eea564b7bf45e7b7ca809', 0, '2016-12-02 18:35:45'),
(1296, '670f4ed56d67567e6db345e61babd647', 0, '2016-12-02 18:51:58'),
(1297, '3014f246d06a06fe035278fb8c06bd46', 0, '2016-12-02 18:52:00'),
(1298, '365161194f3ecd12dffebda5262c7d40', 0, '2016-12-02 20:24:54'),
(1299, '2ff0b2161b5da0f2f30ea0dbfdc06dc9', 0, '2016-12-02 20:24:55'),
(1300, '7f8eb934e6dde368f3c8c67dedd9d5ea', 0, '2016-12-02 20:24:57'),
(1301, '6005ffb4fe13905ff4319e5fecb57e75', 0, '2016-12-02 20:26:40'),
(1302, 'bfb0280570c47f36a787b1e75e7caf1e', 0, '2016-12-02 20:31:03'),
(1303, '05c2d2bdae4dcb9c5c83b6ba1099ddf6', 0, '2016-12-02 20:35:09'),
(1304, 'b292fcff3ba7f63b9e7125678205e6d9', 0, '2016-12-02 20:37:16'),
(1305, '81a26e7fe8b342c02965c9b0ccda75d1', 0, '2016-12-02 20:44:40'),
(1306, '8c5382b5087e0ce1a403c35358aa189c', 0, '2016-12-02 20:44:43'),
(1307, '1fa6a559cb504f450c53238dd27f0490', 0, '2016-12-02 21:20:31'),
(1308, '0459f7c7add579ceafd3a00a986d269f', 0, '2016-12-02 21:31:59'),
(1309, '0fc03c2f57058c13832615adce4a679b', 0, '2016-12-02 21:37:38'),
(1310, '1b12bda5d1b0fccbfeae23028640439b', 0, '2016-12-02 21:37:41'),
(1311, '72b17b8a3a38572ec29cb517045dff8a', 0, '2016-12-02 21:39:43'),
(1312, '4c442aaed6df2493cc7f1b8509077794', 0, '2016-12-02 21:41:49'),
(1313, '1dbb136ca797331e6f06ab2edc988356', 0, '2016-12-02 21:54:34'),
(1314, '82f3cdee12b4990243dcb8bda9978367', 0, '2016-12-02 21:57:56'),
(1315, 'f4faf2ca6cb2769e6ea93b10d2589d74', 0, '2016-12-02 21:57:57'),
(1316, '7751acf329b1b0463ddc3cff43348213', 0, '2016-12-02 23:25:24'),
(1317, 'ba25f898b5907fe10fe4231ba3517b29', 0, '2016-12-02 23:30:41'),
(1318, '48a338bef23ba5864c4bd84e640c8e49', 0, '2016-12-02 23:30:43'),
(1319, 'c1b0cb421991bc83e878b1fb20a3cb7a', 0, '2016-12-02 23:30:44'),
(1320, '2ac8c4f6b7bb8420077e6a0dd12d39b9', 0, '2016-12-02 23:30:45'),
(1321, '2ae2c8b87d9c69819e2da95ec7ac6021', 0, '2016-12-02 23:31:18'),
(1322, 'dd9edc0d461d7362f63264b443de869b', 0, '2016-12-02 23:33:30'),
(1323, '71644ae9826aead8a8b590ddb9c04a12', 0, '2016-12-02 23:36:11'),
(1324, '8d5c6f5178d2b68342fedeb4a35f0fdc', 0, '2016-12-02 23:36:14'),
(1325, '9bb7c35917c9cdd8eb838d50ef8b6ba8', 0, '2016-12-02 23:50:09'),
(1326, 'b5b6107d4faeb137fd3d05f0e50fb39a', 0, '2016-12-02 23:50:12'),
(1327, 'c406ab56e298377e5a95216e03e5b533', 0, '2016-12-02 23:53:23'),
(1328, 'b8d03a085b1b3c1f33a3126d08ae90fb', 0, '2016-12-03 00:39:26'),
(1329, '19560a2ef0742c3097183ea9475c2e3b', 0, '2016-12-03 01:03:22'),
(1330, 'd378995b964eaaf090fac1081b57fd1e', 0, '2016-12-03 01:03:24'),
(1331, '1447b5cf7b8cf1596b9152f2bb7a6fc7', 0, '2016-12-03 01:44:08'),
(1332, '512d1d02148baa5dafbe946dc6606092', 0, '2016-12-03 02:07:13'),
(1333, 'c3ab3b91c9d56e5f9ab76a356d736457', 0, '2016-12-03 02:07:13'),
(1334, '9f7997c3815e4fc3520de60035a91885', 0, '2016-12-03 02:19:30'),
(1335, '73e5a580204b9c67ceae5d79d372748a', 0, '2016-12-03 02:26:06'),
(1336, '94baef8f1b5ffd1a6765546c710d89b5', 0, '2016-12-03 02:32:29'),
(1337, '4c8f1c76013a9781767c3395f2e5067d', 0, '2016-12-03 02:36:13'),
(1338, 'f7dbd4f3d15ba4196a52be034d89151d', 0, '2016-12-03 02:36:14'),
(1339, 'd4746edd5302f970c8b7c622f1a82204', 0, '2016-12-03 02:36:16'),
(1340, 'd75c60c6c1de411483c1e737aec221c5', 0, '2016-12-03 02:40:13'),
(1341, '34138c312714cc17df0a9386b8d38af4', 0, '2016-12-03 02:41:15'),
(1342, '6964a9615bb57bb994407bb3acffb484', 0, '2016-12-03 03:09:25'),
(1343, '65db1afa54b1c8105cc6152a792d4c3c', 0, '2016-12-03 03:32:05'),
(1344, 'e8584f070798193ebeb69b1bdf91d777', 0, '2016-12-03 03:36:22'),
(1345, 'f9fdd5cd0d02fbda3044f6ce234e1a09', 0, '2016-12-03 03:39:02'),
(1346, 'c1bf21cbe803a24667d48cc547dcb58f', 0, '2016-12-03 03:41:08'),
(1347, 'de411ec691c6f0f121f00558d10dba5e', 0, '2016-12-03 03:43:26'),
(1348, '1a42001674b30d0ca580e671d9dddd35', 0, '2016-12-03 04:35:04'),
(1349, 'c30e10b37115f0b7e7cf9db394c9fdff', 0, '2016-12-03 04:38:47'),
(1350, 'a4a780a96626420804301528599b7c59', 0, '2016-12-03 04:51:47'),
(1351, '40332f64b666c508766b243c1e702833', 0, '2016-12-03 04:51:53'),
(1352, '1facf7b16ef8a398c0d3f1f87214f6a5', 0, '2016-12-03 06:30:34'),
(1353, '4aacbb065e418a1dbf79d1cd9df3ecc4', 0, '2016-12-03 06:30:38'),
(1354, '28463997497dcf831e1f9176c5666490', 0, '2016-12-03 06:33:39'),
(1355, '298e7c9b6e768a54a33734151e8e7e4b', 0, '2016-12-03 06:35:45'),
(1356, 'eeb4401431526b67b85c5d53ff5ca865', 0, '2016-12-03 06:39:54'),
(1357, '0656e520c33397a6ca7fe71c5fc04c73', 0, '2016-12-03 06:55:03'),
(1358, 'f92697eaa14db09075e5da6aed337fd1', 0, '2016-12-03 06:58:31'),
(1359, '28145454de29f37b11b94b59f028593e', 0, '2016-12-03 07:12:46'),
(1360, '77971841dc80a7f21d372a7f3f767682', 0, '2016-12-03 07:12:48'),
(1361, 'ee093110fb90e564f04e42d7d0c1f758', 0, '2016-12-03 07:12:50'),
(1362, 'c64df3865530eeb1a8ded74714d99cdb', 0, '2016-12-03 07:12:53'),
(1363, '2e5fff3443c262140dfed73f5f95ef2f', 0, '2016-12-03 07:12:55'),
(1364, 'c53921de2bc30c85d61b3174fd1cfecb', 0, '2016-12-03 07:12:57'),
(1365, '80ac25599de3b218b8b54f5caba7d9f1', 0, '2016-12-03 07:12:59'),
(1366, '9b59d3c129dcd5b4ed0da06b67ba4c1c', 0, '2016-12-03 07:13:00'),
(1367, 'eff2045b2c6b7fae87f715fb3aa3fd58', 0, '2016-12-03 07:13:02'),
(1368, 'b20b3cc694117e9c927af4500a4ca2d6', 0, '2016-12-03 07:13:04'),
(1369, '1511db10d24425d05993218f973845fc', 0, '2016-12-03 07:13:06'),
(1370, 'f996ffe40573863fbef1758e2eec7d14', 0, '2016-12-03 07:13:08'),
(1371, 'cc4b888a6719ed94d9ff189d0845d013', 0, '2016-12-03 07:13:10'),
(1372, 'df91022a770898f749dc105c0bed0b02', 0, '2016-12-03 07:13:11'),
(1373, '854ec7005b5b1933be02567e78afc982', 0, '2016-12-03 07:13:13'),
(1374, '1617cd430661ae2eb02eac17f1646078', 0, '2016-12-03 07:13:15'),
(1375, '12ef119579832a7ff054d96dd9d01152', 0, '2016-12-03 07:13:17'),
(1376, '2b5de97880aa7fe4f0cf1344b3c3f1a6', 0, '2016-12-03 07:13:20'),
(1377, '213bf783a735faccc53123d4a75819ae', 0, '2016-12-03 07:13:22'),
(1378, '10d0139876b5ac1bda1bd004adc94a70', 0, '2016-12-03 07:13:24'),
(1379, 'fc0f8d1839b93b807a7aa188517b8104', 0, '2016-12-03 07:13:26'),
(1380, '75b20428f6b94a5f6d658d28772114b8', 0, '2016-12-03 07:13:28'),
(1381, '3076bfa6da09a1e9f40033a17901b01e', 0, '2016-12-03 07:13:31'),
(1382, '4a7dbc2d0e6c843cb2b0d829ce3b3b66', 0, '2016-12-03 07:13:33'),
(1383, '71aa5af4e0dc615c732018ef7047e536', 0, '2016-12-03 07:13:35'),
(1384, '7e3a71045833993ec8907c45d80c5851', 0, '2016-12-03 07:13:37'),
(1385, 'b8008085900cbdb3fcd6df4dec354390', 0, '2016-12-03 07:13:39'),
(1386, '35e8ac90b983309c054e5454fc90eb3f', 0, '2016-12-03 07:13:42'),
(1387, '7230f824146313cd94ed546a546d6fcb', 0, '2016-12-03 07:13:44'),
(1388, 'cdc7d20137a71a9c3bc871b4198c5420', 0, '2016-12-03 07:13:46'),
(1389, '853fc0c5d73cd578b949d67df9b66135', 0, '2016-12-03 07:13:49'),
(1390, '05cad723fefa6a9709b3a89c91df26af', 0, '2016-12-03 07:13:51'),
(1391, 'cbb6deaa14e4bb9764535be98218a974', 0, '2016-12-03 07:13:53'),
(1392, 'a6a08042079208024572b01e49b25c14', 0, '2016-12-03 07:13:55'),
(1393, '5ae181e9a0594d4a973812243d321544', 0, '2016-12-03 07:13:57'),
(1394, '26ac99492b45ca38dd2758850c54320e', 0, '2016-12-03 07:14:00'),
(1395, 'd5e37e6db306c9d2f2c3322ae322c91a', 0, '2016-12-03 07:14:02'),
(1396, '0918cdc82988d21b43d737a78a209267', 0, '2016-12-03 07:14:04'),
(1397, '9aa57ea8a418547d906d670f46d26b70', 0, '2016-12-03 07:14:06'),
(1398, '3b0c6a478b5adc7b041ad0983ef0fa44', 0, '2016-12-03 07:14:08'),
(1399, '776fecc3ccbe78d775cca18737795868', 0, '2016-12-03 07:14:11'),
(1400, '28605005491023ce3f17f7b61b018422', 0, '2016-12-03 07:14:13'),
(1401, '8008caaf26f20cb2721c96bec27fee07', 0, '2016-12-03 07:14:15'),
(1402, '9d1c95d428266cae06f30e9b3e9bc457', 0, '2016-12-03 07:14:17'),
(1403, 'a31c22c3e74a77932e267f66fc2a9623', 0, '2016-12-03 07:14:19'),
(1404, '4fcccdfbed43396f0b95c1eb91716b86', 0, '2016-12-03 07:14:22'),
(1405, '47cdaed672f70b90b0c39d4f5568e953', 0, '2016-12-03 07:14:23'),
(1406, '840c074ff55981c17f6777e10f49db38', 0, '2016-12-03 07:14:25'),
(1407, '158c08e972238ab8fec93cbe2c13231f', 0, '2016-12-03 07:14:26'),
(1408, '494df43582338f6f4275e40da3a202f9', 0, '2016-12-03 07:14:28'),
(1409, '97ccce4483a7547be9b5372bf9eece3c', 0, '2016-12-03 07:14:30'),
(1410, 'f721916e3483a3824c7463f127e950c6', 0, '2016-12-03 07:14:32'),
(1411, '2186655b1f8814f7cf270081f1dc4d3d', 0, '2016-12-03 07:14:34'),
(1412, '37fbac04d2046dea63edf0f76077ff8c', 0, '2016-12-03 07:14:37'),
(1413, '0440a4025c792822e022eb16d51f8b4a', 0, '2016-12-03 07:14:39'),
(1414, '92c3e85af019372858918536ac6b0f02', 0, '2016-12-03 07:14:41'),
(1415, 'afbdd606d349c7f91201f46f65ea3e80', 0, '2016-12-03 07:14:43'),
(1416, 'e708195521580b156cd0f9bb253774ad', 0, '2016-12-03 07:14:45'),
(1417, '0948756af247a6ac0220974f1f34a412', 0, '2016-12-03 07:14:47'),
(1418, 'eb86e613b1d60d0908f90c35a9ff81bb', 0, '2016-12-03 07:14:49'),
(1419, 'b740d891a246cea90e8069d4fc4b73c1', 0, '2016-12-03 07:14:52'),
(1420, 'd285f926f9358811e95e2e81e8e24baf', 0, '2016-12-03 07:14:54'),
(1421, '0dcdaa6e732fc05cb265a1e47f2d55b1', 0, '2016-12-03 07:14:56'),
(1422, '204626270ae95fe96206549b9bd63ddf', 0, '2016-12-03 07:14:58'),
(1423, 'e5b24d047b77b2a584589faf1db0dfa0', 0, '2016-12-03 07:15:00'),
(1424, 'e0a79acb16f11555b91464daea27c32d', 0, '2016-12-03 07:15:03'),
(1425, '7c0ee174507cc8d78ea186220620b758', 0, '2016-12-03 07:15:05'),
(1426, 'b15c4a4d19979a6bcf392b8be04aad59', 0, '2016-12-03 07:15:07'),
(1427, 'a34d28829978cd86ac3249182967af08', 0, '2016-12-03 07:15:09'),
(1428, '1c88fc8020c72d284ccff30650a16223', 0, '2016-12-03 07:15:11'),
(1429, '07257913b5acb50f7e5dffa026cab104', 0, '2016-12-03 07:15:13'),
(1430, '0dacc05df69b69e13249f0977412bb30', 0, '2016-12-03 07:15:16'),
(1431, '588737a717d01a641bb1be95d8b57f3a', 0, '2016-12-03 07:15:18'),
(1432, '051054a38924918eb85a99eec8f17233', 0, '2016-12-03 07:15:20'),
(1433, 'e6c927e397c7e7a54399ae66052a510b', 0, '2016-12-03 07:15:22'),
(1434, 'f016ada299df00ff804750725f67eb68', 0, '2016-12-03 07:15:24'),
(1435, '358a58f0ef61c723549203a7c4df555a', 0, '2016-12-03 07:15:25'),
(1436, 'e8cc302653e134485694a841f38c8c4b', 0, '2016-12-03 07:15:27'),
(1437, '94f8e77ccf951e56b250f5833863b993', 0, '2016-12-03 07:15:29'),
(1438, '449c1e15b406f847ea8de5380f8ea1ff', 0, '2016-12-03 07:15:31'),
(1439, '7fff792d70bc2ca799de62366616925b', 0, '2016-12-03 07:15:34'),
(1440, '93ea9e671a9494db890240c40f7a9f6d', 0, '2016-12-03 07:15:36'),
(1441, 'ef347fe2ca1c02faf54cb7d6845da64d', 0, '2016-12-03 07:15:38'),
(1442, '816574fd688bc9cc068aa7c8e2bac162', 0, '2016-12-03 07:15:40'),
(1443, '05262679d2d3ed401db739f32eec5af8', 0, '2016-12-03 07:15:42'),
(1444, '798d0a9ffce72eee8b063515df654d91', 0, '2016-12-03 07:15:43'),
(1445, '69ced4dd954faf1ddd5d6eb7467489ee', 0, '2016-12-03 07:34:09'),
(1446, '498387571efd37138c435aa436384a8b', 0, '2016-12-03 07:39:32'),
(1447, 'e0f7d4cc73a977d71a616ce6f6d51016', 0, '2016-12-03 08:20:32'),
(1448, '8163e7714e7d9abfd9b3f576a49683e5', 0, '2016-12-03 08:26:51'),
(1449, 'f15ee7ad56a54382d3af8ecd34e164f0', 0, '2016-12-03 08:28:56'),
(1450, '36b93c07a7014235b852590be9349769', 0, '2016-12-03 08:31:11'),
(1451, 'd3427419f250d8e3574158afbc1737f9', 0, '2016-12-03 08:33:16'),
(1452, '0b09884980f39c90ca995e240a71784b', 0, '2016-12-03 08:39:21'),
(1453, '26efe4681c52c1d830b18fb9cfee9ad7', 0, '2016-12-03 08:40:55'),
(1454, 'a0f23819098a4777cbce4266fc5e1b34', 0, '2016-12-03 08:41:10'),
(1455, '412ec1d82659b35cfd504ccd87f5ebd2', 0, '2016-12-03 08:42:50'),
(1456, '17685f449262ff66245e1d3af7f46ea8', 0, '2016-12-03 08:44:38'),
(1457, 'c703afe7f3671b9b275d0b97d0ccdd01', 0, '2016-12-03 08:46:38'),
(1458, '9eff82f491a3b98ae64f128c3a771cc9', 0, '2016-12-03 09:26:15'),
(1459, '8327b2d9a3f27fe200bc7023bcc4e9c1', 0, '2016-12-03 09:31:40'),
(1460, 'a7399421befe1c49d9e41e3c23be9c0a', 0, '2016-12-03 09:33:12'),
(1461, '1a7910601ac58a9388a4f53d7c5af094', 0, '2016-12-03 09:34:51'),
(1462, '8c5fe286d4e994f9b793829100f5bb4b', 0, '2016-12-03 09:36:40'),
(1463, '212eced2bebff885e6b78d26752be82a', 0, '2016-12-03 09:38:11'),
(1464, '5128b768b1ed673b8a35bdd48a4173de', 0, '2016-12-03 10:20:10'),
(1465, 'e872a4f7329543aa208e51cf84e3e370', 0, '2016-12-03 10:31:30'),
(1466, '51253a6e0ee362ab34e7005d93f4c57e', 0, '2016-12-03 10:33:30'),
(1467, '2c4ee075149a089c782f6d29f4a64565', 0, '2016-12-03 11:01:37'),
(1468, '045045a70d7006e4ef795e5a66bcf05f', 0, '2016-12-03 11:35:21'),
(1469, 'ade392e26af5feb3f8996ee52fb18bee', 0, '2016-12-03 11:42:30'),
(1470, '40fc915df2fc89544c507ddc451451c3', 0, '2016-12-03 12:31:44'),
(1471, 'e7c82c5820b96f30491d2891533719f9', 0, '2016-12-03 12:33:48'),
(1472, '7826123ad2dbbf6d43525a34a26a9f8a', 0, '2016-12-03 12:38:02'),
(1473, 'f6c0c6d931aa3fa8e4fd7ca3d6d138ee', 0, '2016-12-03 12:42:12'),
(1474, '4a41903a868f72f0d7851a004b195c77', 0, '2016-12-03 13:43:01'),
(1475, '15e30c974025e5eb0f9198bbbd955215', 0, '2016-12-03 13:43:05'),
(1476, 'e21cf59ca2842dd3821e0ff30e3944cd', 0, '2016-12-03 13:45:08'),
(1477, '0907154457e8f4cd7c67ce5814582f04', 0, '2016-12-03 13:49:25'),
(1478, 'b0d87c4278d72f4a7715c7e67caa6cf5', 0, '2016-12-03 14:41:10'),
(1479, '1f1ab1cf5608c49c950af770bd53b93a', 0, '2016-12-03 15:32:17'),
(1480, '77868844cd6966aa3d2412c7b3888bd1', 0, '2016-12-03 15:34:25'),
(1481, '7e5cb071b4a40727a39ead27cdac9c08', 0, '2016-12-03 15:36:37'),
(1482, '5331433446f3964aa644e6b0b26fb127', 0, '2016-12-03 15:39:13'),
(1483, '141939577a6152af8d105800acc20c89', 0, '2016-12-03 15:46:05'),
(1484, 'a2ba08c464b140b4e17f13e63d3d7868', 0, '2016-12-03 15:49:29'),
(1485, 'bcc2ed51378bda2aa070c9d67a951e6f', 0, '2016-12-03 16:11:05'),
(1486, '1ec6dffecd2cae08c9d80b8d41b4c824', 0, '2016-12-03 16:13:19'),
(1487, '24dd7d43abfaf55ef48b5b99c339b01c', 0, '2016-12-03 16:37:17'),
(1488, '54c30125ef7aaa362fe7503e2ae6248e', 0, '2016-12-03 18:07:43'),
(1489, '94da295ff0f3c5fbdb28442d5c8ef6f5', 0, '2016-12-03 18:14:06'),
(1490, '4fc40ff4d2b85c560fc1330e5f584f90', 0, '2016-12-03 18:30:32'),
(1491, 'a49bc95442f9ee9f9dc2270adc221021', 0, '2016-12-03 20:08:36'),
(1492, '31474e08445ff6de05b17e0540520bed', 0, '2016-12-03 20:08:37'),
(1493, '9a485f33988b1da49adc407c1a7e8950', 0, '2016-12-03 21:57:44'),
(1494, 'd1e26af97eae1c9e8cb1112e993fef87', 0, '2016-12-03 22:00:13'),
(1495, 'a07d6c9fc0e777a765784bc3966d385e', 0, '2016-12-03 22:21:13'),
(1496, 'b735bebc3c0f93a300397eb696cbc23a', 0, '2016-12-03 22:21:50'),
(1497, '816e34bc645ed332a028fb6bba8d2fb4', 0, '2016-12-03 22:58:25'),
(1498, 'fd29b0aa8c516d3953c70e6d8a5dca40', 0, '2016-12-04 00:09:54'),
(1499, 'f10e7d833e73629cc03340682c3ed8af', 0, '2016-12-04 00:57:09'),
(1500, 'f3e8f4f4d3b88b0944b7250882955498', 0, '2016-12-04 00:57:10'),
(1501, 'edfd2aba68c90e15201fce888728c662', 0, '2016-12-04 00:57:11'),
(1502, 'bfc92cc15eef100f04d86876f5f5bb7a', 0, '2016-12-04 00:57:12'),
(1503, 'e2c896fbc29187a5755a5157d85d3b7d', 0, '2016-12-04 00:57:13'),
(1504, '0f0be0352d29d5a4f6c6384df6e5cfe8', 0, '2016-12-04 01:00:49'),
(1505, '8e2ad5dcc6e36e5156bc8aa6b26678e4', 0, '2016-12-04 01:01:26'),
(1506, '352b1211d1b0fb81a107dc54eef4bc21', 0, '2016-12-04 01:01:27'),
(1507, '315e33dabdea7939140609643b33fcab', 0, '2016-12-04 01:01:28'),
(1508, '5e74bda735e16b6bc19b684dc8d7b3e7', 0, '2016-12-04 01:01:31'),
(1509, '9ac74722c4a4d384b7a5c64e3d746074', 0, '2016-12-04 01:01:34'),
(1510, '4702084581ffa368d2dd16c569b4039b', 0, '2016-12-04 01:01:35'),
(1511, 'bcdcc32036d0039f6175127c04505ee7', 0, '2016-12-04 01:01:36'),
(1512, 'b1051e64406ae4a02a7411f96b9d0c59', 0, '2016-12-04 01:01:38'),
(1513, '9876652ccf3fb449fca80dfde0332d46', 0, '2016-12-04 01:01:40'),
(1514, '9affb73e31d5b824b9005420a7bef944', 0, '2016-12-04 01:01:41'),
(1515, 'febdcd6abf28241c7155dc31def66991', 0, '2016-12-04 01:01:42'),
(1516, '97b8db293374064ca1f10249c314d8e0', 0, '2016-12-04 01:01:44'),
(1517, '4d6e7ad86085c6ab9554b4f2fd3e711d', 0, '2016-12-04 01:01:45'),
(1518, '7e5d6f445c995479ecb7fa44f53c2542', 0, '2016-12-04 01:01:49'),
(1519, '82550699e9203d9c87057cac12d8d3ff', 0, '2016-12-04 01:01:54'),
(1520, '7b657289584ebeade6774d9084a44100', 0, '2016-12-04 01:01:58'),
(1521, '628e5003131e2df72276dfea377ef792', 0, '2016-12-04 01:02:10'),
(1522, '94a1487a9fe7ca0b65d9569823aa2b55', 0, '2016-12-04 01:02:12'),
(1523, 'e6273c153f2d5040a765f85be5fcfb36', 0, '2016-12-04 01:02:14'),
(1524, 'a2a0862f56011276aa7ada6bc7f37569', 0, '2016-12-04 01:02:21'),
(1525, 'b9edd3873d91289d12bf4e46063703da', 0, '2016-12-04 01:02:22'),
(1526, 'f5103f51db3bb720011aec923fd3515b', 0, '2016-12-04 01:02:25'),
(1527, 'eb7adf0feebe2a3981c12c6224f15d30', 0, '2016-12-04 01:03:55'),
(1528, 'ec88b5f610594c3254b762e32889656b', 0, '2016-12-04 01:44:02'),
(1529, '9cfce7a2598a53b9d681c6a66428d16f', 0, '2016-12-04 01:45:45'),
(1530, 'b080155304d208419d237073d2e5fcea', 0, '2016-12-04 01:46:55'),
(1531, 'df43d99e6768074f2a86df125826c220', 0, '2016-12-04 01:47:53'),
(1532, 'f7db7c3261430d196565524d6542cc2c', 0, '2016-12-04 01:48:49'),
(1533, '3400f73a665659cbc936bcfe44cbe11c', 0, '2016-12-04 01:49:52'),
(1534, '83bd80f9cda6f86b6617ebbe1975ccc0', 0, '2016-12-04 01:50:53'),
(1535, '83368dff8cff125eb34486e97482e56e', 0, '2016-12-04 01:53:10'),
(1536, 'fbe003e0104eb639aa9561b24c7b1bd5', 0, '2016-12-04 01:56:44'),
(1537, '217fd563fb02f2cc5584c5e293fdc881', 0, '2016-12-04 01:59:41'),
(1538, '0f3769845797fba58705e6b8a26d60c1', 0, '2016-12-04 02:00:53'),
(1539, '05871eed3e361974b61b8610a754226d', 0, '2016-12-04 02:02:07'),
(1540, '29ee0b7cb3fe9c86f1a1c547bd163943', 0, '2016-12-04 02:03:28'),
(1541, 'd265bdc6fb11ba17958f54bf32e3f3e7', 0, '2016-12-04 02:15:38'),
(1542, '9eb444a32189c7a54c5ebd54e7013cbf', 0, '2016-12-04 02:29:16'),
(1543, 'c156d71f230e438474e4c646585094f4', 0, '2016-12-04 02:30:56'),
(1544, 'dad55f7b3751bc6e057d42f5b195ac3e', 0, '2016-12-04 02:34:46'),
(1545, '76ff827cb61fda3b50e9bce373e12302', 0, '2016-12-04 02:36:52'),
(1546, 'f5f84f127ac9ba81fcdb4ae1343f8b27', 0, '2016-12-04 02:38:57'),
(1547, '1d0cd684f01da003fb05dfb20d309716', 0, '2016-12-04 02:41:03'),
(1548, '8eed8fb364b5f5d9e108e4d1ed130fa6', 0, '2016-12-04 02:43:09'),
(1549, 'fdbec0a7e36411ade294803e9fcb26fe', 0, '2016-12-04 02:45:24'),
(1550, 'bef52bd3fa8f833fbd9256c2d3ac0728', 0, '2016-12-04 02:47:29'),
(1551, 'b115e44b493fcfb89e741d160abf43bd', 0, '2016-12-04 03:25:08'),
(1552, 'c4364d82d3fca79a51e6fbe8961df72f', 0, '2016-12-04 03:25:10'),
(1553, 'b498dc2455a56216c0bae73a3b78d5c0', 0, '2016-12-04 03:25:12'),
(1554, '21bd3110f00d87b93d53862b8ed06785', 0, '2016-12-04 03:34:58'),
(1555, '5d1d990c301968048baf0ee210e59d87', 0, '2016-12-04 03:44:01'),
(1556, '6cd65c078d4c3b82084bd6fbd65b9aef', 0, '2016-12-04 03:46:11'),
(1557, 'd94b3736bde151f915961973001404c7', 0, '2016-12-04 04:35:13'),
(1558, '745121b3d9a69241e3c43754f63a7552', 0, '2016-12-04 04:35:17'),
(1559, 'ffb8a63c9a960cf449ed61c1b2698ed0', 0, '2016-12-04 04:40:02'),
(1560, '5f034bb88aa86bf5bac57e4b27574198', 0, '2016-12-04 04:42:08'),
(1561, '54f9ac4a5aa9c6ac8b8c394ee79c3e26', 0, '2016-12-04 05:39:34'),
(1562, '6df98d8fc2b811b29b0a937ccebaf362', 0, '2016-12-04 05:50:07'),
(1563, '2cf5f7c8762202d834984e8aa5b218bd', 0, '2016-12-04 05:50:11'),
(1564, '197293db625867eb88480456f8983c1e', 0, '2016-12-04 06:52:53'),
(1565, '21264a7cb762a1fd505bc433603a4483', 0, '2016-12-04 06:57:20'),
(1566, 'd1ce847d37f34ebe70361f7a57e4e764', 0, '2016-12-04 07:44:10'),
(1567, 'd6d9b8c704d5cd1588b0e07d07679653', 0, '2016-12-04 07:44:42'),
(1568, '91c329fa4a3a3d75910bb21140c4a51b', 0, '2016-12-04 07:45:11'),
(1569, 'ffef948a81013967a0c31e7f9d8e94c6', 0, '2016-12-04 08:03:52'),
(1570, '7ecd99ece5936df055d9bfd33f980fab', 0, '2016-12-04 08:33:56'),
(1571, '5715a91735325f0c1f549edd3ed7f348', 0, '2016-12-04 08:44:23'),
(1572, '6aea5a93ce7d38798d8c2ca68879dfcb', 0, '2016-12-04 09:33:57'),
(1573, '5094f711767863da3a47434b74edc5fa', 0, '2016-12-04 09:35:57'),
(1574, 'ec4451de9c4a52a2d04ca68c871ca558', 0, '2016-12-04 09:42:04'),
(1575, '1b58e0b87726426abf45de2d85567356', 0, '2016-12-04 10:22:02'),
(1576, '6c2baa98bd94029077c6296f6f4944a5', 0, '2016-12-04 10:22:04'),
(1577, '57debfd7f6f6741cf670c3e2df8c8e6a', 0, '2016-12-04 10:22:05'),
(1578, 'c26958697f3b011faf89cf51e995b5e1', 0, '2016-12-04 10:34:38'),
(1579, '7b63d76c0b4ae0636e479595b87b1a02', 0, '2016-12-04 10:40:10'),
(1580, 'e16fe0f82cd54f476afd683703efd1d6', 0, '2016-12-04 11:28:53'),
(1581, 'c0e90c954594434aae32ee764fc24459', 0, '2016-12-04 11:28:57'),
(1582, '05183b56edf4f3c3c52aaa832dd6008b', 0, '2016-12-04 11:34:54'),
(1583, '0c956123c45a193bb0931a70504f56e7', 0, '2016-12-04 12:27:46'),
(1584, '58756e89460a0fd04a5dfa35aeac3f78', 0, '2016-12-04 12:39:57'),
(1585, '172343006a05910d3681159787a840f2', 0, '2016-12-04 12:42:04'),
(1586, '15b0d5f3a53a6ee8cf70dfe1f6e802a6', 0, '2016-12-04 12:44:09'),
(1587, '4e37356ef89f55918c63bbd6be91d994', 0, '2016-12-04 14:37:34'),
(1588, '2ff4d61884246a4c3aa511cb697ab48d', 0, '2016-12-04 14:39:04'),
(1589, 'eddf3a245f5a1556bc25508200bf33fa', 0, '2016-12-04 14:41:09'),
(1590, '2e9b173bbd5283d704448325cc0fbdff', 0, '2016-12-04 14:43:48'),
(1591, '8745ebb7ebfa0d41c8d65f077b2c20a5', 0, '2016-12-04 15:31:31'),
(1592, '1ee3efad5232f13bcfae3ff58ec7ea4c', 0, '2016-12-04 15:33:40'),
(1593, '8ebfa514de6852cbd586a401d171896a', 0, '2016-12-04 15:35:37'),
(1594, '894ed1273bd21a483562a3e2d35f4c45', 0, '2016-12-04 15:37:17'),
(1595, '125de5821bd140c644fed5298b99ee84', 0, '2016-12-04 15:37:21'),
(1596, 'e4d5d31f6cd7c893c86a624e13e630b2', 0, '2016-12-04 15:39:05'),
(1597, '90c2dcebcc551c2bf694d6fdbac6eeab', 0, '2016-12-04 15:40:45'),
(1598, 'eed362cd925fdad2b4c0c36d96b8839d', 0, '2016-12-04 15:52:04'),
(1599, 'c238ce97580a58da9d94e5f1b51454a1', 0, '2016-12-04 16:34:28'),
(1600, '005903cbdb2a403fe92e51bede044df1', 0, '2016-12-04 17:36:01'),
(1601, '0c96b34ce39043830982e877085add79', 0, '2016-12-04 17:40:38'),
(1602, '959e59899ff94e61f22a988f747eb1b1', 0, '2016-12-04 18:33:54'),
(1603, 'b9f5662340d96e5c6efa0c015b717cdb', 0, '2016-12-04 18:33:58'),
(1604, '20c2f6bc6cdc666f4f37d403bb14f398', 0, '2016-12-04 18:40:09'),
(1605, '2416ca3db4c2689f66d5fbed2e3c4530', 0, '2016-12-04 19:22:58'),
(1606, 'a16db79a2c0fc6abb57576a3033ba90a', 0, '2016-12-04 19:23:05'),
(1607, '96376e72b4905c0a8994cce76c25263e', 0, '2016-12-04 19:26:01'),
(1608, '4053e4f6031125d4eb7077ac3461309a', 0, '2016-12-04 19:38:25'),
(1609, 'e99640bbb0a9af6640406f8ac3bc6afb', 0, '2016-12-04 19:39:56'),
(1610, 'a32d1b356ebab170c692177b9146f773', 13, '2016-12-04 20:08:17'),
(1611, '95def7a28c4fa0b0033259f740c7a1b9', 0, '2016-12-04 21:06:47'),
(1612, '87755576948dd21819dabf7774a46dc4', 0, '2016-12-04 21:09:31'),
(1613, 'a28919c9b0eaa8398c1f05a253081c78', 0, '2016-12-04 21:13:26'),
(1614, 'dcc98504026bed3ad257ece83ac7d374', 0, '2016-12-04 21:13:27'),
(1615, '5945db0a95a0c345c26ff8d5db0056a1', 0, '2016-12-04 21:36:32'),
(1616, '65ef162dad1c8f3b8f1b9854a8efe13f', 0, '2016-12-04 21:43:13'),
(1617, 'ad82c611e6fa81717c6f66f98d615b6c', 0, '2016-12-04 22:41:02'),
(1618, 'a0ec47fba79fd3a2adcad16b27c931fd', 0, '2016-12-04 22:47:30'),
(1619, '36d1c3c113c8c56e5694387412375306', 0, '2016-12-04 23:42:32'),
(1620, '1a05b8abf0f52e96e081d7f130ea48a7', 0, '2016-12-04 23:42:58'),
(1621, 'fed9022645f711d114d349f4efdef038', 0, '2016-12-04 23:48:47'),
(1622, '3ef02ea1a14789fae941973ae33264df', 0, '2016-12-04 23:58:02'),
(1623, 'b347f520808b9f37f5f0e0b7bb8f9599', 0, '2016-12-05 00:03:44'),
(1624, '42279e28415f5bf4c1d5356732245837', 0, '2016-12-05 00:32:10'),
(1625, '29b2ce94aa918e5ba79d5605faab055a', 0, '2016-12-05 00:32:11'),
(1626, 'c30648e09c6ce8ec54f543a9529fc5ab', 0, '2016-12-05 00:32:12'),
(1627, '8a6254b327116e2fbe450d1062fe2377', 0, '2016-12-05 00:32:13'),
(1628, 'ca7d71270da0c906f68eaaa73be831ad', 0, '2016-12-05 00:32:36'),
(1629, '5f5c29eeb21a5b0a10c7223a7272fae7', 0, '2016-12-05 00:35:16'),
(1630, '8ea743564c31719990a54fb7ac9062fd', 0, '2016-12-05 00:39:43'),
(1631, '7e2276a2cfee2fb83155e00b4ef16eee', 0, '2016-12-05 00:40:10'),
(1632, '164e5559147727f80ac4022fbacc15ec', 0, '2016-12-05 01:34:31'),
(1633, 'fe6622d3dd9c8205d5d6a3dff79c4c6b', 0, '2016-12-05 01:34:35'),
(1634, '03dfabc44f85b84fc6af72b8676a096c', 0, '2016-12-05 01:35:36'),
(1635, 'fc69ea6b01b83d9432881dbac1507315', 0, '2016-12-05 01:40:04'),
(1636, '58cd2d8c2b2f36b274b7ca6db39816a3', 0, '2016-12-05 01:44:15'),
(1637, 'e5a9f70cf3c9e7ed41c7955c631474e7', 0, '2016-12-05 01:46:04'),
(1638, 'd2f2ba05d484a078483f01e19018a34d', 0, '2016-12-05 02:40:01'),
(1639, 'f36a611c26eeaf25144bd7aefebd8bd1', 0, '2016-12-05 02:50:23'),
(1640, '5e9280939affd5a46f4243a3ecab337b', 0, '2016-12-05 03:35:48'),
(1641, '2210bdd5758b9177ffdeaaba2f467a1e', 0, '2016-12-05 03:37:53'),
(1642, 'f247666a09ae3a4a1578a9746239ea61', 0, '2016-12-05 03:37:58'),
(1643, '3570037a7467c328461733f7c24079e9', 0, '2016-12-05 03:38:00'),
(1644, 'd2804dfc24a979000c3149cfa6d4de3e', 0, '2016-12-05 03:38:02'),
(1645, '60cfa6a3e3ad288921ae3cf872be9d54', 0, '2016-12-05 03:38:04'),
(1646, 'a8c7a9f33df9524c0cfb02430be14f9e', 0, '2016-12-05 03:38:06'),
(1647, '4088fb3c60e1a4044449f32f48b59714', 0, '2016-12-05 03:38:08'),
(1648, 'd0e97879b96c499f6d069663ed94f569', 0, '2016-12-05 03:38:12'),
(1649, '840e60662c7a3319c3d2ec7f4814de06', 0, '2016-12-05 03:38:15'),
(1650, '65bc5d26e194485cc66b1fb118bd73e4', 0, '2016-12-05 03:38:17'),
(1651, '8f53be519194217fdc63229b01e6cca3', 0, '2016-12-05 03:38:19'),
(1652, 'e17ec7b2eeaaaad700841e778ef670e1', 0, '2016-12-05 03:38:21'),
(1653, '5dd2ed1663e0a73b52612f79581f2c91', 0, '2016-12-05 03:38:24'),
(1654, '4d3faefd15895ef6253ea7353ff77136', 0, '2016-12-05 03:38:28'),
(1655, '8e31383aa8287fa95ca2312437fffaf9', 0, '2016-12-05 03:38:32'),
(1656, 'b7e7e3a8e3494929d1f4941ad97d0873', 0, '2016-12-05 03:38:34'),
(1657, '2d38cf6c6d4a380dfa09549839c2d64b', 0, '2016-12-05 03:38:36'),
(1658, '7d7f807bcb554fba8eab4c7d195d3925', 0, '2016-12-05 03:38:38'),
(1659, 'b3f75a21490b8d60ee0e1e7f05e97484', 0, '2016-12-05 03:38:40'),
(1660, '53610eab41837c186fde541e6e4bdffb', 0, '2016-12-05 03:38:41'),
(1661, 'b2c22178d768e09c35856505e847a1a1', 0, '2016-12-05 03:38:42'),
(1662, '563c71fe3fbef1cf06743b17008739cd', 0, '2016-12-05 03:38:43'),
(1663, 'e9b5ffab259cce1c060f17495f29a7f0', 0, '2016-12-05 03:38:45'),
(1664, '9b9f5eccf4fa32eefa97a4de960bc51f', 0, '2016-12-05 03:38:50'),
(1665, '04fb992800fc19833be43bba476ccd06', 0, '2016-12-05 03:38:53'),
(1666, '2406a94aed09b982ef7507aa22e20b40', 0, '2016-12-05 03:38:54'),
(1667, 'da757b50e61e129cb027aaa563a57507', 0, '2016-12-05 03:38:55'),
(1668, 'd2c5179f5bb3fe631734721f1792cfe6', 0, '2016-12-05 03:38:56'),
(1669, 'd466a4972dc2dac467f5ec5be6ccfd85', 0, '2016-12-05 03:39:01'),
(1670, '8724daf9458a31a2d4fc6658df932fc6', 0, '2016-12-05 03:40:36'),
(1671, 'f518b9f1aa3ce14ac3de56736e175f7f', 0, '2016-12-05 03:40:39'),
(1672, 'c7e9e7b1144dd419faa5baad7eee62a3', 0, '2016-12-05 03:46:23'),
(1673, '3fdf4d0b868d9e015fd3ef34b3f0565f', 0, '2016-12-05 03:48:30'),
(1674, '535c8bf9c6648642cab2b5593e97d99b', 0, '2016-12-05 04:12:54'),
(1675, '99a627e931cacabad303623cad24fb3f', 0, '2016-12-05 04:39:10'),
(1676, '011d51247c926c3d919aeb0a71ba668d', 0, '2016-12-05 04:44:00'),
(1677, '02b47918a2cbd5c122b93b996c8872d8', 0, '2016-12-05 04:46:05'),
(1678, '8398523b4461291d30ca1dca1c6b9d4f', 0, '2016-12-05 05:34:53'),
(1679, '92cb8522a572330ce8ed36e8909ad3c1', 0, '2016-12-05 06:25:24'),
(1680, '25cb5ff0c704c3e58ed7c70c92348607', 0, '2016-12-05 06:36:06'),
(1681, 'ab51b7e33901d043c6646ade7a8df448', 0, '2016-12-05 06:43:22'),
(1682, '4fda41763645d4db1f48035fe30b9122', 0, '2016-12-05 06:43:24'),
(1683, 'f75ef707f4098149b8fc0a49843fbc31', 0, '2016-12-05 06:43:26'),
(1684, 'e8add92411ef7dc03587a00d3fe04010', 0, '2016-12-05 06:43:28'),
(1685, '99d7fc41030ad4a51db6ddd90ac47dc1', 0, '2016-12-05 06:43:30'),
(1686, 'ea0dfb3a9f4ac938d3581a9f46a1576a', 0, '2016-12-05 06:43:32'),
(1687, 'e3a6705b466178fc0a2ccea41ebf36e8', 0, '2016-12-05 06:43:35'),
(1688, '0ab4ef103d97c455c638383bc467b662', 0, '2016-12-05 06:43:37'),
(1689, '78f9d3815f1190d1a875f8b50302de60', 0, '2016-12-05 06:43:39'),
(1690, 'dc484d15983f3ebd54af5c49b1a33a2c', 0, '2016-12-05 06:43:41'),
(1691, '53fdafab7b5ac0e2e7f1075a8f023c89', 0, '2016-12-05 06:43:44'),
(1692, '7c66822659e3295f47b34266415d1ad3', 0, '2016-12-05 06:43:45'),
(1693, '25e1026a39ccc48c01c9de29739e7741', 0, '2016-12-05 06:43:47'),
(1694, 'd4101a5f981fcde956466d55466a03bb', 0, '2016-12-05 06:43:49'),
(1695, '0a28e5e5fe74bbecfc1c20df5ba27640', 0, '2016-12-05 06:43:51'),
(1696, 'e7acdf5f22a0ca873619bc7fd6f64681', 0, '2016-12-05 06:43:53'),
(1697, '9fe07dc0705b62079b330d344b45239c', 0, '2016-12-05 06:43:55'),
(1698, '3d618ba3e7f22d4a63fbc5d3dac8a489', 0, '2016-12-05 06:43:57'),
(1699, '131774f40b4043e340980b4079fa0d6e', 0, '2016-12-05 06:43:58'),
(1700, '5cda9049eda6656023bf96bf898a44a4', 0, '2016-12-05 06:44:00'),
(1701, '5a61e8aa8b677d3dce5addf6b314640e', 0, '2016-12-05 06:44:02'),
(1702, '9d37ad6441d8fc95f0aaeedbc932b436', 0, '2016-12-05 07:41:08'),
(1703, 'be7348bbec2307c55692c9114e080255', 0, '2016-12-05 07:43:13'),
(1704, '09c873caa37ad78c157b5123d6609504', 0, '2016-12-05 08:11:25'),
(1705, '50836e546765b7d6af46004399e685b1', 0, '2016-12-05 08:18:00'),
(1706, 'a3a1086cf135a3e158e55ea4350bf780', 0, '2016-12-05 08:57:21'),
(1707, '1544b4ffdf909db08a65735481980b2e', 0, '2016-12-05 09:27:28'),
(1709, '4b8be869602e58f14ce46582d2bde437', 0, '2016-12-05 10:25:16'),
(1710, 'ab6655621753f315664f886377a9a2f1', 0, '2016-12-05 10:43:54'),
(1711, '180d4520d6856ac12a3d2e6381dd34a4', 0, '2016-12-05 11:39:36'),
(1712, '2a441929ac87ac8ed07a4b61f6c7896b', 0, '2016-12-05 11:48:52'),
(1713, '948ae5fc9af39958a7417ea24393219c', 0, '2016-12-05 11:50:34'),
(1714, '5d30b4e241d14b9181a525a68cae635b', 0, '2016-12-05 12:45:36'),
(1715, 'cb44255c97501f4e29bc26e78614be05', 0, '2016-12-05 13:18:32'),
(1716, '700efe43677bdfb252ff6837b4719ec2', 0, '2016-12-05 13:29:50'),
(1717, '1697a9b7690c71c6415857ab8371141a', 0, '2016-12-05 13:51:17'),
(1718, '522ce9e7f05522456cb808c2cf9a6d3a', 0, '2016-12-05 13:53:23'),
(1719, '24186f0710be22dad2523c91836e1086', 0, '2016-12-05 13:55:39'),
(1720, '5430fc2ef8320ab6a1f6bfeec1db1ba4', 0, '2016-12-05 14:16:17'),
(1721, '658aa6cc5e557ad4390ffdc6f2a9ca04', 0, '2016-12-05 15:00:24'),
(1722, '397a5c1e1d69a1f2e6720e7541210559', 0, '2016-12-05 15:22:24'),
(1723, '487f83b4f8c8c9cb737938f5ddc96ebc', 0, '2016-12-05 15:22:28'),
(1724, '96246850de5aafefe68bad1ad6cdee13', 0, '2016-12-05 15:24:32'),
(1725, 'e4462b27fc983513572c7872c6de8856', 0, '2016-12-05 15:39:13'),
(1726, '749c907d537473a8cba81b0aadf0d223', 0, '2016-12-05 16:08:30');
INSERT INTO `basket` (`id`, `sessionId`, `customerId`, `createTime`) VALUES
(1727, '9b35c077700ddbc83b03167920859da7', 0, '2016-12-05 16:16:28'),
(1728, 'c1e8ce423cd982ba17c225bb10222575', 0, '2016-12-05 16:23:56'),
(1729, 'eb16eaf5c56dc1a9d8778b75e30f8252', 0, '2016-12-05 16:23:58'),
(1730, '53be909f5bc64a98dcb3da4048517165', 0, '2016-12-05 16:23:59'),
(1731, '738a31ee4206cd03263a91a5ffbfe0f0', 0, '2016-12-05 16:30:06'),
(1732, '82f92ecc4c12245a08eb5c8194f9be67', 0, '2016-12-05 16:50:29'),
(1733, 'b0f724f7c60cab31c8c2e591ac9cdb61', 0, '2016-12-05 16:50:34'),
(1734, '4a8bac489feab4ffd9ed61e4cb5f8883', 0, '2016-12-05 17:03:02'),
(1735, 'c600fe526bd8ebae09b4813a2b63317f', 0, '2016-12-05 17:45:14'),
(1736, '53fe2960a8a9c286a820bd6a81154839', 0, '2016-12-05 17:47:39'),
(1737, '60b0dcc61b1a3e81e8ef636fd23f00b4', 0, '2016-12-05 17:49:43'),
(1738, 'a3a74a0693a4d41974d9e6160ca81725', 0, '2016-12-05 17:49:47'),
(1739, '046926a2e5e97192ae58f0bb9a6a867f', 0, '2016-12-05 18:14:04'),
(1740, 'eff722ddcda05f6280d4e3406559ff8c', 0, '2016-12-05 18:20:55'),
(1741, '2f2578a0054411c0b4c76ede9acb6695', 0, '2016-12-05 18:44:10'),
(1742, '5f2336a6af91228f384ad48475bd3860', 0, '2016-12-05 18:46:10'),
(1743, '86ca79aff0bec5f689384a72c943764f', 0, '2016-12-05 18:48:12'),
(1744, '0efd47a8fb2733fe09929000e5a7c92c', 0, '2016-12-05 18:52:35'),
(1745, '4f08ab923386b08660fa925ea99b88a1', 0, '2016-12-05 19:14:45'),
(1746, 'ee45074f2bcd0f39450b5d3789e75974', 0, '2016-12-05 19:33:52'),
(1747, 'fec388b957f6137d0ceb7f03733e30e5', 0, '2016-12-05 19:40:47'),
(1748, '40fda2874c774a766508a2cd529b28b1', 0, '2016-12-05 19:45:54'),
(1749, '631c23363d16df976091a1b23aeccc01', 0, '2016-12-05 19:48:47'),
(1750, '4875e93a0f4ba1c12b949bb8437eb167', 0, '2016-12-05 19:50:12'),
(1751, '783b2288e12a4eb6fc39f09d121105c9', 0, '2016-12-05 20:04:25'),
(1753, '1d69383415b13eee2fa5b58e29a079e9', 14, '2016-12-05 20:21:40'),
(1754, 'ffbcdd68311a215a980a4542db7feaee', 0, '2016-12-05 20:38:59'),
(1755, '555930c06f9f255e0237fbd7191c5911', 0, '2016-12-05 20:41:09'),
(1756, 'c7d5d6742599aa64dec40252056ee5bc', 0, '2016-12-05 20:44:49'),
(1757, '90ea7240091a75e17b9fffbea628d064', 0, '2016-12-05 20:47:10'),
(1758, 'e5023f33b4bcd4ee3a25f8311b7e0897', 0, '2016-12-05 20:49:28'),
(1759, '961570ab13ce85805a5f044952077849', 0, '2016-12-05 20:53:23'),
(1760, '2b336b19c8e1f87e77a297e36fd67491', 0, '2016-12-05 21:12:01'),
(1761, 'abe6c8aadaf1fb44c35c0eed6d1ac06e', 0, '2016-12-05 21:39:30'),
(1762, '776ca2c2e6a241a5b33b6d65f81ce32d', 0, '2016-12-05 21:39:34'),
(1763, '6e53b17e9741a356a70cf0dd3da3105a', 0, '2016-12-05 21:41:17'),
(1764, 'f84f3b14ec7048dba907d077ccf032da', 0, '2016-12-05 21:41:35'),
(1765, '7356f81cef7606849b3281a49c5aba6b', 0, '2016-12-05 21:43:41'),
(1766, '2fdddbaa22646171e66f5712a8d8ca35', 0, '2016-12-05 22:19:26'),
(1767, '73cc8258b2119c808f723c07bc4a79ce', 0, '2016-12-05 22:37:31'),
(1768, 'e625b38a302a6952aab614705f3deba1', 0, '2016-12-05 22:39:49'),
(1769, '1e6bc1a6245ae1a427d8755ae08cea46', 0, '2016-12-05 22:40:48'),
(1770, '5ebf616aee23d501b30ecffba136926a', 0, '2016-12-05 22:41:22'),
(1771, 'de1cf92e41790e70a2e1d252d73e1c25', 0, '2016-12-05 22:42:52'),
(1772, '4c60e67718aaecea7c9be117cce94a62', 0, '2016-12-05 22:52:32'),
(1773, '06a90aff666fa1affb4380724fd84e6c', 0, '2016-12-05 23:02:20'),
(1774, 'c3038c06eb63b37f81c842db0ee9b17a', 0, '2016-12-05 23:22:09'),
(1775, 'd6d19fedea2d16251f8ff2a9c085f416', 0, '2016-12-05 23:40:24'),
(1776, '9fe1966fc89a6ab80aca446b4a75e792', 0, '2016-12-05 23:42:22'),
(1777, 'acd4e4f9c6fb4ab0f356207e0daaf991', 0, '2016-12-06 01:50:33'),
(1778, '44bdb7db9bbd4a2f027573d6f1427a2b', 0, '2016-12-06 02:39:47'),
(1779, '34675a8692acca07ef0a0a864cba8205', 0, '2016-12-06 02:41:48'),
(1780, 'fbc67bd93d65b579a01a5b2adc687604', 0, '2016-12-06 03:39:01'),
(1781, 'a135607ad1d0acfec9abd2b3f90e1444', 0, '2016-12-06 03:41:48'),
(1782, '6feb963145ffe95c6658fc3b5c95e8e3', 0, '2016-12-06 03:43:49'),
(1783, '6c546a3e483c08efd98092b798ca2c36', 0, '2016-12-06 03:45:38'),
(1784, '40592c109cbbfecb339b5ed30877cdd1', 0, '2016-12-06 04:41:00'),
(1785, '808a78ad3c7b793b1ac5278abea79968', 0, '2016-12-06 04:50:31'),
(1786, '763745be145430180aeeba03307ea648', 0, '2016-12-06 05:37:31'),
(1787, 'ebf1dbfffacc5933897e1430565260ef', 0, '2016-12-06 05:42:16'),
(1788, '645cace92b2aed379e94ab9e03574e97', 0, '2016-12-06 05:46:20'),
(1789, '6ad1e6c5828b23d0b26ccd96ce36a5e7', 0, '2016-12-06 06:36:01'),
(1790, 'ee49e32d8d1a582da9215f5cc10b7fb8', 0, '2016-12-06 07:37:45'),
(1791, 'e58235eb5f5a20b4c9d25e16991eb671', 0, '2016-12-06 07:37:48'),
(1792, 'ee3c1bd773ae084aff617aa9637f16cd', 0, '2016-12-06 07:43:55'),
(1793, '3049dad0cee7aa0b38b089e5f9efc3a5', 0, '2016-12-06 08:07:42'),
(1794, '7b764f24df4dd64653a6ad04c06c7471', 0, '2016-12-06 08:29:32'),
(1795, '32cb30f72013dbfab4ea2d5d2f28cb3c', 0, '2016-12-06 08:40:37'),
(1796, '070fb92f630fbfb9b8f227e7831eec45', 0, '2016-12-06 08:48:30'),
(1797, '8dce0df816d05ec85133d742dfdbad2e', 0, '2016-12-06 09:37:02'),
(1798, 'fbf6ef767c4c3691898911a8b43571d7', 0, '2016-12-06 10:30:18'),
(1799, 'f0796be7528ab883d0791e23b7a92119', 0, '2016-12-06 10:30:22'),
(1802, 'f7439cbfb53b6b35d79643ee990f6068', 0, '2016-12-06 11:37:08'),
(1803, '4934825ecebe8b5781f5d954cb1f8351', 0, '2016-12-06 11:41:19'),
(1804, 'bdc689b9df9ed438f5e3cfdc6295c4a0', 0, '2016-12-06 11:51:51'),
(1805, 'b7907936319b58439ac56bc2363ddc1d', 0, '2016-12-06 11:58:27'),
(1806, '80e2ec18bb310fb8fd4e38f86fb10ccf', 0, '2016-12-06 12:45:10'),
(1807, 'ae633ab89c7b8c12c72721422c624e7b', 0, '2016-12-06 13:08:03'),
(1808, '7616498ec35580a69584d9e26fb40f30', 0, '2016-12-06 13:41:19'),
(1809, '6379442e12524e27ea5c3292735b8838', 0, '2016-12-06 14:25:54'),
(1810, '83e70ab105670053e27660d20b2f7bc2', 0, '2016-12-06 14:35:59'),
(1811, 'e8612ced29d8793010279fe816cfb403', 0, '2016-12-06 14:48:24'),
(1812, 'b456227ec2e549efff8c25d289ffc9c5', 0, '2016-12-06 15:27:37'),
(1813, '77e846e0e80399dd6c6f2f88dfdd63ee', 0, '2016-12-06 15:27:41'),
(1814, '024d511bc0e421cc59c58bd4d0cedfe7', 0, '2016-12-06 15:50:08'),
(1815, 'ad09e180f62c06eb805e06cd1e0d66aa', 0, '2016-12-06 15:59:18'),
(1816, '384dfa09e604f3b45f4113a82f56d965', 0, '2016-12-06 15:59:29'),
(1817, '4d750dd9ee8f6308b8b7c07d2390f767', 0, '2016-12-06 15:59:40'),
(1818, 'bb61e26dd6a47b4c36b1d5c97dd86cd3', 0, '2016-12-06 16:11:06'),
(1819, '0bbe7efe51a3684146c433e63b17b330', 0, '2016-12-06 16:12:40'),
(1820, '0bdc27b7a6693e87dc0f37aba0598abf', 0, '2016-12-06 16:31:30'),
(1821, 'fc7c6b41dc0001be4534f525fbdfc5c4', 0, '2016-12-06 16:36:07'),
(1822, '225d84977c1e4e298a6b07eb5ebd4250', 0, '2016-12-06 16:37:21'),
(1823, '0d524dcc64ca7e709453e0df30deb729', 0, '2016-12-06 17:13:45'),
(1824, '94c2f39f2134d2f2d21b1dd7136fa0ac', 0, '2016-12-06 17:40:47'),
(1825, 'b55600768fa1b0c3d271f7592ef74968', 0, '2016-12-06 19:01:33'),
(1826, '3239a39d544e5c01449894af61853c4d', 0, '2016-12-06 20:00:50'),
(1827, '65ec30a9c0d09571266d95c1817f0caa', 0, '2016-12-06 20:00:54'),
(1828, '0b4f62d6c9d44ad372bb24eb8429f3cd', 0, '2016-12-06 20:03:04'),
(1829, '3087a31c2d263af982cb957fb68c66a2', 0, '2016-12-06 20:03:08'),
(1830, 'ffaf5ee171d26f497069843ae462916d', 0, '2016-12-06 20:06:30'),
(1831, 'f01bb8a0d06fa839606a036193c2e8c1', 0, '2016-12-06 20:07:30'),
(1832, '323213da93dd953b2d747dd27b744401', 0, '2016-12-06 20:08:24'),
(1833, '1e41afe8638cc0f84583c313b0e66808', 0, '2016-12-06 20:25:40'),
(1834, 'eca9b9d59ed7d0f66a33c5ce1f6aa09b', 0, '2016-12-06 20:25:41'),
(1835, '16315eeae3ac6c8d02fc0d74a1aa6297', 0, '2016-12-06 20:25:42'),
(1836, 'bc06c51d46c5149276ec9cd550cd552f', 0, '2016-12-06 20:25:43'),
(1837, 'd14e6035637ad85636f7ef5df17eabfe', 0, '2016-12-06 20:25:46'),
(1838, 'f0510f8e0959ab0752f29d6969ab4d74', 0, '2016-12-06 20:25:47'),
(1839, 'e91047f394f6688523b7cbd774a4692c', 0, '2016-12-06 20:25:48'),
(1840, 'c905f7f5e3ed9e04cc5b8f288ffdd6e1', 0, '2016-12-06 20:25:51'),
(1841, '9cbdff864a60dcaf6a304050fcef507f', 0, '2016-12-06 20:25:52'),
(1842, '3123e6febef3f84ce018c9ae05344de7', 0, '2016-12-06 20:25:53'),
(1843, 'a2f125d8fdbcf60a94175f384d3e6fb6', 0, '2016-12-06 20:25:54'),
(1844, 'b5768f019e22b51ede487476f488ac0d', 0, '2016-12-06 20:25:58'),
(1845, '811cb681ad6a3775db7c904f5f330928', 0, '2016-12-06 20:25:59'),
(1846, '96280ce1bf19c3dbaf11e05daba3c99f', 0, '2016-12-06 20:26:03'),
(1847, 'eb0e423ccd48d12af81896585eb45326', 0, '2016-12-06 20:26:04'),
(1848, '7940dafb72cee24de898f450ba747fdd', 0, '2016-12-06 20:26:05'),
(1849, '47f584405a29bce2b80fd006898a36f4', 0, '2016-12-06 20:26:06'),
(1850, '7c892e45326bd1fce2c432e725e93ce7', 0, '2016-12-06 20:26:07'),
(1851, '438ed6fccad5832cc4a4a28c9a51aae6', 0, '2016-12-06 20:26:08'),
(1852, 'a11fd7106e026887b8a43e9d129b9c88', 0, '2016-12-06 20:26:09'),
(1853, 'dd5e29ceaeed45a44b593232d4169d72', 0, '2016-12-06 20:26:10'),
(1854, '840dc666729ba0c8e520768abb822b39', 0, '2016-12-06 20:26:11'),
(1855, '1f56a9cfc79276612cdb20c0eb566378', 0, '2016-12-06 20:44:15'),
(1856, '447aac6231a55589113d3d2baf2b07ea', 0, '2016-12-06 21:01:49'),
(1857, 'cc66160077eb635c960321e774349b37', 0, '2016-12-06 21:03:32'),
(1858, '4b5f5f772e4fd19479d82e940bdec25e', 0, '2016-12-06 21:06:11'),
(1859, '16072c1f7a053cefb91b399a42a3b8b9', 0, '2016-12-06 21:58:03'),
(1860, '8074226c492ac46e691bea92ae74e8bc', 0, '2016-12-06 22:04:01'),
(1861, '81b67a4bf9534c5a45bba9c3601d1334', 0, '2016-12-06 22:32:15'),
(1862, '53bb4031d9f0805cea764d301376fc39', 0, '2016-12-06 22:32:16'),
(1863, 'e976445600d0a0961f71695e6aeff27c', 0, '2016-12-06 22:32:17'),
(1864, 'e4b63d55835023f3df983d0a5503c735', 0, '2016-12-06 22:32:18'),
(1865, '2d8dfdda04264660a1b468533aa06615', 0, '2016-12-06 22:32:20'),
(1866, '528f73b4bb03d6d2b21e542fa5adf46a', 0, '2016-12-06 22:32:21'),
(1867, '5f2d91eba2fec633917b304ca8d6deaa', 0, '2016-12-06 22:32:22'),
(1868, 'c8fc3d830234f02f43081f24d18cd729', 0, '2016-12-06 22:32:23'),
(1869, 'dfa964eef5b253df9ff330b318554130', 0, '2016-12-06 22:32:24'),
(1870, '2bcdd5bd635c25d01c11ceafb8c0834d', 0, '2016-12-06 22:32:30'),
(1871, 'f173dd43dd7c9228ebda172fc8e538e2', 0, '2016-12-06 22:32:31'),
(1872, '22449c0b9af35ee23c360d41609b82a1', 0, '2016-12-06 22:32:32'),
(1873, 'd5c59a1e765b3f7110aa46411b3b7ba1', 0, '2016-12-06 22:32:33'),
(1874, 'c420b52bb55fae690161bc78a3e3e5e6', 0, '2016-12-06 22:32:34'),
(1875, '7545a034948af2608f0580ea702f5e0b', 0, '2016-12-06 22:32:40'),
(1876, '57c0005bff7528ef9c28497dd559e89a', 0, '2016-12-06 22:32:43'),
(1877, '4b239b1117f82ba0f208718ecb151168', 0, '2016-12-06 22:32:44'),
(1878, 'b2f1d72391adfabb1c3ddab16b8162df', 0, '2016-12-06 22:32:45'),
(1879, 'abb941b5c30699a00f6a1f9684906359', 0, '2016-12-06 22:32:50'),
(1880, '6dd7cc72c10d831aef88d952be930e0d', 0, '2016-12-06 22:32:51'),
(1881, '2debc6ce9ec7979e7c0a9802419dbdf9', 0, '2016-12-06 22:32:52'),
(1882, '2ecfa29c41cf50eec8abd9274e2c398e', 0, '2016-12-06 22:32:54'),
(1883, 'c2045024e4ba34360a2fd1db5f470ef8', 0, '2016-12-06 22:32:55'),
(1884, '95495a6b92698844f28fe13980814fda', 0, '2016-12-06 22:33:00'),
(1885, '13fd411ec286efbb6a9c75d1f286d896', 0, '2016-12-06 22:33:01'),
(1886, '2e30ae8bedab0b13401d6709a26d8b52', 0, '2016-12-06 22:33:02'),
(1887, 'c503014f13a4d4d0f2f12ba62d5c114e', 0, '2016-12-06 22:33:04'),
(1888, '2f05a496ccdb864d6de2d2def4df0c48', 0, '2016-12-06 22:50:12'),
(1890, 'a6f1753f40df137339c047f07a5d818c', 0, '2016-12-06 23:07:08'),
(1891, '2168319884f080cefcf02dfca6b5232b', 0, '2016-12-06 23:07:50'),
(1892, 'd2fc945c349722b2710d42405ffafd6e', 0, '2016-12-06 23:39:51'),
(1893, 'b26b5cabb1fde622feeb2117228d4abc', 0, '2016-12-07 00:08:10'),
(1894, 'f3a213923686d985ad77f44c546db910', 0, '2016-12-07 00:11:00'),
(1895, '6368f73616e18ace41e0d7dc9a718d21', 0, '2016-12-07 01:01:10'),
(1896, '5f2611bff3cf4385bb80ad9473f5e234', 0, '2016-12-07 01:15:10'),
(1897, '6c8f427dd27537d550b9a4a934888e63', 0, '2016-12-07 01:15:11'),
(1898, '75a72430ffa37e50709c84cf3c2cd838', 0, '2016-12-07 01:31:47'),
(1899, 'ca0c78c907919ecd68f5e8756c11cc3c', 0, '2016-12-07 02:07:17'),
(1900, 'ef095cf6b60f84a8be81327df1d4c481', 0, '2016-12-07 02:11:19'),
(1901, '8846cf986eaee93745ea34f16c3dca87', 0, '2016-12-07 02:13:29'),
(1902, '5a871f74a56fe1df084b1a0079ddf7eb', 0, '2016-12-07 03:07:11'),
(1903, '9e455e2e4db231acdb73aa4c2fca111e', 0, '2016-12-07 03:20:52'),
(1904, 'b9549fd3a1ff80f4dfef14ec3a671d35', 0, '2016-12-07 03:20:53'),
(1905, '07c29d311eb2c107c2bf9756d9062899', 0, '2016-12-07 03:20:58'),
(1906, 'af8a8ab61964eb25b202b88fb52b27a8', 0, '2016-12-07 04:08:51'),
(1907, 'dbc22ea693faa9c3da7e5eba35a36684', 0, '2016-12-07 04:20:03'),
(1908, '24f490c6af5ae123a93cf0d8e2354ec2', 0, '2016-12-07 04:20:06'),
(1909, '57a03bd4eba0219161b6379c3a7696bd', 0, '2016-12-07 04:23:21'),
(1910, '2e6ec6a6645303e704ddb53816b04d50', 0, '2016-12-07 04:24:24'),
(1911, '4a03e8f18ac0b22ff79d9fd973b24336', 0, '2016-12-07 04:25:29'),
(1912, '5e9044d9e8a53fd1787418bf0f1adff1', 0, '2016-12-07 04:31:35'),
(1913, '4834cb16fbb20d1f46d20e902f0b6393', 0, '2016-12-07 04:31:39'),
(1914, '1012c02d5494a0ee64f0dfbb026c7a40', 0, '2016-12-07 04:35:53'),
(1915, 'b7e00425c15596bf8541338ba2e099a7', 0, '2016-12-07 04:35:56'),
(1916, '47c7b06480799c8cab0c8274d8bf6dd2', 0, '2016-12-07 04:35:58'),
(1917, 'ed88a5417f3a2f048c73b56e82a24038', 0, '2016-12-07 05:16:38'),
(1918, '28f8d3b0bf6e2b3265e315365849570a', 0, '2016-12-07 05:18:02'),
(1919, 'dad8cd291a6820937f2598d4b6d85ed8', 0, '2016-12-07 05:18:39'),
(1920, '235fb8a861562a167499198ce6c47ae8', 0, '2016-12-07 05:18:45'),
(1921, 'd8e602c44894b0a9223ed0f2a1050ff4', 0, '2016-12-07 06:10:24'),
(1922, '458ce3d191ace22fdbd95dbdf9f743ad', 0, '2016-12-07 06:14:05'),
(1923, 'fe55b7689440f176aa0b191c1c36fc66', 0, '2016-12-07 06:15:53'),
(1924, '6c038fa262ddc25e8f12e4490afa95a4', 0, '2016-12-07 06:19:54'),
(1925, '863de54fb5f3d4d4a3c7459a71115140', 0, '2016-12-07 06:21:26'),
(1926, 'f696685b5dade7d3989dd1cf8c8b89f0', 0, '2016-12-07 06:22:14'),
(1927, 'a95df6b4aed22e89793c3dd6247944ad', 0, '2016-12-07 06:32:46'),
(1928, '13e27acae4c7246e558d7360fc055a38', 0, '2016-12-07 06:36:33'),
(1929, 'df899b286fc3aead8bef62342253f699', 0, '2016-12-07 08:09:51'),
(1930, 'f957bc499bcdbbbde8b83e976ad92428', 0, '2016-12-07 08:45:09'),
(1931, 'ede24fc586f82e83f05b0a5c662295ff', 0, '2016-12-07 08:51:29'),
(1932, '5f071467e78dcb15aa796da8f353457e', 0, '2016-12-07 08:51:32'),
(1933, '20b7162fb5f0db59109872452901ff01', 0, '2016-12-07 08:57:54'),
(1934, '157d854f1a2c1d50d43fcea16163f273', 0, '2016-12-07 08:59:29'),
(1935, 'f1116509257c9c1357b5a086f5c02c8c', 0, '2016-12-07 09:01:12'),
(1936, 'ecce8e1ce6c044523370ff6d7dfa7951', 0, '2016-12-07 09:03:05'),
(1937, '39d7947f44e47b729a1d1a2cf8db129c', 0, '2016-12-07 09:07:33'),
(1938, '8a3a90ee944b9135a938f0ed1eef3951', 0, '2016-12-07 09:09:29'),
(1939, '572e6929b9882a24ffeb676c9640f892', 0, '2016-12-07 09:41:57'),
(1940, 'e8c0766b3abc848757d57b3f95040aa4', 0, '2016-12-07 10:12:53'),
(1941, 'a4a738465dadcf4c1f848a1ae0629220', 0, '2016-12-07 10:16:59'),
(1942, '85dc48d72e23080876d05b97cdf93ab5', 0, '2016-12-07 10:24:35'),
(1943, '6715414ac83fb32b8c6a4853fc0f98f5', 0, '2016-12-07 10:24:38'),
(1944, 'b328a4d653ab06079398cd3b02a42187', 0, '2016-12-07 10:48:45'),
(1945, 'b544a9895bc7a74c5f9418d6b7d7f617', 0, '2016-12-07 11:29:26'),
(1946, '356ed0131849df85e69fc346f794be4f', 0, '2016-12-07 11:29:30'),
(1947, '0191ef51012d3a063f6e8c6c53b7e04e', 0, '2016-12-07 12:13:17'),
(1948, '5718bf2a9e8d0efb34bc5322681453a6', 0, '2016-12-07 12:18:24'),
(1949, '92f30876bfb5cc6caa815334a1f76d36', 0, '2016-12-07 12:18:44'),
(1950, 'da8cf2a67bcaf5e399474ba2cf5f305c', 0, '2016-12-07 13:32:29'),
(1951, '8f998ba41f0dbfd51966cecbdd2aa2ed', 0, '2016-12-07 13:34:13'),
(1952, '6878333507b77c083167eec5cad4fea7', 0, '2016-12-07 13:36:05'),
(1953, '37ec154e3110d58601cc5ce5e11f8b9e', 0, '2016-12-07 13:52:20'),
(1954, '862681a181e1abec8542873f2bf49de5', 0, '2016-12-07 13:56:59'),
(1955, '35b8f69c58648f97e7f0efd4991c327f', 0, '2016-12-07 15:41:15'),
(1956, 'aeae1f283171061a34c5b36e5e27029c', 0, '2016-12-07 16:42:08'),
(1957, 'fbc5f52100de9b6403710ecc52315a51', 0, '2016-12-07 16:45:40'),
(1958, '6d6035743064ac61ec89250067e3d5aa', 0, '2016-12-07 16:53:01'),
(1959, '4c0bb2298fd3548bc9519e46374a6a1d', 0, '2016-12-07 17:33:21'),
(1960, 'b191f6536ec8bba3977f1a6535568b89', 0, '2016-12-07 17:33:24'),
(1961, '52340143aca41b0d0c5e1cb9fe588af7', 0, '2016-12-07 18:11:58'),
(1962, 'f8e7877e973b3fb30ae259d1198caec0', 0, '2016-12-07 18:16:34'),
(1963, '35a27df2e8ce4bd810841b21a3053b18', 0, '2016-12-07 18:16:38'),
(1964, '6a9c77884037a06a48b2f7a0a375dc8c', 0, '2016-12-07 18:21:31'),
(1965, 'd35ef4134f8896ad8e7db21e1ead15b8', 0, '2016-12-07 18:23:40'),
(1966, '3ccb5df1ec19ed253cdb9a06d9884c25', 0, '2016-12-07 18:27:11'),
(1967, '26baa3b2160ae4922ca8a8422de79dde', 0, '2016-12-07 19:12:14'),
(1968, '77f4bc80a9728c2b0b49232854c4d572', 0, '2016-12-07 19:12:54'),
(1969, '06f6312b689e02746843236692e9a2bb', 0, '2016-12-07 19:14:08'),
(1970, '318303aec6b5e56010bbaed27af14384', 0, '2016-12-07 19:14:11'),
(1971, '1eecf35f550a6a4bd6862055a29a5af6', 0, '2016-12-07 19:16:09'),
(1973, '04127d1c305bc1a18827ae454cecd714', 0, '2016-12-07 19:17:40'),
(1974, 'ae5b5c1b0217461b8b4ccd0cb70e1b25', 0, '2016-12-07 19:18:43'),
(1975, '25939b484972b063e370250b2125968d', 0, '2016-12-07 19:20:19'),
(1976, 'c35a935f74ceea6c89ee589b099b77c5', 0, '2016-12-07 19:22:36'),
(1977, '6825286c6e5e03222c2904edc7d5cb6e', 0, '2016-12-07 19:22:53'),
(1978, '937169ab96e672c020b4bad2ff9dfcdf', 0, '2016-12-07 19:23:04'),
(1979, '1c6d88d4cbd514f8b2bd8a6eb86d43e0', 0, '2016-12-07 19:23:40'),
(1980, '404294b6679217c9ce02627b79a6fdb4', 0, '2016-12-07 19:25:35'),
(1981, '00f4245e3bd820a583ae17ac7a95b070', 0, '2016-12-07 19:26:21'),
(1982, '7f9ff4c9891deea1e6b8bc1c53d529e4', 0, '2016-12-07 19:26:55'),
(1983, 'd21efb529d908022a396ea09513ac2d1', 0, '2016-12-07 19:28:26'),
(1984, '18d82eb66d07ca6e20620e1f0107dc62', 0, '2016-12-07 19:31:17'),
(1985, '5390829a532b51308d231a2ef7a0f3d8', 0, '2016-12-07 21:33:39'),
(1986, '96ded034be1cc5cdf98e5688b15c0ca1', 0, '2016-12-07 21:33:42'),
(1987, 'f9ae7a401352211a303d720cd12ec304', 0, '2016-12-07 21:49:13'),
(1988, 'ed075e28ba47edb46ff5d7b11f9e7a79', 0, '2016-12-07 22:54:07'),
(1989, '4f75b594e8fcadab8b61d1302ce72ec1', 0, '2016-12-07 23:03:01'),
(1990, '95980dda486fab7a37e5d01216325ab1', 0, '2016-12-07 23:03:09'),
(1991, '593947851109b3892b502289331a1b9c', 0, '2016-12-07 23:59:21'),
(1992, 'c54d1a54f7889052fd9ae3fede664ffc', 0, '2016-12-08 00:00:47'),
(1993, '557b2cb4908861b8ff8e742a42497c06', 0, '2016-12-08 00:27:50'),
(1994, '365b8dd488be36f1ebfc0954d2d291c7', 0, '2016-12-08 00:29:40'),
(1995, 'ff272439bb82e147530f49e7dfcdbdf2', 0, '2016-12-08 00:29:44'),
(1996, '0eec3705d6494d40fff438d01a1b83ce', 0, '2016-12-08 00:32:08'),
(1997, 'db3dc5adda0eac44a2e3cc7b13eb3ca1', 0, '2016-12-08 00:36:01'),
(1998, 'e9953f6c95c5726ed6862ab91258a6a4', 0, '2016-12-08 00:37:56'),
(1999, '7bcab349b73415a4156f0a49fd3b8eaf', 0, '2016-12-08 01:18:16'),
(2000, '45cd55d2e6980aab409fe70114e4b8c9', 0, '2016-12-08 01:18:20'),
(2001, 'd361ea6f3f37ecb1c30cfc271539b87b', 0, '2016-12-08 01:19:26'),
(2002, '1946d9eef4b15bc28cb5691e28f56b3f', 0, '2016-12-08 01:20:28'),
(2003, '52aa66098d3ae469f5b547f7ee97dd03', 0, '2016-12-08 01:21:25'),
(2004, '9f0c1a4b0cb2de2d131e28e71529d3a5', 0, '2016-12-08 01:22:24'),
(2005, '00d027734aeaa666a12618862aa49b4f', 0, '2016-12-08 01:36:10'),
(2006, '6c958900d8012a69da35f459e6baaa15', 0, '2016-12-08 02:11:38'),
(2007, '87de17243260ba7c7f8a6c09df4f94cd', 0, '2016-12-08 03:07:52'),
(2008, 'c3a9123fa64106f400b9b0f4c91b8b56', 0, '2016-12-08 03:09:00'),
(2009, '9fec08e9fde5ad6eb60be3a730a8c698', 0, '2016-12-08 03:14:46'),
(2010, '94128d198ef579d7366a1dc383fa291c', 0, '2016-12-08 03:36:30'),
(2011, 'a4e8a393858b650803892e3dcb4e0591', 0, '2016-12-08 03:36:33'),
(2012, '323b99623950adaaa07195a8fffa9f6c', 0, '2016-12-08 03:36:36'),
(2013, 'd9cb966be13dab07311d8c3cfef13a30', 0, '2016-12-08 03:36:38'),
(2014, '5d7defe1ce9ef4c49eb09ee9d08d62ab', 0, '2016-12-08 03:36:42'),
(2015, 'b233888603324f495fef63d85d4d9d33', 0, '2016-12-08 03:36:44'),
(2016, '65e1395540a5f6d24775461f45e53a1b', 0, '2016-12-08 03:36:48'),
(2017, 'ee87f990e594dad88b6ac4815876aa1b', 0, '2016-12-08 03:36:51'),
(2018, '2414394a50415254e2a38d17eb14a04b', 0, '2016-12-08 03:36:55'),
(2019, 'b72a8d3987970856ec51fc2afff94814', 0, '2016-12-08 03:36:57'),
(2020, '1ad82533dc15fe0226d44fd1d2e6b37f', 0, '2016-12-08 03:37:00'),
(2021, '25c68b31b58ba276dc5c4b9c4d0337af', 0, '2016-12-08 03:37:10'),
(2022, '7e36acfff0bbaaee113a705f6c0c247b', 0, '2016-12-08 03:37:14'),
(2023, 'b58b8d81144764e9600b09b995bc3e4a', 0, '2016-12-08 03:37:18'),
(2024, 'c7959423feb22e1d779c23affc0ae6c0', 0, '2016-12-08 03:37:23'),
(2025, '8e7f1aecefd4ac55a2e0ae64e0e20cd9', 0, '2016-12-08 03:37:26'),
(2026, '48c14bfca2418c48e097409ddbd01952', 0, '2016-12-08 03:37:28'),
(2027, '3a9b398d80e4166fcd11aed82b1012c9', 0, '2016-12-08 03:37:31'),
(2028, 'c8def91ba7b6af7f4a04a5b9f8ae41e2', 0, '2016-12-08 03:37:34'),
(2029, '9b2b56546159d95dfb59e2135b5f4456', 0, '2016-12-08 03:37:39'),
(2030, 'fd183f3e52de02811e3362feed225eae', 0, '2016-12-08 03:37:44'),
(2031, 'be7ceb8dca0c0db449bfa0bc78486736', 0, '2016-12-08 05:17:44'),
(2032, '317c4c725a0ec2b3ebfeb1fdb8a92dd1', 0, '2016-12-08 05:37:26'),
(2033, 'e04c6187a3b5c2c6db01175bf52032bf', 0, '2016-12-08 05:38:24'),
(2034, 'ce3ed95d5197204030c3739c4e0bfa39', 0, '2016-12-08 05:38:37'),
(2035, '967df7d93d84de153ac2ebcc19a048ff', 0, '2016-12-08 05:39:21'),
(2036, '15ac938da1ebb6276a3c05f9ae7439af', 0, '2016-12-08 05:40:22'),
(2037, '8cd98a0689944091a45d727e3897de4f', 0, '2016-12-08 05:41:31'),
(2038, 'd78756c8b4a8b442e13a2168471b8390', 0, '2016-12-08 05:42:43'),
(2039, 'fa6f3ba613fdb31a3c47bb1e6c5a6711', 0, '2016-12-08 05:49:55'),
(2040, 'fa54118a64465b82787540ffc96c9324', 0, '2016-12-08 05:51:59'),
(2041, '52d557690f97f1c8c8bbb1a4a5b6a694', 0, '2016-12-08 05:56:00'),
(2042, '96c7a8128d4aa7b2346749cdf4b4a617', 0, '2016-12-08 06:05:02'),
(2043, '709963fe680549fa5d0a5e4e3ea62c68', 0, '2016-12-08 06:05:06'),
(2044, '16b7ab59060a3cbd9c064a06b44ba3ae', 0, '2016-12-08 06:14:39'),
(2045, '130d593e0c5ac1b5e1c3ac4299952bca', 0, '2016-12-08 07:55:16'),
(2046, 'baa1ff0b33209ed2c18cc7b3cc8fef66', 0, '2016-12-08 08:31:26'),
(2047, '50b3caadf9d42176b00f21183174d721', 0, '2016-12-08 08:31:30'),
(2048, 'ee81ee368e5c710bc054fb6bc496b601', 0, '2016-12-08 08:33:19'),
(2049, '012f284e93c9419c887c4ad52398c220', 0, '2016-12-08 08:35:22'),
(2050, 'a91cd8eaf982954602d6dd38fcb6abd3', 0, '2016-12-08 08:46:55'),
(2051, '9eb3930efc57b733e1ee37b68e1b4517', 0, '2016-12-08 10:00:47'),
(2052, 'df52924e5a678b3fb7b132ea9eefa7d0', 0, '2016-12-08 10:31:32'),
(2053, '2df17e030b235f4aa43cc1c43fe76748', 0, '2016-12-08 10:33:29'),
(2054, 'f473072be70c0687936f20eb078bc1f5', 0, '2016-12-08 10:38:56'),
(2055, '17b5e8b092ac1804787bac5b51adf084', 0, '2016-12-08 10:46:08'),
(2056, '001e48af453a131701ca41aab17b7068', 0, '2016-12-08 11:19:56'),
(2057, 'f09c5331cf7378bfd5a06288ba0b8957', 0, '2016-12-08 11:22:27'),
(2058, '96edcb2966406177908a6891bfd92638', 0, '2016-12-08 11:27:40'),
(2059, '8cbe950b1dbe5b6026587ca92df6b3bb', 0, '2016-12-08 11:29:12'),
(2060, 'acd46ceb560ae5e56fd93b7859dcf9f8', 0, '2016-12-08 12:22:07'),
(2061, 'a108a1290b3ada048bd52c9e9692c4df', 0, '2016-12-08 12:22:09'),
(2062, '529cb8fecca00413236d510cc588850b', 0, '2016-12-08 12:22:11'),
(2063, '8daa8aa4c6ce797b604f9a01b7df90d2', 0, '2016-12-08 12:22:12'),
(2064, '3ed4df327eeebaf85407932df64dcab2', 0, '2016-12-08 12:22:14'),
(2065, '3c69e8180a011659a68acced3907024c', 0, '2016-12-08 12:22:16'),
(2066, 'ce9c83d13fed9f8aee6d4624e4fe0b88', 0, '2016-12-08 12:22:18'),
(2067, '492a7a0f6573009c015e620d330335e1', 0, '2016-12-08 12:22:19'),
(2068, 'fb3b5ef78bc0af6d79bc316a8c2bdfc4', 0, '2016-12-08 12:22:27'),
(2069, '49f6658f9841661a33b8d7fbeaa3f94f', 0, '2016-12-08 12:22:29'),
(2070, '3f6f27443fbdb76c3037b41b7c7bdd58', 0, '2016-12-08 12:22:31'),
(2071, 'fa7166ff1709de414a36351b764452c3', 0, '2016-12-08 12:22:33'),
(2072, 'ab37244258c1a6b547b6aef08927ab88', 0, '2016-12-08 12:22:35'),
(2073, '8fc1ca4ca9fb3fecdd8fbc7376381bee', 0, '2016-12-08 12:22:37'),
(2074, 'a8561ff6c94d79159cb91d0dd79072c4', 0, '2016-12-08 12:22:38'),
(2075, 'd99b9d20f625348cd3162344db9b5bcd', 0, '2016-12-08 12:22:40'),
(2076, 'ff6850b01402c82355ee5ada04fce0e1', 0, '2016-12-08 12:22:42'),
(2077, 'e8cec6497febc48ce163205be8f138fa', 0, '2016-12-08 12:22:44'),
(2078, 'f6961f4214692bb86bfbfbe9f865d322', 0, '2016-12-08 12:22:46'),
(2079, 'b0738dca55f895614be9e5dea91b0c71', 0, '2016-12-08 12:22:47'),
(2080, '66a90939c89ce6d2dc3a7b8e74aa7b6e', 0, '2016-12-08 12:22:49'),
(2081, '8f69d756b0c0c8e98991938c2b78c9d3', 0, '2016-12-08 12:22:51'),
(2082, '7adb673718bad8e3bacac43e22e14fbb', 0, '2016-12-08 12:22:52'),
(2083, 'd4a1ffe43c67b4d268d1cf2dfaa549ea', 0, '2016-12-08 12:22:54'),
(2084, 'b4f213c56a0d1a01177d24a615443f02', 0, '2016-12-08 12:22:56'),
(2085, '7d67a4f849d7668fd387dc0cef63f2b3', 0, '2016-12-08 12:22:58'),
(2086, '6602e542648e8708bd1ab6f530a78c50', 0, '2016-12-08 12:44:40'),
(2087, '0ea1d416b739b1b348fe9032f11dea22', 0, '2016-12-08 13:12:20'),
(2088, 'e4c4508ddee0f29653fa7af67600ac76', 0, '2016-12-08 13:42:27'),
(2089, '751c0c31e9fc0cd62199e94523571728', 0, '2016-12-08 14:14:19'),
(2090, '284661e008f8cb9ee3de63d9a7f86e7c', 0, '2016-12-08 14:17:18'),
(2091, '284661e008f8cb9ee3de63d9a7f86e7c', 0, '2016-12-08 14:17:18'),
(2092, '28f2eef33150f52830aa2a3a8fa28dcc', 0, '2016-12-08 14:19:31'),
(2093, '5d563e858f5e8aaac732ee388820d6b0', 0, '2016-12-08 14:50:07'),
(2094, 'c19aa1ba96650cd27cb7b7251cfb26a2', 0, '2016-12-08 14:55:29'),
(2095, 'b8429f9920890e6664e238dc7f67d523', 0, '2016-12-08 14:55:35'),
(2096, 'b8c0706686111253be52daae3ac9b584', 0, '2016-12-08 15:00:57'),
(2097, '3b0b07030b3f5ae3d004c95268c52fab', 0, '2016-12-08 15:14:32'),
(2098, '99c2c0599542392ceb0eb03bd19edac7', 0, '2016-12-08 15:14:36'),
(2099, '190680a1e3e49ab56951279db8f275f3', 0, '2016-12-08 16:19:31'),
(2100, '8dec546983199289e0b0a3e1cacc13f6', 0, '2016-12-08 16:23:48'),
(2101, '33db459365abf2b6cd399b078c956097', 0, '2016-12-08 16:47:56'),
(2102, '800d5ec27621d6fa412f8e512ed7ec94', 0, '2016-12-08 17:09:58'),
(2103, 'b796710d99d7135158badb15935ce710', 0, '2016-12-08 17:36:34'),
(2104, '041808ed607ebcf2e72f908a39761f1b', 0, '2016-12-08 17:44:42'),
(2105, '726eb51b84ebd03a1620da222e1934a3', 0, '2016-12-08 18:07:07'),
(2106, '6d31dc4d1a2218ad84a9873f7c4d63d6', 0, '2016-12-08 18:11:14'),
(2107, '1d0de50c928d6072b5bf9defdb73c4a0', 0, '2016-12-08 18:19:00'),
(2108, '7b1b5ebafa8ef94f23729031a39304b6', 0, '2016-12-08 18:21:01'),
(2109, '256ac03f1fd37f96d09dd34bd9da4446', 0, '2016-12-08 19:17:31'),
(2110, '93f5e361d5cc5060894245766b99fa58', 0, '2016-12-08 19:19:30'),
(2111, 'a87cd68f6fe5abd84da8f47b7e6a11c4', 0, '2016-12-08 19:37:24'),
(2112, '557a193ee7fadc37145b3164f5eb16e0', 0, '2016-12-08 20:02:11'),
(2113, '67efcb898eeefb7dd98240dd27cdb39f', 0, '2016-12-08 20:02:14'),
(2114, '01224b15139782fa1b26a93e61ad3552', 0, '2016-12-08 20:17:23'),
(2115, 'd71b2be2c1e70546c710a07ce168cadf', 0, '2016-12-08 20:20:51'),
(2116, 'b07e28cc3570e9e64cc7d39270fae145', 0, '2016-12-08 21:04:28'),
(2117, 'e7e65641d502c7129de2a5f20b239f9e', 0, '2016-12-08 21:09:41'),
(2118, '7d02ab6a7ca52895b4c7ee597ca22e3e', 0, '2016-12-08 21:45:58'),
(2119, '38922422933f166abf1e3d64613c0d4c', 0, '2016-12-08 21:46:02'),
(2120, 'c735432cd8d7587c7baab0b0b3a6543f', 0, '2016-12-08 21:47:59'),
(2121, '39559bb3b199d26f98641a0247214aae', 0, '2016-12-08 22:04:49'),
(2122, '1b1acca9b442fc748ec1e38735b63775', 0, '2016-12-08 22:13:42'),
(2123, '210782bc9556b93720edfb05c30b0d3e', 0, '2016-12-08 22:56:00'),
(2124, 'd36cca8661f0b3310b0f81979afeb38e', 0, '2016-12-08 23:04:12'),
(2125, '7ad39a95d799edb4fb980d9c0efce59c', 0, '2016-12-08 23:13:04'),
(2126, '40adecb1047a21f87d82bc2e291ecacb', 0, '2016-12-08 23:16:17'),
(2127, 'f31e40223923b0107a932a7e3f6401ab', 0, '2016-12-08 23:16:19'),
(2128, '70a3cfb298ee4ed300d80adef92b38bb', 0, '2016-12-08 23:59:00'),
(2129, 'afbdfbf413e7a00ca8cbc5403ef4a615', 0, '2016-12-09 00:04:40'),
(2130, 'da536539d4096065f67310f9e5cbae35', 0, '2016-12-09 00:06:02'),
(2131, '2b05a867f73d2a407812ac13776c4b22', 0, '2016-12-09 00:07:47'),
(2132, 'f336580f0316366a01543365b9a8bbb4', 0, '2016-12-09 00:24:38'),
(2133, '71a799272419e667e7c6b414bb9c9d1c', 0, '2016-12-09 00:31:24'),
(2134, '3f264d516da8710876182d5451468607', 0, '2016-12-09 00:34:22'),
(2135, '0b0ad3d1c848b57a37074435e047b49d', 0, '2016-12-09 01:54:36'),
(2136, '90d342348adff854a6116c2ba2ef7f0b', 0, '2016-12-09 02:03:46'),
(2137, 'cc2b01c92697ca0a68ab46c147a52250', 0, '2016-12-09 02:04:44'),
(2138, '65e22ff90cecd69bdf077d5e066a7dab', 0, '2016-12-09 02:04:48'),
(2139, 'e5039dde5c6d26222c9fc50a614be9f3', 0, '2016-12-09 02:07:01'),
(2140, '02f2826933598460c28324687c3500ae', 0, '2016-12-09 02:10:30'),
(2141, '39974ed1b8d13f061dcdbf4e1dfca71a', 0, '2016-12-09 02:13:38'),
(2142, '443c878f7033e291086d546c905743dc', 0, '2016-12-09 02:14:45'),
(2143, 'ff5952b17f3495fb937da9e8d463acd4', 0, '2016-12-09 02:18:14'),
(2144, '9d7ce603215910ac1108185a4b704249', 0, '2016-12-09 04:41:46'),
(2145, 'f09b458c5a2a2e1c13ad3f60413775ee', 0, '2016-12-09 05:02:16'),
(2146, 'f5053fc323a4c0c4841241d8bfdd2ce1', 0, '2016-12-09 05:02:20'),
(2147, 'a6b348ae4f8af6a1e9becbf2b9eb9ab2', 0, '2016-12-09 05:03:35'),
(2148, '18792e75bb5ebc5866a7158772fa33c9', 0, '2016-12-09 05:04:58'),
(2149, '5cd98a701bb0dedd62787b8fd9330744', 0, '2016-12-09 06:08:42'),
(2150, 'e95834498e45bdd282d515d9d1fa7a86', 0, '2016-12-09 06:16:51'),
(2151, '85a59de990b5122f26b4295f1040d9c8', 0, '2016-12-09 06:42:12'),
(2152, '00a2333c76efd3a9c3901154ba614c95', 0, '2016-12-09 07:04:47'),
(2153, 'cacc0c04db7276d88c5d2bc0144cb629', 0, '2016-12-09 07:05:50'),
(2154, '79947a51d3ec0e71ae9ac3df47f457ca', 0, '2016-12-09 07:09:13'),
(2155, '189f5e8eed9bb9972fc00bdf3cbff300', 0, '2016-12-09 07:14:58'),
(2156, '8f155681fe9402413a276983cbc221c0', 0, '2016-12-09 08:25:14'),
(2157, 'fb498211bf6fc7f3fb7982ca87a6c4a5', 0, '2016-12-09 08:27:34'),
(2158, '1821f2798ebd54e557e9c7ba19b0e21a', 0, '2016-12-09 08:27:38'),
(2159, '4ee61765ebb22c5cce74eb88ff77cd04', 0, '2016-12-09 08:32:26'),
(2160, '0531ac1c484aabfc947b5571f713668d', 0, '2016-12-09 11:30:48'),
(2161, '58746501cc04f7f5f9677f0c722f31f8', 0, '2016-12-09 11:30:49'),
(2162, '84f85738c42f921ec9190751e4ab2fee', 0, '2016-12-09 12:22:59'),
(2163, '888bcd21f42add83743b1fb41076bcf1', 0, '2016-12-09 12:23:03'),
(2164, '706f01b4555c45295fa7673f4eeadb8b', 0, '2016-12-09 12:28:51'),
(2165, '75970fd9d0cd6b14fc5f8c9fa6e14d33', 0, '2016-12-09 13:45:42'),
(2166, '8fd8e6355fc118327e6e707ec593df8f', 0, '2016-12-09 13:45:45'),
(2167, '5557cbff5bd077e85f87a39e9e98936a', 0, '2016-12-09 13:50:45'),
(2168, '45dedba4551e1d9d991751f9ef11cbd1', 0, '2016-12-09 13:51:57'),
(2169, '17da97c2f35bc720077bc747f7c5bba7', 0, '2016-12-09 13:53:13'),
(2170, '5a99d9817d6ebca11e887f8b78a9d70e', 0, '2016-12-09 13:54:33'),
(2171, 'ab8a8af82b036339271335b2500df470', 0, '2016-12-09 13:56:05'),
(2172, '7a3291e6f53ce802e5551878149e8e9c', 0, '2016-12-09 13:57:43'),
(2173, '6c934c704c5a0953d97ad89037c3be59', 0, '2016-12-09 13:59:26'),
(2174, '0aab481717e9f0e3e066fb1cb92bf9c5', 0, '2016-12-09 14:01:21'),
(2175, 'f6263291c53def3214bccff74d89000a', 0, '2016-12-09 14:05:19'),
(2176, 'f2abc6d5d757d75104e87726acea162d', 0, '2016-12-09 14:13:13'),
(2177, '60cd575e0d08032907254d0b1c1eac69', 0, '2016-12-09 14:13:14'),
(2178, 'e3d5fb45a9d89d7ad96795e4efc59755', 0, '2016-12-09 14:13:15'),
(2179, 'e6bd3728928e0cf52bbd18e389376cf3', 0, '2016-12-09 14:13:17'),
(2180, 'e49b0ac446c4d30e561a74baeb01c835', 0, '2016-12-09 14:13:20'),
(2181, 'c551e0d9c6d358c499de231ed83151a7', 0, '2016-12-09 14:13:22'),
(2182, 'da209ba5428582a4ea346f4c1bdb3070', 0, '2016-12-09 14:13:23'),
(2183, '542bec27f4ef352d04324dad88ed9873', 0, '2016-12-09 14:13:24'),
(2184, '64c356bd97364a8ff9fece1daec702cd', 0, '2016-12-09 14:13:25'),
(2185, '0edc05f860309aedeadef3b8108aa275', 0, '2016-12-09 14:13:30'),
(2186, '9567acc0493e3f3219a5584f172d49a7', 0, '2016-12-09 14:13:31'),
(2187, '7b3783ca1149b3b0bf37a58714bf6fda', 0, '2016-12-09 14:13:32'),
(2188, 'f44db488f68878c45bd59ddccb7df1bb', 0, '2016-12-09 14:13:34'),
(2189, '8b1b1903a47c897528fb538bcdfe5b26', 0, '2016-12-09 14:13:37'),
(2190, '949f96aabe7f96166159986bb3a058d1', 0, '2016-12-09 14:26:29'),
(2191, 'e755ac3fbe7313f694b2f86e7d666638', 0, '2016-12-09 14:26:33'),
(2192, 'f838b652014569ca789a5a2edd65ac31', 0, '2016-12-09 14:50:46'),
(2193, '62c676c834747dbb8aa6b884fa8a714d', 0, '2016-12-09 15:02:50'),
(2194, 'b90758e9c79c6e93cf400bff5bba0290', 0, '2016-12-09 15:07:52'),
(2195, 'ffe9bfc0fcfa52164982d780c5eb0fe3', 0, '2016-12-09 15:07:56'),
(2196, '78271abd2504807f314e2864205729bd', 0, '2016-12-09 15:12:24'),
(2197, '6881fb02c25cb7ff8e3f5f5cf26ae587', 0, '2016-12-09 15:14:33'),
(2198, 'd6f3db5026627d805438b2373fb60e3b', 0, '2016-12-09 15:16:42'),
(2199, '0992cb9be588dbf5acb03afdf0384fe5', 0, '2016-12-09 15:44:17'),
(2200, 'cff5df271221a62b9d54bf1ac9424833', 0, '2016-12-09 15:49:01'),
(2201, '32f589775c7ff63b4e0d63b9493724b7', 0, '2016-12-09 16:27:27'),
(2202, 'e1d464cc47e36099f07e58575ffa7798', 0, '2016-12-09 16:28:50'),
(2203, 'b9a5fe676daaf75844e8738e7c5fd128', 0, '2016-12-09 16:28:55'),
(2204, 'daeac4aee261509729bf1ecc59063904', 0, '2016-12-09 16:30:40'),
(2205, '82ee4591520be9657fbff63f9b6a4280', 0, '2016-12-09 16:43:21'),
(2206, 'cbd7d0bdeaa65ed01133d5ad775125b4', 0, '2016-12-09 16:44:34'),
(2207, '99c4c424412c71f4643bfb97faa64d19', 0, '2016-12-09 17:21:03'),
(2208, 'bddc7ab3b54b2c6a07796eb7797a83c2', 0, '2016-12-09 18:25:20'),
(2209, 'b3d3a96b887bbb04d0aaf123d05b93b2', 0, '2016-12-09 18:40:45'),
(2210, '710bc6c97496323016b4c8b030266792', 0, '2016-12-09 18:40:49'),
(2211, '656d03a3da5e1d5870bda15dce405b4f', 0, '2016-12-09 18:54:42'),
(2212, '1432d340c61b7cb44b468a74cf49818a', 0, '2016-12-09 18:56:43'),
(2213, '8f2c03495c98944964a7bd3ed5fce009', 0, '2016-12-09 20:21:55'),
(2214, '8f83ace57ada4f437dda5dd2d11eda3b', 0, '2016-12-09 20:22:54'),
(2215, '904a66f840a36018aeda6f5a4a66b846', 0, '2016-12-09 20:25:53'),
(2216, '9a070c2ad4efdfc5255bfacbdec35b2c', 0, '2016-12-09 20:26:56'),
(2217, 'c35efb53561b8ff6ca8e79768d3c16b5', 0, '2016-12-09 21:04:24'),
(2218, 'a0e281fb3633084536f9d0528737427c', 0, '2016-12-09 21:25:06'),
(2219, 'f895531ff3cda42851bb929ee57089a9', 0, '2016-12-09 21:26:26'),
(2220, 'd3d2d8016f16f04c9864baecece837ef', 0, '2016-12-09 22:21:49'),
(2221, '792ab356e041612080b9f645bdf9fdbf', 0, '2016-12-09 22:40:07'),
(2222, '9123bcc2d52bddf91e30701e5777525f', 0, '2016-12-09 23:09:48'),
(2223, '56bdedf27321861a64db0960eb40cc34', 0, '2016-12-09 23:14:28'),
(2224, '0d3ed0db063ae5e765bb7be37e1a89e1', 0, '2016-12-10 00:23:06'),
(2225, 'e91c6b7290d6507ff67c0261c166ea49', 0, '2016-12-10 00:25:33'),
(2226, 'a7ae558ea6233b4e7c95529840e4a1ef', 0, '2016-12-10 00:58:58'),
(2227, '614ba087fcb1b11cecddd472c5fb8a80', 0, '2016-12-10 01:16:37'),
(2228, 'cb76ebbc1d44e3d4e28ad8f8a7542a5f', 0, '2016-12-10 01:16:41'),
(2229, 'bf56b5eef22040390a632c1103f81875', 0, '2016-12-10 01:18:29'),
(2230, '6611b31a39a93c46a999377310581a2c', 0, '2016-12-10 01:18:30'),
(2231, 'f80af705ff4b449b3c96d04e02e4336c', 0, '2016-12-10 01:18:32'),
(2232, 'ebd6d44797c44b92aa11699a63fa3d2b', 0, '2016-12-10 01:18:41'),
(2233, '0e7d58d7551b579c77c607641c6b5767', 0, '2016-12-10 01:20:55'),
(2234, '9bc09d479550f6201a12590057cdaef8', 0, '2016-12-10 02:14:33'),
(2235, 'ecd70e5cf095753752b23740cb67ae74', 0, '2016-12-10 02:17:05'),
(2236, 'de73c80f7ad617785f617e4fe9b6b1b6', 0, '2016-12-10 03:18:58'),
(2237, 'b49a27b8155303e044f0a725d97e975d', 0, '2016-12-10 03:19:03'),
(2238, '88c40cbc8d027e5ee4bc1f5d1409b1a0', 0, '2016-12-10 04:04:51'),
(2239, '1594c83e7e5f7d1637e6f5f5c58a912a', 0, '2016-12-10 04:13:18'),
(2240, '87fcead08d8c0b84db72d9e0cbd59393', 0, '2016-12-10 04:14:23'),
(2241, '23d178c43de1a793bb1ced210ba63da9', 0, '2016-12-10 05:04:59'),
(2242, '184925033064af3fdb306884971ab12a', 0, '2016-12-10 05:11:24'),
(2243, '6ac8f279590e25f7ff29e2578c40d943', 0, '2016-12-10 05:12:54'),
(2244, 'b4387714da7461f25ff4fbf7d27230ab', 0, '2016-12-10 05:13:06'),
(2245, '0cd7b05cf9c05fc71e672d3065987930', 0, '2016-12-10 05:13:16'),
(2246, 'd79d627856457c22a2f61ba2eadd0953', 0, '2016-12-10 05:27:23'),
(2247, '25c2f1589e99b692def9f5c905c02877', 0, '2016-12-10 05:27:25'),
(2248, '8bf58fc8b0fb028c6342e671b32d6ddf', 0, '2016-12-10 05:27:27'),
(2249, '40cff8d89bdc02bed14d38c7a24e2a5f', 0, '2016-12-10 05:33:15'),
(2250, '5661ca0ff478e775bafb7e447ce9d000', 0, '2016-12-10 06:16:10'),
(2251, 'd0840e3b50d1ae42181a85d052fc622c', 0, '2016-12-10 06:37:42'),
(2252, '0a353986467594bbe8570dcba7f25030', 0, '2016-12-10 06:49:24'),
(2253, '55fa6b332186efdd009d5ca555094049', 0, '2016-12-10 07:00:16'),
(2254, '501a7a0029fa808341111a15b8aa8c03', 0, '2016-12-10 07:21:04'),
(2255, 'de5209c294176b072ced98b76cf26ff1', 0, '2016-12-10 07:22:26'),
(2256, 'b2756fc3822a7c583bc14d5e9bb76517', 0, '2016-12-10 08:17:40'),
(2257, '74a47090692c9a42fba18199b6e92020', 0, '2016-12-10 09:04:57'),
(2258, 'ec0714aa49cf4ec1ae3b7407ce4956e7', 0, '2016-12-10 09:12:31'),
(2259, 'b283200b715176124c2135f96794e8de', 0, '2016-12-10 09:20:05'),
(2260, 'd9ecd820fc0576778a7a85f22743813a', 0, '2016-12-10 09:23:52'),
(2261, 'd10f24866c3231476d5d1fab3fe60c56', 0, '2016-12-10 09:27:39'),
(2262, '70f9488e24f7f34c39d6e2744c4cb35f', 0, '2016-12-10 09:31:26'),
(2263, '96742a110ea32588081f0b644243e4a0', 0, '2016-12-10 09:35:13'),
(2264, '8d5253acf80ca675bd366869bf9082a5', 0, '2016-12-10 09:39:00'),
(2265, '5ecbe6384fad1ed9a97c74e166817977', 0, '2016-12-10 09:42:47'),
(2266, '368229c86d88ecef1b21cf77c60303b2', 0, '2016-12-10 09:54:08'),
(2267, 'a3594d56253b8287f583b3b5d490bb3a', 0, '2016-12-10 09:57:55'),
(2268, '71fb2c51c1e1d665db0566fa34d577a2', 0, '2016-12-10 10:07:01'),
(2269, '1f434d10e81987cf945db2b69698589a', 0, '2016-12-10 10:17:11'),
(2270, '68ff768076747a5ef0e6f9cdd2dda738', 0, '2016-12-10 10:17:15'),
(2271, 'fff7a8f03c94cbf00d1251b3c7e5432d', 0, '2016-12-10 10:23:24'),
(2272, '9db779890a8c083dc3e62f530920ab06', 0, '2016-12-10 11:05:24'),
(2273, '5c1b3eff20dd02394235a52c5b23f3ba', 0, '2016-12-10 12:44:46'),
(2274, '3fa641773d400257cfbf88bfad07e65a', 0, '2016-12-10 13:22:03'),
(2275, '43a090c2d6b4f5d666f3a3335bd2972a', 0, '2016-12-10 13:56:07'),
(2276, '5c93b13c228dc0732c1a62ff0249ee3d', 0, '2016-12-10 13:56:12'),
(2277, '34793c715405db7e015ad3a8974b0a9b', 0, '2016-12-10 13:56:19'),
(2278, '6320347f29a276c0674de27f3e74c5d8', 0, '2016-12-10 14:00:48'),
(2279, 'c58dbf5b51d90f2a9905b05993d39a08', 0, '2016-12-10 14:11:58'),
(2280, '6874e59f9fdf978162c4266b93d5bb2b', 0, '2016-12-10 14:16:39'),
(2281, 'ad0ccbd6f6b175f3365ed36f1d1d72d2', 0, '2016-12-10 15:00:52'),
(2282, '5033013ad8916feae4347b9951338411', 0, '2016-12-10 15:13:53'),
(2283, '9019c866b4aaa2d09374f3c2848db593', 0, '2016-12-10 15:17:44'),
(2284, '95bb51b57e2f2bbf819803af93c8bca2', 0, '2016-12-10 15:25:14'),
(2285, 'b9fc42433e8e635a5e6846c124d59ef3', 0, '2016-12-10 15:25:23'),
(2286, '6ce9de9bbd508006e786ff1cf0fe537f', 0, '2016-12-10 16:14:41'),
(2287, '467d069b4403f458a03e28359b245b88', 0, '2016-12-10 16:17:22'),
(2288, '09361a8b4f1411acb6a701c1fa2ad4ac', 0, '2016-12-10 16:19:40'),
(2289, '3bc1ee0b3143c98d941e37e2db3f14e3', 0, '2016-12-10 17:06:14'),
(2290, 'c6298339e90ae3f85db2ba470a00be7f', 0, '2016-12-10 17:09:23'),
(2291, 'b5ffcadae1a35684df13bc881a677b91', 0, '2016-12-10 17:16:57'),
(2292, '60cda3a2f7db49bacd38f05f552750cd', 0, '2016-12-10 17:20:16'),
(2293, '69bc66edc2fb175a0478e386949ba22a', 0, '2016-12-10 17:20:20'),
(2294, '8f2b48fa5de863e94fb847ce62100249', 0, '2016-12-10 17:20:44'),
(2295, '19b26fae514369072352778af8735689', 0, '2016-12-10 17:21:23'),
(2296, '696f63ed92a3143e494bf92f060d8746', 0, '2016-12-10 17:24:31'),
(2297, 'a47898faf46c73f94d3645fc21ab4ccc', 0, '2016-12-10 17:26:19'),
(2298, 'bfa7b57b482d6f772494617d1230b98f', 0, '2016-12-10 17:28:18'),
(2299, '761629ee4b007ca363f1c1abfb5c3ae4', 0, '2016-12-10 17:32:05'),
(2300, '994785fa6488761badb3ac905362dde4', 0, '2016-12-10 17:39:39'),
(2301, '983203574de11115f61918a3403ac784', 0, '2016-12-10 17:43:26'),
(2302, 'd70350a47dc662a6a8574d7d75043aae', 0, '2016-12-10 17:47:13'),
(2303, '07780d4e5a41ad5da729c20bc8914ba4', 0, '2016-12-10 17:51:01'),
(2304, 'f3bb1acc05955964ec0d54536a8e745f', 0, '2016-12-10 17:53:45'),
(2305, '96f26f24ff2283039f1bc101109e3689', 0, '2016-12-10 17:54:47'),
(2306, '9491dea524772f929cc2918bfa0ce521', 0, '2016-12-10 18:06:08'),
(2307, '63e7c0c6989a40a6a243c9510b8930bf', 0, '2016-12-10 18:09:55'),
(2308, '1aa686fb0434024f09f9cd8c24abcc79', 0, '2016-12-10 18:12:24'),
(2309, 'b8993809a4c4564a9574d31b97e368bf', 0, '2016-12-10 18:13:42'),
(2310, '2d7b6c6ceae28f6ae569a4f1be01b567', 0, '2016-12-10 18:17:29'),
(2311, '75ca47bb33aab9f1abdb1f2878e9d43b', 0, '2016-12-10 19:05:44'),
(2312, '42f182ef763fd9f2113161891ee933d0', 0, '2016-12-10 19:14:40'),
(2313, '472f666c977c1c0e20c37a6aa2a26af7', 0, '2016-12-10 20:08:04'),
(2314, 'bc13fbfb7a098e87f8c4a63a778c1b36', 0, '2016-12-10 21:08:03'),
(2315, '4a473dc611d7c5d376a811118e7282c6', 0, '2016-12-10 22:15:56'),
(2316, 'b48c0200f5ff8b9547ff790c6d01094a', 0, '2016-12-10 22:38:36'),
(2317, '3b6c847ed1bceff34683322c561477ad', 0, '2016-12-10 22:42:22'),
(2318, '0dffc716037e4f0bf9eba42598ad43a6', 0, '2016-12-10 22:46:09'),
(2319, 'bc627c043a6883d88a133725554c910c', 0, '2016-12-10 23:56:14'),
(2320, '9c3a4e454ed3d0cd57e730b627de9a83', 0, '2016-12-10 23:56:18'),
(2321, '29055250eb403d09533158d5673da345', 0, '2016-12-10 23:56:22'),
(2322, 'cecdd043f5dd27a1e51fb3279762cad9', 0, '2016-12-10 23:56:36'),
(2323, 'b2aa14c3dd9d20384143400bc640395a', 0, '2016-12-10 23:56:44'),
(2324, 'e8616cc66beadd5a83f5ed94f8600e33', 0, '2016-12-10 23:57:08'),
(2325, '2f366862f7b6eeec28abe30585df0682', 0, '2016-12-10 23:57:16'),
(2326, '5fbac90c7555126310014a98f7f24bf1', 0, '2016-12-11 02:11:32'),
(2327, 'ad33764032a5d346d6a0b1fca1b9079c', 0, '2016-12-11 02:59:25'),
(2328, '155fcf3271fb281e470b98fd95a6daaa', 0, '2016-12-11 02:59:29'),
(2329, 'bc5c2bb9654651b9ed18749202a879be', 0, '2016-12-11 03:09:53'),
(2330, 'd6ee2c516a4fd79e11932daf2b7445bf', 0, '2016-12-11 04:12:13'),
(2331, '0d5f6c528264662873f29b39bf4d66b4', 0, '2016-12-11 04:13:18'),
(2332, '157657bc3ad659a030ee03b4b6a1dcd7', 0, '2016-12-11 04:56:04'),
(2333, '7acb4ed8e3f36175c2b6070a58c83923', 0, '2016-12-11 04:57:11'),
(2334, 'fb7fba1382abc714f4a33218611b2b15', 0, '2016-12-11 05:00:57'),
(2335, 'd8fd2205cdd0579135344c7265e03c37', 0, '2016-12-11 05:05:35'),
(2336, '96a7e9d500b95404f8a5e49694828dfd', 0, '2016-12-11 05:05:56'),
(2337, '9be937f9c6953afe73c75dbb631595b5', 0, '2016-12-11 05:07:37'),
(2338, '72ab8d4f76f9bc853a57515dd9ae8ee7', 0, '2016-12-11 07:22:11'),
(2340, 'e7b9af3c6890c9d0cbe4e7518b18e316', 0, '2016-12-11 07:56:58'),
(2341, '60d104298af0466098dcdc019df74d5f', 0, '2016-12-11 07:56:59'),
(2342, '3e4db609eb051b2461dfdd19191aebcf', 0, '2016-12-11 07:57:01'),
(2343, '9fa079f3de644efb6060dee77bbef916', 0, '2016-12-11 08:06:44'),
(2344, 'af19133132c24dc3e225f05c80f75b2c', 0, '2016-12-11 08:10:22'),
(2345, '3f5c466ee77722a4375ff3b31eb68e27', 0, '2016-12-11 08:11:39'),
(2346, 'd49d1af65f7df0fd24fa7ed569633b31', 18, '2016-12-11 08:50:41'),
(2347, '36fbd5f1a9ec0c683d8cdad8fb5548c7', 0, '2016-12-11 08:52:11'),
(2348, 'de547946fe05cca9e5a7205797e420bd', 0, '2016-12-11 08:53:54'),
(2349, 'efa14449d7a2b433710449640aec1a22', 0, '2016-12-11 09:10:18'),
(2350, 'a58635695c71f892083a35b0f89b7fc8', 0, '2016-12-11 10:03:21'),
(2351, 'ab2d90d6d9f39dc43780b8a3c47423b1', 0, '2016-12-11 10:03:25'),
(2352, 'd9d12393ebe6b05592d8f071902de81d', 0, '2016-12-11 10:07:45'),
(2353, '286ebba553de07c9129ddc514dabd5e5', 0, '2016-12-11 10:09:58'),
(2354, '201a3883eb31060804309bc7bcafb965', 0, '2016-12-11 10:10:54'),
(2355, '198e8eca573103936c5dd33c508b2de1', 0, '2016-12-11 10:52:53'),
(2356, '28f85d2f3ef8f56fdfd1c8b60faf1e18', 0, '2016-12-11 10:56:40'),
(2357, '72fcde55667c0a1f3887c95309a924c7', 0, '2016-12-11 11:00:27'),
(2358, 'aeaf0dea7f7c1561e93c49ec47c93e5a', 0, '2016-12-11 11:02:18'),
(2359, '5042cf2e3eb459995c0dddf5f7b7641f', 0, '2016-12-11 11:08:04'),
(2360, 'd04ac15542ed234db24076f8ca1c55d4', 0, '2016-12-11 11:29:52'),
(2361, '594766c72ba6988aa04729258f54c97c', 0, '2016-12-11 11:29:58'),
(2362, 'f5ec8479ab46a6691cc6ab763e939679', 0, '2016-12-11 11:36:22'),
(2363, 'cd6b61af1019614ec7789fa67888519a', 0, '2016-12-11 11:36:26'),
(2364, '34691e6b90781625ed285c9629855e8b', 0, '2016-12-11 11:43:32'),
(2365, 'c8b23ca7c112ba3acf06614e404e099b', 0, '2016-12-11 11:43:34'),
(2366, '4d1b059af5c1cea316173b2cc15b798c', 0, '2016-12-11 11:43:36'),
(2367, '3231de26f585f74bfa5258de9c5b4cb0', 0, '2016-12-11 11:43:38'),
(2368, '61abf9fd1eb97eb2f81e218237dfea50', 0, '2016-12-11 11:43:41'),
(2369, 'f9be398537bfceb274b426b9d50c0476', 0, '2016-12-11 11:43:43'),
(2370, 'c83fc9c698fe028ada3609606f83108e', 0, '2016-12-11 11:43:45'),
(2371, 'c9842b17491c3e7c2d6857ea8e76c2e5', 0, '2016-12-11 11:43:47'),
(2372, '0123bb6eac61ca48525c163c9ad33026', 0, '2016-12-11 11:43:50'),
(2373, '846d2c12c1ff01e61d62ea04b0ca71ec', 0, '2016-12-11 11:43:52'),
(2374, 'e6c5da31e724886382ecfe63a3015136', 0, '2016-12-11 11:43:54'),
(2375, '80975cf15b1caf44b4e11e5f92abebed', 0, '2016-12-11 11:43:56'),
(2376, 'b128e8d44ae4f608b436599038d6d10b', 0, '2016-12-11 11:43:58'),
(2377, '3c5bfeb27ece4642e486bccef6e082be', 0, '2016-12-11 11:43:59'),
(2378, 'c524504b5c4879105901873170392fd7', 0, '2016-12-11 11:44:01'),
(2379, '9405651656cf0ecd9e5d445dec68a828', 0, '2016-12-11 11:44:03'),
(2380, '474291680e16c5589887d941df73de7e', 0, '2016-12-11 11:44:05'),
(2381, '431afcf36fb440300268e134c518bccf', 0, '2016-12-11 11:44:07'),
(2382, '6d3081d0afc22676a4d45ce03dba9110', 0, '2016-12-11 11:44:08'),
(2383, '52c4dc48d61299620faac79bb5224347', 0, '2016-12-11 11:44:10'),
(2384, '766a508c753eec4d9c9d364ecda74e7a', 0, '2016-12-11 11:44:12'),
(2385, '746483a59a0197ac47e1451598211740', 0, '2016-12-11 11:44:14'),
(2386, '909d0083dc421ca94c9fe1dad6027195', 0, '2016-12-11 11:44:16'),
(2387, '26c9466958530491093afbe55f141b2e', 0, '2016-12-11 11:44:19'),
(2388, 'a61d4fa80ba7c4d90bb452d0d45ad00b', 0, '2016-12-11 11:44:21'),
(2389, '623c81ca4d6bcf7d268ffcbd15a06dd1', 0, '2016-12-11 11:44:23'),
(2390, '10efccd73498cc587c12556f98669da2', 0, '2016-12-11 11:44:25'),
(2391, 'c9afa4dd64f9295d6060ef2db0b0e1e2', 0, '2016-12-11 11:44:27'),
(2392, '607d2c79b10136d951e928de1418494d', 0, '2016-12-11 11:44:30'),
(2393, '42fa033398974a997d66b21b65959f2a', 0, '2016-12-11 11:44:32'),
(2394, '68ac3370aa51ab1fd2575d609a42dbb2', 0, '2016-12-11 11:44:34'),
(2395, 'b5fae202115591b378c34b97fc06bd39', 0, '2016-12-11 11:44:36'),
(2396, '4e509478c5e66c4b3f285f661275f8d5', 0, '2016-12-11 11:44:39'),
(2397, '13827517660350e903bb76e09da7a4c6', 0, '2016-12-11 11:44:41'),
(2398, '5d053fea53c1283e3eae66329b1d5e5b', 0, '2016-12-11 11:44:43'),
(2399, 'd8f503b0da3e08c800d3d7aaddf124e4', 0, '2016-12-11 11:44:45'),
(2400, '23154fb7acd9a7148ffc4909f913dfc9', 0, '2016-12-11 11:44:48'),
(2401, '5f7814332e7b5fe2f5a6e71ae76bbbbe', 0, '2016-12-11 11:44:50'),
(2402, 'b4bbdbde72b988772e664bed6ae28487', 0, '2016-12-11 11:44:52'),
(2403, '0b52fd341648550cfb8bb3463d94c584', 0, '2016-12-11 11:44:54'),
(2404, 'f7bc974a026af78b167bb6a8bec7fd31', 0, '2016-12-11 11:44:57'),
(2405, '0e313034b53e80eaa9efb3f2ce093c7b', 0, '2016-12-11 11:44:59'),
(2406, '8c2a0854febd21a4c6c32eebe51b93df', 0, '2016-12-11 11:45:01'),
(2407, '900bf808224f75038e211cbde768baaa', 0, '2016-12-11 11:45:03'),
(2408, 'b5da108cb0608886b98193d564059121', 0, '2016-12-11 11:45:04'),
(2409, '6846ddbf4c8339c5d36220efd5f1dffb', 0, '2016-12-11 11:45:06'),
(2410, '1fb98cc97427dfde328b73c42588a4df', 0, '2016-12-11 11:45:07'),
(2411, '3575a2d2efad811f2ad51454e3cc0002', 0, '2016-12-11 11:45:10'),
(2412, '3b5867d1d3c06c9c935d00c1a7b98666', 0, '2016-12-11 11:45:12'),
(2413, '4ae64b869e61a474f7df650361d7bcfd', 0, '2016-12-11 11:45:14'),
(2414, '1895fdf64d8f6058e6a7c668b4f1357f', 0, '2016-12-11 11:45:15'),
(2415, 'fe36e9af791923693684f91463870e62', 0, '2016-12-11 11:45:17'),
(2416, '4e11c2e3c148fc42c409faa08ed377ac', 0, '2016-12-11 11:45:19'),
(2417, '519ded2d11f61c252c64d9b1ff80c504', 0, '2016-12-11 11:45:21'),
(2418, '2bb616ea3abd5ca94fb0be5865b5ec5a', 0, '2016-12-11 11:45:23'),
(2419, '53fb1a5c689ecd219863a249fb18dd13', 0, '2016-12-11 11:45:26'),
(2420, '4eb444f4a16b72bd0f4096f5d5ef4193', 0, '2016-12-11 11:45:28'),
(2421, 'a840fc278887f34b437da5b6d5c2d9d6', 0, '2016-12-11 11:45:30'),
(2422, '0ad795eeb9dd0a9c5e703d4d45cf23a0', 0, '2016-12-11 11:45:32'),
(2423, '00a6b9f26a51431072ef98864973e689', 0, '2016-12-11 11:45:34'),
(2424, 'c491f44346113097658a5681f91728f0', 0, '2016-12-11 11:45:37'),
(2425, 'fb5ff688e59504bf1479963f5d1bc585', 0, '2016-12-11 11:45:39'),
(2426, '1c9020a23e25745a9d49279861b19775', 0, '2016-12-11 11:45:41'),
(2427, '127f1b926d7c97f78d3747cb5870a341', 0, '2016-12-11 11:45:43'),
(2428, '726f5a9eaf11e64b1908380284ed1da5', 0, '2016-12-11 11:45:46'),
(2429, 'bf79295d961fcff4700d4d2c3ce733ec', 0, '2016-12-11 11:45:48'),
(2430, '4bbfecedabf48758bd371f3d7aceb45c', 0, '2016-12-11 11:45:50'),
(2431, '852d5c67ab826a2e0c13727294feca12', 0, '2016-12-11 11:45:52'),
(2432, 'd2bf3335d324338d7dc1c380dac9f41d', 0, '2016-12-11 11:45:54'),
(2433, '74e894d0e8ca233639c37ff0af1c70e8', 0, '2016-12-11 11:45:57'),
(2434, '15a723795313e2fc6bbc7a45819b6651', 0, '2016-12-11 11:45:59'),
(2435, '2fe8ba3a19862ee0c0270c904b61873d', 0, '2016-12-11 11:46:01'),
(2436, 'ba55844ccb9e88532cfea2c689489bc9', 0, '2016-12-11 11:46:03'),
(2437, '8f8cdc9bfa96e2c47b2def7550268a84', 0, '2016-12-11 11:46:05'),
(2438, '4d9f228d30c847bda9cb5fc6141b1a89', 0, '2016-12-11 11:46:08'),
(2439, '12fbbbfac7aa7a0df5ec3c0734503c79', 0, '2016-12-11 11:46:10'),
(2440, '2c03a491d75cab89401ba1054c784104', 0, '2016-12-11 11:46:12'),
(2441, '7c1f64e421634e063fb8aafa7c52ca56', 0, '2016-12-11 11:46:14'),
(2442, 'd60dc01304e043ff0ac914d7b220ee18', 0, '2016-12-11 11:46:16'),
(2443, 'a209faa98a326281ef411dc84e88bf1c', 0, '2016-12-11 11:46:19'),
(2444, '6034d4751c936182fc990efb43e8b12e', 0, '2016-12-11 11:46:21'),
(2445, '0bbe4b96a227bedd6ce7b9a4b6d02fb4', 0, '2016-12-11 11:46:23'),
(2446, '549b7ff5f32ff3ae7962b4a149a7fb2c', 0, '2016-12-11 11:46:25'),
(2447, 'a14f819ddbfaa82f672d3a0c5bd5ce58', 0, '2016-12-11 11:46:28'),
(2448, '63171e7a3ac51965efca89ca9ed024c2', 0, '2016-12-11 11:46:30'),
(2449, '112a0eda5e711ba3d0679f4309de0224', 0, '2016-12-11 11:46:32'),
(2450, '9d75bbf3af61d6ba3266ed18c9482b68', 0, '2016-12-11 11:46:34'),
(2451, '3285a1f432a5dbe97f9958b28105abbb', 0, '2016-12-11 11:46:36'),
(2452, '6cd35efc9a99cf15ea3dbfd3be045e24', 0, '2016-12-11 11:46:39'),
(2453, '9501b8c8b9bf4fcdb77c7e2f9fbc68ca', 0, '2016-12-11 11:46:41'),
(2454, '91bb69f232b1d8fb62683b57ea80f597', 0, '2016-12-11 11:46:43'),
(2455, 'ffcdc26024a9b4bc1a05e222a255280e', 0, '2016-12-11 11:46:45'),
(2456, '59333150134af75079599513f16fc33d', 0, '2016-12-11 11:46:47'),
(2457, 'b8446124ac93f51263cc7365b9a49dc1', 0, '2016-12-11 11:46:50'),
(2458, '2dd8494750aa01cf071bd6c042e07583', 0, '2016-12-11 11:46:52'),
(2459, '701e4f230a41a5c9cc0fb12942e29aa2', 0, '2016-12-11 11:46:54'),
(2460, 'a82a84641bd8bd00422f0c7d69dba7a9', 0, '2016-12-11 11:46:56'),
(2461, 'e0fe6c698e491fde9f694c893eea6559', 0, '2016-12-11 11:46:58'),
(2462, 'ca40846d2c8bd77a7e0b8f627ef430bd', 0, '2016-12-11 11:47:01'),
(2463, '2abbb1a50e368af8681d199c333d833d', 0, '2016-12-11 11:47:03'),
(2464, 'bd54be93f0117a775da2d2580da8877b', 0, '2016-12-11 11:47:05'),
(2465, '7d05c608bde345b5d331af1b24e8c2f1', 0, '2016-12-11 11:47:06'),
(2466, 'e190c978ade04769abd6d1d54143c37f', 0, '2016-12-11 11:47:08');
INSERT INTO `basket` (`id`, `sessionId`, `customerId`, `createTime`) VALUES
(2467, '702e9995bb5dc6b57f64f5737cf719bb', 0, '2016-12-11 11:47:10'),
(2468, 'ef1ec49d3f267da13aad43d5ed61f0a9', 0, '2016-12-11 11:47:12'),
(2469, '0078e1ceab53d5dd8cf5da1bcc44fc59', 0, '2016-12-11 11:47:14'),
(2470, 'e1dc5966f2aece3bb26546875604de66', 0, '2016-12-11 11:47:17'),
(2471, '551fbd28b8256a0910f71fbecbfe4bbe', 0, '2016-12-11 11:47:19'),
(2472, '301311241425b259d33238eb5ef9bf46', 0, '2016-12-11 11:47:21'),
(2473, '8abab2d218857ff5e94fde258f1118a2', 0, '2016-12-11 11:47:23'),
(2474, 'e92e6d0b5987c5c85d974e8b36efba26', 0, '2016-12-11 11:47:24'),
(2475, '5eb0abfd38debd79df3dacd7b51cfcc1', 0, '2016-12-11 11:47:26'),
(2476, 'a12f35ed02a558da422caafaa960ba54', 0, '2016-12-11 11:47:27'),
(2477, '8aa578d25170f64340444b1d5fd2a184', 0, '2016-12-11 12:06:21'),
(2478, '410e5358cfb1ee70a8aab1b0eec4b735', 0, '2016-12-11 12:07:15'),
(2479, 'a88912d3da6d1cb037e1a8fc333f705d', 0, '2016-12-11 12:10:56'),
(2480, 'b367b6e0c2630b57e7ab5f79cc38b4ef', 0, '2016-12-11 12:12:16'),
(2481, 'afabff4276e4227a84658122dfd5fc43', 0, '2016-12-11 13:12:57'),
(2482, '6fc5770ae1c6ef854014ec7e695348d2', 0, '2016-12-11 13:34:01'),
(2483, 'e8f0fdf65bb80a862eb3877e61234eb9', 0, '2016-12-11 14:12:07'),
(2484, 'cd40afe4480a926c0ced1a6896f4eef1', 0, '2016-12-11 15:14:25'),
(2485, '43f4cba7642b4bed3041e2d80d57e6a2', 0, '2016-12-11 15:34:22'),
(2486, 'c3d42e63ebf223e8a208f342fd5d6e6e', 0, '2016-12-11 16:10:46'),
(2487, '4ac5e6a1a3d523a3effe26b1583a46b4', 0, '2016-12-11 16:12:53'),
(2488, '5072d766c7c63ccccb96a6a59d338a7a', 0, '2016-12-11 17:01:46'),
(2489, 'f9d8713bc192d84c25623efbabda0c4b', 0, '2016-12-11 17:06:38'),
(2490, '50cce4df5a2df64567d7f1c58444f90f', 0, '2016-12-11 17:06:42'),
(2491, '12639620095d6d19acb792428d3a7297', 0, '2016-12-11 17:12:16'),
(2492, '3a0516b9c76d1075289b242cabbe364d', 0, '2016-12-11 17:49:12'),
(2493, 'e8512215c95082181883ad43747206cf', 0, '2016-12-11 17:58:54'),
(2494, 'b6fb6c99b356af0d1510a4e00604bc63', 0, '2016-12-11 18:17:27'),
(2495, '58588106b6653cdea4b54f6e789b5a61', 0, '2016-12-11 19:11:05'),
(2496, '86b387eadd0accd8fce1364703b1d97d', 0, '2016-12-11 19:12:23'),
(2497, 'a7b6c884895b305fd67c303303535d9b', 0, '2016-12-11 19:13:19'),
(2498, 'ed90feb75e1adf8da341c872754305ab', 0, '2016-12-11 19:17:05'),
(2499, 'f1c3d70a641f88a082b096b1d7c8d44e', 0, '2016-12-11 19:18:30'),
(2500, 'd21ac1b4abd5d8a27dd8fa798677aafd', 0, '2016-12-11 20:10:49'),
(2501, '1870c8aa557c85727db599da9ba24220', 0, '2016-12-11 23:03:12'),
(2502, '25547353bf4525d5c7446673bbe84041', 0, '2016-12-12 00:04:51'),
(2503, '5fdddf52501e4f7b1b4c3f55dd9d6b35', 0, '2016-12-12 00:04:55'),
(2504, '2187bf44d3c2756bec52317680c6d097', 0, '2016-12-12 00:05:52'),
(2505, '3184d9845d7231774f3946512e825950', 0, '2016-12-12 01:02:00'),
(2506, '49a25b2da5180860a235a1dfe4596f22', 0, '2016-12-12 02:11:20'),
(2507, '1b5fbe97bc46d4c381f0175f1d803799', 0, '2016-12-12 03:10:15'),
(2508, 'ddc7a860207d63cf0598a6949077a4c0', 0, '2016-12-12 03:11:02'),
(2509, '2cfc2566b4fcd441976167c6d66cb4a5', 0, '2016-12-12 03:47:06'),
(2510, '207d958a9766d833411ac492599b4c28', 0, '2016-12-12 03:47:12'),
(2511, 'f9f64b18d1fce7dbbdbde50fe4c830d6', 0, '2016-12-12 04:13:17'),
(2512, 'da362bd0af44876cd6398339cc259ace', 0, '2016-12-12 04:14:17'),
(2513, '2c01fd30d50f3d69571361d7402dae81', 0, '2016-12-12 05:09:50'),
(2514, '6be3df367a08175dfe5b8b32decffbc1', 0, '2016-12-12 05:16:29'),
(2515, '8121c11e503f785dc576f6fb5a40083e', 0, '2016-12-12 05:17:17'),
(2516, '34b7996ec7325b02b77857db16a09b30', 0, '2016-12-12 05:17:48'),
(2517, '48e9eaf53232b106d3026df891264907', 0, '2016-12-12 05:17:55'),
(2518, '80a6f9ab83bb62f0118c197b60c7cfa1', 0, '2016-12-12 06:22:12'),
(2519, '0dfe1b76ad59b0891e87aa8c367fe56f', 0, '2016-12-12 08:17:17'),
(2520, 'a676d841b2e3301cbdb0f54365e7e713', 0, '2016-12-12 09:11:39'),
(2521, 'a3fd51453792afff41e659a8559c8b23', 0, '2016-12-12 09:15:55'),
(2522, '24c6fd244000c79870b8d89a7a9b91a2', 0, '2016-12-12 09:17:38'),
(2523, '47b146b7a56a463f3a397d090c676693', 0, '2016-12-12 09:18:43'),
(2524, '40f6152bee2a759537bf1ac0eecbd8cf', 0, '2016-12-12 09:46:51'),
(2525, 'a5b4aeff0fcd53857907ad4629b13ba9', 0, '2016-12-12 09:54:24'),
(2526, '44aa67d091406ec049a760c6a29125e8', 0, '2016-12-12 11:15:24'),
(2527, '1a7e9be7ff58f2a04b72db5ce3384975', 0, '2016-12-12 11:25:20'),
(2528, '17128d62930948d8540ae27e634d1c38', 0, '2016-12-12 11:26:21'),
(2529, '97c13871bb09f1e0d1f473a9b9f97287', 0, '2016-12-12 11:27:30'),
(2530, '4c142dd5d09ea31121552561851f6c97', 0, '2016-12-12 12:07:21'),
(2531, 'a6177c4812608c643befd42358d0662d', 0, '2016-12-12 12:14:32'),
(2532, '205731a42ea9533ba944d171b3218f4f', 0, '2016-12-12 13:10:34'),
(2533, '67f627d6b0918ea2cd1421ffe7dd8a47', 0, '2016-12-12 13:29:36'),
(2534, 'aab5f925dc5790232c42b8ed0f27639b', 0, '2016-12-12 14:17:02'),
(2535, '1d22baa62ac3d5eb206ba2879358c3a5', 0, '2016-12-12 14:19:16'),
(2536, 'c698e8fd9a3f3ac5f4a4bbd6e7804a20', 0, '2016-12-12 15:13:11'),
(2537, 'c712da9b278d26b9a9a21da0e95d9aed', 0, '2016-12-12 15:13:16'),
(2538, '08ab65392dc233660e9e57697264a4ac', 0, '2016-12-12 15:13:46'),
(2539, 'c4405afc4323c1925232ddff153d1fca', 0, '2016-12-12 15:13:50'),
(2540, 'e604cdec316bcae6c4f421086996c251', 0, '2016-12-12 15:19:42'),
(2541, '893b3332f665d07ce7d55e27cb8dd388', 0, '2016-12-12 15:20:11'),
(2542, '91508cf664cee8c34ff6db96502c36ca', 0, '2016-12-12 15:21:24'),
(2543, 'd45dc243fd6a51dcf619b86577596d7e', 0, '2016-12-12 15:22:42'),
(2544, '21525be88a3844545c309681dea3fe5b', 0, '2016-12-12 16:10:18'),
(2545, '6215313fa60e9f75d3e6d9bdf5489d3e', 0, '2016-12-12 16:12:02'),
(2546, '3091ee31429e889c2e98a9937faef6dc', 0, '2016-12-12 17:20:34'),
(2547, '3374388f77093f409bfc8a38eaf5a11c', 0, '2016-12-12 18:28:25'),
(2548, 'd53cf01622937ff78eda0b99d3a3ad46', 0, '2016-12-12 19:12:50'),
(2549, '8573da04fb75370a754d3f3d947d6dad', 0, '2016-12-12 19:20:10'),
(2550, '92d1f0870ddf02113a7c4c9fd102fc15', 0, '2016-12-12 19:37:46'),
(2551, 'c200493db9aac923208fdc930241a986', 0, '2016-12-12 19:47:17'),
(2552, '09fc43a8eb39e1c6cb93cddb1d0aecbf', 0, '2016-12-12 19:47:44'),
(2553, '8099ff2b038129fab3109839c7576bc7', 0, '2016-12-12 19:55:49'),
(2554, '11eca82f35d80442020688a5b556a2e0', 0, '2016-12-12 20:12:54'),
(2555, '43fb3b348ea995b8ab6fcae1642b04d5', 0, '2016-12-12 20:13:54'),
(2556, '3ce7fc48b5d2e35b341a437e0e3ea877', 0, '2016-12-12 20:14:54'),
(2557, '3b2a686d63beb1acf362906462b37e5f', 0, '2016-12-12 20:16:14'),
(2558, '8ec79fcd9a8743893caeecd377534c17', 0, '2016-12-12 20:17:17'),
(2559, '4ccee804d868f5d8f295332a304fb86f', 0, '2016-12-12 20:18:35'),
(2560, '0b6ddced6cf3a412f40d26cdc8923e5f', 0, '2016-12-12 20:27:03'),
(2561, 'f0809c448c3562ae3ed6398fbf21a56a', 0, '2016-12-12 20:28:14'),
(2562, '1c28bc8edb29528d8e9d633cd112ab4b', 0, '2016-12-12 20:29:26'),
(2563, '86b06751612cb223de0e4ddb568e318a', 0, '2016-12-12 20:31:50'),
(2564, 'ea2b01c36f99afbebc14b37037b245fe', 0, '2016-12-12 20:36:26'),
(2565, 'b0cbc639a185c851a15e0c6437ef9303', 0, '2016-12-12 20:37:42'),
(2566, '52816c53b1818dffa1485d117cf541ba', 0, '2016-12-12 20:40:12'),
(2567, 'c1e19233c836c9a7ebd8c60a90b5da5d', 0, '2016-12-12 20:41:49'),
(2568, 'd794bd48ec9104aff533042857ded379', 0, '2016-12-12 20:43:06'),
(2569, '81a41dd8e5cf777b5fe812f503ef3481', 0, '2016-12-12 20:52:29'),
(2570, 'a149a41e1d30a22a92d6cde382a960ef', 0, '2016-12-12 20:54:20'),
(2571, 'e7c20d64fca15c699d4fb13253ff990f', 0, '2016-12-12 20:59:42'),
(2572, '7bc05e6d5f50c79b811c4dbdeec319fd', 0, '2016-12-12 21:09:49'),
(2573, '9e9bbdbe0be4266e503cdc4c3378b951', 0, '2016-12-12 21:12:59'),
(2574, 'e457decaecaaa093458fa81f4b013449', 0, '2016-12-12 21:14:20'),
(2575, '16103e70b2a47a944cb0aa9e618f8bc7', 0, '2016-12-12 21:15:40'),
(2576, '54c7a521c44d0361fd274ad256ad0c98', 0, '2016-12-12 21:16:58'),
(2577, '0a16869ec4be1c93d074ba2dd18ff1cd', 0, '2016-12-12 21:19:38'),
(2578, '71541eb8a8c8de94f93d0a00290ff11c', 0, '2016-12-12 21:25:01'),
(2579, '5ac4cd974845b75f0c625a8644979b95', 0, '2016-12-12 21:25:49'),
(2580, '38ed557510a7ce571fa5b1ccb923526e', 0, '2016-12-12 21:28:17'),
(2581, '2c99534b262dc4cd67bbe7cd95d36798', 0, '2016-12-12 21:32:40'),
(2582, '0dc8ce9ea4699633074f2ab11873bda4', 0, '2016-12-12 21:32:44'),
(2583, 'e6a2ef2625c3f49acbca959682080e12', 0, '2016-12-12 21:39:38'),
(2584, '7a696bb002bd3cc5aebedc0e15af7bf4', 0, '2016-12-12 21:39:42'),
(2585, 'ebe9ca26140a78c415484c1880194247', 0, '2016-12-12 22:05:40'),
(2586, '5dc377571d7e770435bd830b0b6c22d7', 0, '2016-12-12 22:05:44'),
(2587, '158a3eab2be61176db4609f7267e7c31', 0, '2016-12-12 22:12:08'),
(2588, '9a0e019c7f2a3f8cded8e6fa57f6b169', 0, '2016-12-12 23:14:47'),
(2589, 'b4d1d12e36e95116da813916e1774a0c', 0, '2016-12-12 23:18:33'),
(2590, '68fad620ae8dc8457bf27a01e94793af', 0, '2016-12-13 00:03:43'),
(2591, '8e05ac6fd6c5fd3899472c485e807d18', 0, '2016-12-13 00:09:37'),
(2592, '6f1127dbe108dc53ea64dcf9463baf31', 0, '2016-12-13 00:32:17'),
(2593, '3ded74988615d4b37f25ab5965fc1e07', 0, '2016-12-13 02:04:34'),
(2594, '1567f3a989bf944b8f7e64deb6a48ffd', 0, '2016-12-13 02:53:04'),
(2595, '09e428fd787d5b9e607513c12597b1c3', 0, '2016-12-13 02:59:47'),
(2596, '915f542f3e977ce0b184bc103e445ce7', 0, '2016-12-13 04:07:20'),
(2597, 'f1801cc1cd5873a65a813534dbfaacd8', 0, '2016-12-13 04:43:51'),
(2598, 'd12f1250f5c395b4fde8c296f0ce310f', 0, '2016-12-13 04:55:13'),
(2599, '6209ae3a6d8c80e34e87f4bd0a48d27f', 0, '2016-12-13 05:11:22'),
(2600, 'd714190e4594e37fcfb44d8b0a31428e', 0, '2016-12-13 05:11:26'),
(2601, '7f0f486f6533c5f5d4cceb1871d08e34', 0, '2016-12-13 05:15:33'),
(2602, '93ebf898313674644ecb2fec1455ffef', 0, '2016-12-13 05:22:41'),
(2603, 'b9424515b9d58ffe9a69fff81939ec28', 0, '2016-12-13 06:12:46'),
(2604, '1667896bcc8b9c5765454cc0d5e4b46c', 0, '2016-12-13 06:16:48'),
(2605, '066849b5112ce03d7ebc0116ee820406', 0, '2016-12-13 06:25:24'),
(2606, '014169d7c8beeb4d052240a297441a0c', 0, '2016-12-13 06:26:12'),
(2607, 'd14854712439ba3f169e6cae531408bb', 0, '2016-12-13 06:38:47'),
(2608, '6904692802ae18e548f3ed60f4dd0d37', 0, '2016-12-13 06:41:17'),
(2609, '6f9e8be8f04816ec3a89ff3f50840895', 0, '2016-12-13 07:09:26'),
(2610, 'ecb41ebcb4e6d1d29f154e5efcef5ffb', 0, '2016-12-13 07:22:39'),
(2611, 'befb412b4068bd676561520bedd920d7', 0, '2016-12-13 07:23:08'),
(2612, '65f844b78b32077e15be37c43495c6d1', 0, '2016-12-13 07:23:10'),
(2613, 'b8cc453af1ee417025d579fe7d69d56f', 0, '2016-12-13 07:23:11'),
(2614, '0951ebf9f0178474a312a620edaa1b68', 0, '2016-12-13 07:24:18'),
(2615, '038a7932e80c5a61c6b74d55461a9b93', 0, '2016-12-13 07:36:36'),
(2616, '6376c737b33ff9f1ce36f40cad9e8ed1', 0, '2016-12-13 10:11:02'),
(2618, '55ff89a0062a6e16e2a50f5f2352bdf4', 0, '2016-12-13 10:19:12'),
(2619, 'be72d7ff9fd489ca71dd6e323a949883', 0, '2016-12-13 10:20:24'),
(2620, '39193f8606014fd82876d85c8dc62f50', 0, '2016-12-13 11:10:57'),
(2621, 'a11530deacb7b3cece780a11d71ae1bb', 0, '2016-12-13 11:12:59'),
(2622, '96a944e8304e0ac7211e6b502b17637a', 0, '2016-12-13 11:14:13'),
(2623, '6d117265a544e8d0c0c8df0665e3f347', 0, '2016-12-13 11:47:08'),
(2624, '336adf3e42a01f7a2061162df92a521e', 0, '2016-12-13 11:47:12'),
(2625, '410c8719c9e835ea476583cecea78a76', 0, '2016-12-13 11:48:21'),
(2626, '9b3e83106c441c57810fbedda2b3c384', 0, '2016-12-13 11:50:22'),
(2627, '8d58e3d7e2326daecdf33581be8bba15', 0, '2016-12-13 11:56:16'),
(2628, 'b6e114447f987c7bb00d1e64244f935a', 0, '2016-12-13 11:56:27'),
(2629, 'e6e25b07c426e8fe85b5957639a86bbe', 0, '2016-12-13 11:59:49'),
(2630, 'bbad5803967ffc106e04f01c0eed491b', 0, '2016-12-13 12:03:52'),
(2631, '3d2de7e9e2c3e84fefed5ab0a2323689', 0, '2016-12-13 12:07:07'),
(2632, '85dcd537c3a7643cb26b23d70782a727', 0, '2016-12-13 12:07:31'),
(2633, '678699e621efeabf063e224ba4237bc2', 0, '2016-12-13 12:16:17'),
(2634, '1a49d17fce7b0fd060a3a64f097d6908', 0, '2016-12-13 12:39:13'),
(2635, '8636066b7fe2f3e82eba19606e64fbb5', 0, '2016-12-13 12:52:30'),
(2636, '6448c3103b5260a9a82548bfcce54dfb', 0, '2016-12-13 12:53:50'),
(2637, '24a175916a77963d3c9ea02c9d263d97', 0, '2016-12-13 15:03:50'),
(2638, '7cedefca8dadd33e69c0a54db1adb31f', 0, '2016-12-13 15:04:52'),
(2639, 'bf2d1a5b223eafffa4f534d5ef92cb5e', 0, '2016-12-13 15:05:14'),
(2640, '07a92407bd6fbedbc4b775783f84163d', 0, '2016-12-13 15:06:12'),
(2641, 'e39a82f48ff3d5c8b888e3bfd6e7fcf5', 0, '2016-12-13 15:24:28'),
(2642, '1f9247a299984292650d8f86c4430f3a', 0, '2016-12-13 15:24:42'),
(2643, 'c091d59749b991e9252cac662059952e', 0, '2016-12-13 15:25:37'),
(2644, '2dad7ee0cf5f520e30bf3c5e76011684', 0, '2016-12-13 15:56:26'),
(2645, 'ed15758ff65f45b4bcd692eab46ef240', 0, '2016-12-13 16:52:05'),
(2646, '581195df1b1948a9f3b30ef7baec2e69', 0, '2016-12-13 17:01:12'),
(2647, '8a8b22e32c3931945c7b9691a888d1b2', 0, '2016-12-13 17:01:52'),
(2648, '169b23233b8f567b39d47f1d23e4fb61', 0, '2016-12-13 17:13:09'),
(2649, '753e0169452e9a2dd210f951f75c13a4', 0, '2016-12-13 17:15:04'),
(2650, '2a1ad1bef8ffbd6d306f5d81cdbe9738', 0, '2016-12-13 21:11:15'),
(2651, '2c376ec9c4fbc63a3aae1a3c3dde958e', 0, '2016-12-13 22:09:36'),
(2652, '81c5252b22f6143066943726d0c718de', 0, '2016-12-13 22:09:40'),
(2653, '76d79451d9372f16caa1a3845c452666', 0, '2016-12-13 22:10:05'),
(2654, '0ec438a9f9aa53a7f6a57bfb1a02863f', 0, '2016-12-13 22:10:30'),
(2655, '738e09f3ab1754daebcb79027fce5789', 0, '2016-12-13 22:10:50'),
(2656, '6f7e6a0009bad5f49e5a9d376ecd6e64', 0, '2016-12-13 22:33:21'),
(2657, 'cd674dcc8c98d06a0a47180177332a39', 0, '2016-12-13 23:02:16'),
(2658, '0f7de663f853a416ad7ac34857af5ed1', 0, '2016-12-13 23:31:02'),
(2659, '01efd87477364709e0d966592abb63ae', 0, '2016-12-14 01:00:09'),
(2660, 'f0f69b4cc1fe6d43e096d7c22821926e', 0, '2016-12-14 01:06:32'),
(2661, 'd3ccd625f0480484b5b3ab212aa562dc', 0, '2016-12-14 03:04:29'),
(2662, '726e5027b67bd1b2a3108ee1c7a74c5c', 0, '2016-12-14 03:32:22'),
(2663, '237c1fe1dcbddd4890a42a1814646bee', 0, '2016-12-14 03:44:16'),
(2664, '6588bbe57f91c6b5915dbef4c2c80198', 0, '2016-12-14 04:14:54'),
(2665, '28474d21759cc855fa5be2960da123cb', 0, '2016-12-14 05:36:59'),
(2666, '0f40e9fa3f400829b8376320336819d6', 0, '2016-12-14 05:41:14'),
(2667, 'e648c3f09dc6b9c9406f272062204d94', 0, '2016-12-14 06:08:50'),
(2668, 'a966c4c51d4aead7cd91a76b9e715df4', 0, '2016-12-14 06:17:36'),
(2669, '09aa92c1be3013f90e5336e859f7e6d0', 0, '2016-12-14 06:17:40'),
(2670, 'b7713935d4b9f033e08219692949ab36', 0, '2016-12-14 06:18:35'),
(2671, '8d4da890fb2aed821d5bd7a2ecfeb1a0', 0, '2016-12-14 06:19:33'),
(2672, 'eb75e0e3423d03c5992a7faf6f2ab74c', 0, '2016-12-14 06:21:22'),
(2673, 'fb680354a6088f298bd8b6fdbebceec2', 0, '2016-12-14 06:22:17'),
(2674, '270b62c25a58a65297b9de258bb17e7f', 0, '2016-12-14 06:23:19'),
(2675, 'ca3f6d491cae3688332b1d99ffce1c48', 0, '2016-12-14 07:10:20'),
(2676, '3f2c16cc2555239a110885afc6b079f8', 0, '2016-12-14 07:14:02'),
(2677, '43affa2e958bcfb32b410070ca5c42c6', 0, '2016-12-14 07:48:09'),
(2678, 'a8fdf7ee78927e81606a301401f9e2e0', 0, '2016-12-14 07:48:12'),
(2679, 'adb47e405c911918f240f797723fcfc6', 0, '2016-12-14 09:13:02'),
(2680, 'b546911c30ecbfbec2a493475514f5ad', 0, '2016-12-14 09:15:31'),
(2681, '9063339fa2ffc32d208f1719215a38cf', 0, '2016-12-14 09:18:38'),
(2682, 'ee2ee9431439536fc1b6d218d609fc4c', 0, '2016-12-14 10:18:16'),
(2683, '4dfafa8be35bf75f42c8b5b7c8ae56f9', 0, '2016-12-14 10:19:20'),
(2684, '6ece93177039bd9e69cb767f53eb7234', 0, '2016-12-14 10:36:43'),
(2685, 'b0dcd699036683cab9a9ff5726e09b43', 0, '2016-12-14 11:23:08'),
(2686, 'ca16fc78b0784500e8bf351c0353bbf8', 0, '2016-12-14 11:23:46'),
(2687, '4d8ac21bdeb60c91bafb4ad3f217ebc3', 0, '2016-12-14 11:26:19'),
(2688, 'b0bbcd242bcb6de925c6aa571fc6aa65', 0, '2016-12-14 11:26:25'),
(2689, 'dbf7497dad4fd07117df4255d87b4a5e', 0, '2016-12-14 11:51:52'),
(2690, '227b75f084414a1d691f12ed6dae15e1', 0, '2016-12-14 11:52:29'),
(2691, '8138d7dfdef777cb583852dd9ece9965', 0, '2016-12-14 11:53:04'),
(2692, '05561a059b8b962a326aaa05b495f70d', 0, '2016-12-14 12:23:37'),
(2693, 'eec8685685eb1911498711edef74a06c', 0, '2016-12-14 12:24:11'),
(2694, '3bb38e5d62cd0d4741db1bac9f15be56', 0, '2016-12-14 12:35:59'),
(2695, '88215b896008eb7c29a8a93c5be34c93', 0, '2016-12-14 12:36:03'),
(2696, '51908694e439846871c78b174d248de9', 0, '2016-12-14 13:11:53'),
(2697, '1914d70eb706aff3109952be87fa9690', 0, '2016-12-14 13:22:40'),
(2698, '4295d9524fa2b1d7f20b81e64ffcdc61', 0, '2016-12-14 13:22:41'),
(2699, 'ed9c20493adebfe0818bd085374c08ab', 0, '2016-12-14 13:22:42'),
(2700, '4b6a77f9ba89a6ad7c52240819fe1527', 0, '2016-12-14 13:22:43'),
(2701, 'c697e9bf0daea4bcfb37c6efdfe1cf8c', 0, '2016-12-14 13:22:44'),
(2702, 'dfaedd4cc4c72ff9e11faa0ad821c13f', 0, '2016-12-14 13:22:50'),
(2703, 'd7d1df0f2708cb26daeb6ef6121397b0', 0, '2016-12-14 13:22:51'),
(2704, '1ad503be4a630ae14c055dbd4b6badc8', 0, '2016-12-14 13:22:54'),
(2705, '84c69a3233accb0dcfe8b6c68928107b', 0, '2016-12-14 13:22:55'),
(2706, '876a76a4e77605514dbace58e4a0a319', 0, '2016-12-14 13:22:56'),
(2707, '24663ca641d4c6b30b937b4f9f953963', 0, '2016-12-14 13:23:00'),
(2708, 'fce3d2cdbb650ea6cd58d78fc1007f8f', 0, '2016-12-14 13:23:01'),
(2709, '5959a31a31030bb5be2cb58a3a1afd4d', 0, '2016-12-14 13:23:03'),
(2710, '1e73daf9b9c99eccce296866fae2eed2', 0, '2016-12-14 13:28:38'),
(2711, '599eb651c5193a139ace8e3a0a8a130d', 0, '2016-12-14 13:29:13'),
(2712, '620b28d0ab287bd03dba653c06c19276', 0, '2016-12-14 13:29:43'),
(2713, '7c49c4275c08deb51c79ec56a5dca5f8', 0, '2016-12-14 13:56:20'),
(2714, '252c0f27a80eb8387f176ece069f5d18', 0, '2016-12-14 14:12:44'),
(2715, '431e6cb36d53804fcc5e780a4f12a9f4', 0, '2016-12-14 14:13:27'),
(2716, 'eb93e81884d6a709f99c45cdd2242538', 0, '2016-12-14 14:14:08'),
(2717, '20d6b8a3395a51feb81bacf5caa7eb50', 0, '2016-12-14 14:24:13'),
(2718, 'e6023698bb268fa4826240c539c18559', 0, '2016-12-14 14:24:27'),
(2719, 'bc4bed4b27f657671132f293a6c825ba', 0, '2016-12-14 14:24:55'),
(2720, 'ea888c4acddd4ce9d1e0a4abce86261f', 0, '2016-12-14 14:30:19'),
(2721, '30c9c1a07fe20873e800a71a5ad70960', 0, '2016-12-14 14:31:09'),
(2722, '414f4fecf8ff91ac3000fff32f2511e6', 0, '2016-12-14 15:20:47'),
(2723, '2c9c58668b75f028d423be48e8db531b', 0, '2016-12-14 16:10:44'),
(2724, 'a349f5fb358d3c292b5e247b1aeb8e04', 0, '2016-12-14 16:57:39'),
(2725, 'd69899a12682e5fa126023e3968b5dcd', 0, '2016-12-14 17:07:32'),
(2726, '5f6a4f9970bdba77272e350fe84dc580', 0, '2016-12-14 17:08:35'),
(2727, '039a918f72c94987a02ccd9c7ffb795a', 0, '2016-12-14 17:11:48'),
(2728, '17caa5d28d6bf4ddd6665aabac3e86e0', 0, '2016-12-14 17:11:52'),
(2729, '7ab9a94b6afa43c5416da66cd126a450', 0, '2016-12-14 17:18:50'),
(2730, '77b982139bc22e0177c36b1e48f765c4', 0, '2016-12-14 17:41:16'),
(2731, '67828f82dba16e67be28487810b4f665', 0, '2016-12-14 17:41:17'),
(2732, 'bb84f6e35660808dd065d85c644d6762', 0, '2016-12-14 18:10:06'),
(2733, 'b34f47c3a0dcbb7ab9c5f5cc64bdfc9f', 0, '2016-12-14 19:07:37'),
(2734, '85105d367a73b1a7099201e26f96079e', 0, '2016-12-14 19:07:41'),
(2735, 'a7775e6cd3cd4cd195f8fbc353c1d384', 0, '2016-12-14 19:22:21'),
(2736, 'ce5a7c75ab4523f2e80c9f2c4ddcb9e7', 0, '2016-12-14 19:22:25'),
(2737, 'c18eff98e3eb103164bd8b7e191b163d', 0, '2016-12-14 20:16:36'),
(2738, 'f7864bbf88b659b2e7bb80e5c55197d6', 0, '2016-12-14 20:55:47'),
(2739, '44272b6916ddb52131e697de8f26c093', 0, '2016-12-14 20:56:12'),
(2740, 'd9436600ab1c78dd5438e0651a48aa8c', 0, '2016-12-14 21:12:16'),
(2741, '3ae8a5466980ca6ffbd0b5bee164285e', 0, '2016-12-14 21:13:41'),
(2742, 'ac41ed1d33953da863a726872cefb9f4', 0, '2016-12-14 22:27:22'),
(2743, '75926f84ec54a01d27dc54ecfd9c785a', 0, '2016-12-14 22:29:24'),
(2744, '3edfbdaea116c1bbb4cbb948f862993c', 0, '2016-12-14 22:45:30'),
(2745, 'e07ac5d74f8448a20889970d722a61ab', 0, '2016-12-14 23:30:20'),
(2746, '666478e6c1d35474c83e873b5874a9ed', 0, '2016-12-14 23:36:01'),
(2747, '3c9079d26413e1e10ee59cc3409cacc4', 0, '2016-12-14 23:38:06'),
(2748, 'd97574635f0fa794ef7c8f5671b96431', 0, '2016-12-14 23:55:17'),
(2749, '8c0bbefc9a60bf4b98f59aa964bb079d', 0, '2016-12-15 00:05:17'),
(2750, '4a82129246c5d17376297f1222fd5bea', 0, '2016-12-15 00:07:22'),
(2751, 'c48de8f49e23ac4b7ad28b0cc7d2cafc', 0, '2016-12-15 00:20:24'),
(2752, '9381a3228d7546c288a8ca7c3d1f4a84', 0, '2016-12-15 00:36:10'),
(2753, '8c3038c04e8229fd2aa061454c0e08bd', 0, '2016-12-15 00:38:15'),
(2754, '9b4498b7d6751fe1dca038720b0a3a22', 0, '2016-12-15 00:40:31'),
(2755, '2244a70b211bbd574936b1e4905ddb4e', 0, '2016-12-15 02:03:04'),
(2756, '764b8939bfd9752031630c72185888ee', 0, '2016-12-15 02:09:04'),
(2757, '8ef56cd4bddfb8e54076a55844e763f1', 0, '2016-12-15 02:25:20'),
(2758, 'd1882b9b432506e814c422fa4571e461', 0, '2016-12-15 02:25:24'),
(2759, '03318d6b2f5ec8b7dfca958a99f47972', 0, '2016-12-15 02:57:42'),
(2760, '27eaf803a5bbc743e467f15b919d12df', 0, '2016-12-15 03:22:45'),
(2761, 'e953135a1d2888636b6ce5177eb45d1c', 0, '2016-12-15 03:44:46'),
(2762, '25df782d69cd6fa0a231be06eae449b4', 0, '2016-12-15 04:11:13'),
(2763, '141bd2462ec9ff42e26aed0d9b2647ec', 0, '2016-12-15 04:14:59'),
(2764, 'e9913a5d6ff925a35f5bfd8a60b2b5e2', 0, '2016-12-15 04:17:04'),
(2765, '7ac2b7b920d432f3a3f8dfc5888f2ca8', 0, '2016-12-15 04:51:21'),
(2766, '4ba47408c34068ab1f5552679eff8ab7', 0, '2016-12-15 04:51:25'),
(2767, '5966a45c4d499aa3baf58782ae7ddcc6', 0, '2016-12-15 05:04:43'),
(2768, '74f4b62dad81762ec7f8c6c74ab13c3c', 0, '2016-12-15 05:04:45'),
(2769, 'a831fead62405bbad82249957f090004', 0, '2016-12-15 05:47:09'),
(2770, '1f4d599bafe9d7c8813157f3141deec4', 0, '2016-12-15 06:09:55'),
(2771, '0d803370826b7080cb040049a018c370', 0, '2016-12-15 06:17:38'),
(2772, 'b1654a096750697fae95c39aede57bb6', 0, '2016-12-15 06:19:14'),
(2773, 'ec1935df4bf3f73792655775cd6eee51', 0, '2016-12-15 06:21:50'),
(2774, 'ce9512cb20786c67371a17e99f902ddb', 0, '2016-12-15 07:11:40'),
(2775, 'f6369721762d368a373ca6b187d4bb9f', 0, '2016-12-15 08:04:16'),
(2776, '2d5256ab244fad82a192751b307de33e', 0, '2016-12-15 08:17:44'),
(2777, '599659c820979d87ff96bdf6f325479a', 0, '2016-12-15 08:18:59'),
(2778, 'df4715a68b93816512c064a04d8a90ed', 0, '2016-12-15 08:19:00'),
(2779, '66ba7f1e24b96cde998c247065457e3f', 0, '2016-12-15 08:26:04'),
(2780, '0d7548d3e1df845c23deb1b4094ee928', 0, '2016-12-15 08:27:11'),
(2781, 'aadc21969e4c540f18b153c905a0ff5c', 0, '2016-12-15 09:57:04'),
(2782, '618f33eda2f6ed7e82cf8ac941176da0', 0, '2016-12-15 10:06:32'),
(2783, '00a8a64b322124416cea8b3808ee66f0', 0, '2016-12-15 10:34:43'),
(2784, '12cb7f3e400e6636a9eaef67e5f0db4e', 0, '2016-12-15 10:56:58'),
(2785, 'b6af1df8124894df76b79db198ceaff8', 0, '2016-12-15 10:56:59'),
(2786, 'ef3c5b0c99d1b5137de91802aa8b73bf', 0, '2016-12-15 10:58:49'),
(2787, '0f5e867856dea37bd013f1badbc319c8', 0, '2016-12-15 11:52:30'),
(2788, '5923db95cf9bca7b3cabeb1b5feb441e', 0, '2016-12-15 11:52:34'),
(2789, 'fba367eb4926b58ccf5dba216f92e20c', 0, '2016-12-15 11:55:21'),
(2790, 'b98db6678bf2076cf42b4f2848b9a92e', 0, '2016-12-15 12:05:38'),
(2791, 'f8b233d8956c5a52b798fb67bf0fea04', 0, '2016-12-15 12:07:36'),
(2792, '5f529f60ff4a9c669d1f10dc73cf981d', 0, '2016-12-15 12:09:15'),
(2793, '80c708c8057889e990b8fbb1505989a1', 0, '2016-12-15 12:10:48'),
(2794, '68a534b3584eceab2301e27573ac0bbb', 0, '2016-12-15 12:19:32'),
(2795, 'd279bb01ff1488516b2ee53279cd3443', 0, '2016-12-15 12:45:22'),
(2796, 'd88ffb01ea668d8114589e282f834527', 0, '2016-12-15 12:47:40'),
(2797, '26096504ab4cecd529942e3a167592f9', 0, '2016-12-15 12:48:49'),
(2798, '1e102968b59926a5f4243527242c923a', 0, '2016-12-15 12:53:57'),
(2799, 'dfd646db6ac44584e911d71cd140d459', 0, '2016-12-15 13:10:16'),
(2800, 'cdf593240702f3ba7c64d4d13c92d426', 0, '2016-12-15 13:10:20'),
(2801, 'c21d474cb409d33cfe5b69db74e84cfc', 0, '2016-12-15 13:14:33'),
(2802, 'd53d469fd95096e6438c50e41fe31f27', 0, '2016-12-15 13:19:42'),
(2803, 'e0dd70648078a9eb05182142ef8a8ecc', 0, '2016-12-15 13:34:50'),
(2804, '55bb90b6bf8cc7d781047bb1a7e07656', 0, '2016-12-15 13:43:48'),
(2805, 'ab7f51e508138e558e8763e41893d0ad', 0, '2016-12-15 14:16:51'),
(2806, 'a427ad866199d2e693777607fb2c9815', 0, '2016-12-15 14:18:18'),
(2807, 'a89d4979f613589f3dabc7896a8e34f6', 0, '2016-12-15 14:19:50'),
(2808, '6eabd579987ddbb7670f43eb181e9a97', 0, '2016-12-15 14:19:54'),
(2809, '7d6d6109845c28506bc8b47d046de940', 0, '2016-12-15 14:22:54'),
(2810, '678ca0c2b9b02b233323b30c6750677e', 0, '2016-12-15 14:41:05'),
(2811, '4aac4424e1aaa59f3e6223db73a28e2f', 0, '2016-12-15 15:11:14'),
(2812, '9c91b0d61d45e6fcb44a554d0178a720', 0, '2016-12-15 15:18:20'),
(2813, '44da51608db61561b519db8d485f5d17', 0, '2016-12-15 15:19:17'),
(2814, 'a47f3c3099a771d9dc26287de35568a9', 0, '2016-12-15 15:20:26'),
(2815, '71348b225a48798e4cd892e96196a1cd', 0, '2016-12-15 15:23:56'),
(2816, 'a5f9c4cd9fbcb4c918796fd4127140bb', 0, '2016-12-15 15:35:11'),
(2817, 'bcc15bca48030f83be0d4224fb626eaf', 0, '2016-12-15 15:39:39'),
(2818, '26e261be9d73d294a8e6a55f901af791', 0, '2016-12-15 16:18:09'),
(2819, 'ee2f761f7706242fae97839aaa6960d9', 0, '2016-12-15 16:18:21'),
(2820, 'c4454f27ddf0222afa1af4d9f86b63f5', 0, '2016-12-15 16:21:11'),
(2821, 'dff8e7bcf945cc157dce14b9b2756da4', 0, '2016-12-15 16:21:16'),
(2822, 'acd27f8838f3d1a3f7e17be5e6351bd0', 0, '2016-12-15 16:21:19'),
(2823, '7bc40be975fb8b1ca230b10b657b28d9', 0, '2016-12-15 16:21:22'),
(2824, 'a499f0459ad944b742877248fb8a8069', 0, '2016-12-15 16:21:29'),
(2825, 'e1285931ee1b599f29cc84c4e3dedc08', 0, '2016-12-15 16:21:31'),
(2826, 'fcebbde34aa75bde49040bb2fc0a48d7', 0, '2016-12-15 16:21:34'),
(2827, 'c0364554d644df846893178ba3b41988', 0, '2016-12-15 16:21:38'),
(2828, '0f74f07336d3c18d34fc1857a4be0f39', 0, '2016-12-15 16:21:40'),
(2829, '96e34c5eef237916ca12840857c163ba', 0, '2016-12-15 16:21:44'),
(2830, 'b221801c9fbdb37d6a25ea1fc39cc699', 0, '2016-12-15 16:21:48'),
(2831, '22abecaf0c35d499f3b15ad5a30fb05a', 0, '2016-12-15 16:21:51'),
(2832, '69b92d8a65a5c15b5dc48d2a9be19085', 0, '2016-12-15 16:21:52'),
(2833, '18e68c040be110e21db00c0645d30023', 0, '2016-12-15 16:21:57'),
(2834, '770bcb93a011add0d1686f6968dfcd77', 0, '2016-12-15 16:22:01'),
(2835, 'c8f21e1a7a7dd86187c0ce5db2074505', 0, '2016-12-15 16:22:04'),
(2836, '066f15051f03b8d3528d5363378791df', 0, '2016-12-15 16:22:13'),
(2837, 'a60900dfafe0e012677e2a3a4f4c5307', 0, '2016-12-15 16:22:32'),
(2838, '4f4e3f4d3da77e559cf982c871072a4a', 0, '2016-12-15 16:22:35'),
(2839, '28dc310fb07c2ec0e694c3486a2d13c0', 0, '2016-12-15 16:22:38'),
(2840, 'fa6b0f53d6a7b897be6dd8ab5594208a', 0, '2016-12-15 16:22:42'),
(2841, 'ca93e861cc1c63428be561bb5f09cf08', 0, '2016-12-15 16:22:46'),
(2842, 'c50ceca44d01d2c4438e1c9e0a558345', 0, '2016-12-15 16:22:52'),
(2843, '854c5487ed13d5bad116c1566fb0d76f', 0, '2016-12-15 16:22:56'),
(2844, 'bf3c2868564317e5b36c9a6a0bd20705', 0, '2016-12-15 16:22:59'),
(2845, 'c0e3ecb1b37eb655cbe18e64f3be94b1', 0, '2016-12-15 16:23:04'),
(2846, 'bf57c5f797ed80be5de49b488af69c1f', 0, '2016-12-15 16:23:10'),
(2847, '143b904d674e4a801a7c78320ffebecb', 0, '2016-12-15 16:23:13'),
(2848, 'c21a8b0b56496d74eb202cdcd79fa8b2', 0, '2016-12-15 16:23:18'),
(2849, '780f86ba9c10fa48a4e0c50137c22b65', 0, '2016-12-15 16:23:22'),
(2850, 'e8a38bb410e2b3e926977c0f74e2cd53', 0, '2016-12-15 16:23:27'),
(2851, '54f9b52e55de0b65d61cbd95ad3578d0', 0, '2016-12-15 16:23:31'),
(2852, '44e6f965d17cee30eb5eadb10284d13c', 0, '2016-12-15 16:23:36'),
(2853, '6b9d4b2a7f9e6b898fa3fe69c44f91e1', 0, '2016-12-15 16:23:40'),
(2854, '02222fc06973ac07cad8f1399f1a00b4', 0, '2016-12-15 16:23:43'),
(2855, 'a7e82a74eb32b7c7c329e29cdb48a8f1', 0, '2016-12-15 16:23:44'),
(2856, '1a6b1bfcd045fcdbc5bb140afd8a9274', 0, '2016-12-15 16:23:47'),
(2857, '37a2351829ed2aca92277b5a53be9210', 0, '2016-12-15 16:24:11'),
(2858, '38a33e93174fe6ae0a5cb1686d26bcd4', 0, '2016-12-15 16:24:15'),
(2859, '6ccb424ac0e71cc38760a18347abdf4f', 0, '2016-12-15 16:24:19'),
(2860, '2fd3f5d9348141151259ba35e52fa77b', 0, '2016-12-15 16:24:25'),
(2861, '0189f81e10784d280fcde96445c25361', 0, '2016-12-15 16:24:32'),
(2862, '99c4ffa70cb2a48f111b096249ba22ed', 0, '2016-12-15 16:24:39'),
(2863, '2e79b261e3ad6702c5d811db3ffc4028', 0, '2016-12-15 16:24:47'),
(2864, 'ddc05699e1df5566c3405dce6569aee7', 0, '2016-12-15 16:24:55'),
(2865, 'e3bf3c714e14ee5cda33e1c5b02ca016', 0, '2016-12-15 16:24:59'),
(2866, '5187d599c2d414ab0f3b66272c202aa2', 0, '2016-12-15 16:25:03'),
(2867, '53555a8633421dcca45b55d881c2e6d4', 0, '2016-12-15 16:25:06'),
(2868, 'cacbe0120a11e4fae9a09ad524abdb4a', 0, '2016-12-15 16:25:11'),
(2869, 'f0bc88160cdfe10c5f1d296bfda3248d', 0, '2016-12-15 16:25:15'),
(2870, '9a9d580ca698564934c0538ca26bc716', 0, '2016-12-15 16:25:34'),
(2871, '7ed2211bf841349ec9b747ba10842290', 0, '2016-12-15 16:25:37'),
(2872, 'b9b8a79ac5de10bcb622a16c14ede819', 0, '2016-12-15 16:25:42'),
(2873, 'aad0a18f639a99b332809402d6520868', 0, '2016-12-15 16:25:45'),
(2874, 'e31996d04fd5224a455e31ef953f210a', 0, '2016-12-15 16:25:48'),
(2875, '89ace7817a454d665724ef657b282161', 0, '2016-12-15 16:25:52'),
(2876, 'f08252ffeca5dcd15de7313745b6da16', 0, '2016-12-15 16:25:57'),
(2877, '29317de96e7e3d3086b46c9ce796d272', 0, '2016-12-15 16:26:00'),
(2878, 'ad18666acdaec2a2ae02af2a3c04ebb3', 0, '2016-12-15 16:26:03'),
(2879, 'a6adf87252410323ff0aa5313e70bb83', 0, '2016-12-15 16:26:07'),
(2880, '1647734cb627129e3d3bd453dc0e3529', 0, '2016-12-15 16:26:11'),
(2881, 'd9f74883855762823747087fc9adfac3', 0, '2016-12-15 16:26:18'),
(2882, 'fbbb38f188a14d31118ddf9ef040811c', 0, '2016-12-15 16:26:47'),
(2883, '1ca7772a93ba4c674364efbf9edc03dc', 0, '2016-12-15 16:26:51'),
(2884, 'a2dcb7a70f02821988ea478038143411', 0, '2016-12-15 16:26:55'),
(2885, '99323036453cc22f5bb3c9b8099e1e0e', 0, '2016-12-15 16:26:59'),
(2886, 'b7dc70c8002a73a784a7a81cac6327dd', 0, '2016-12-15 16:27:05'),
(2887, 'fdc37829d4383af787b9fcd78578bd0a', 0, '2016-12-15 16:27:11'),
(2888, '07f2cbca0930e6c9a2f3602596428743', 0, '2016-12-15 16:27:16'),
(2889, 'fa66752c208251d84b6028c15a77137f', 0, '2016-12-15 16:27:20'),
(2890, '93718c749e56a31a587f56b90b825c13', 0, '2016-12-15 16:27:26'),
(2891, '1f36b5b7d625d6af1028cd35a5974207', 0, '2016-12-15 16:27:32'),
(2892, 'cdfa20e37e7a21a6b354841ce3124dcc', 0, '2016-12-15 16:27:38'),
(2893, '5611080e466b76c2aaa81ea45689b2e7', 0, '2016-12-15 16:27:42'),
(2894, '0f4a31b3aad9a6ff60cec3fca7af1290', 0, '2016-12-15 16:40:15'),
(2895, 'e55b8a20d92563b1013b236d452d6b18', 0, '2016-12-15 16:41:24'),
(2896, '9f206a747bc9355ca966c1186697e8a9', 0, '2016-12-15 16:56:59'),
(2897, 'dfdb3a3b1c1ac5573f1ad88d8fe427c4', 0, '2016-12-15 17:05:26'),
(2898, 'c4eb9f1154d5cca85b214f0462ddeeb4', 0, '2016-12-15 17:09:21'),
(2899, 'd1321785f9042deeb7dcee278c7f8f48', 0, '2016-12-15 17:09:23'),
(2900, '7bdb9b10f64b99d4ea0c0846a0c0ef6a', 0, '2016-12-15 17:09:27'),
(2901, '73439512d87a65cca799c2c15edd2bf2', 0, '2016-12-15 17:09:29'),
(2902, 'd4c3ef2ba0e726f518986a8b5d19a3c6', 0, '2016-12-15 17:09:31'),
(2903, '8628741b14a04ebfa28896d07147058c', 0, '2016-12-15 17:09:32'),
(2904, '47e3ab94ba831b33fa3b03197bd17308', 0, '2016-12-15 17:09:35'),
(2905, '63ca3422849063cab16c07111b5173da', 0, '2016-12-15 17:09:37'),
(2906, '5d1307d9cc355b85148a68c9a925a584', 0, '2016-12-15 17:09:39'),
(2907, '9e53308db5a000f09376657203a1f742', 0, '2016-12-15 17:09:40'),
(2908, 'f52588779efdd0e241d7367927b3a9ce', 0, '2016-12-15 17:09:42'),
(2909, 'f4c7cc7cd73d1eaecb1633ea5cf0c85d', 0, '2016-12-15 17:09:44'),
(2910, 'b3d5bd7e3d68a4b5e8b0a0d718452273', 0, '2016-12-15 17:09:46'),
(2911, '9879f3616f878ebcc687c4f0bb7612eb', 0, '2016-12-15 17:09:47'),
(2912, '526ab87bc8ab509d93077c0718b6fe8f', 0, '2016-12-15 17:09:49'),
(2913, '8416f48792691dc6e7e3e70980805bd7', 0, '2016-12-15 17:09:52'),
(2914, '150b42a6e7c13cb9519d53b90fc76b60', 0, '2016-12-15 17:09:55'),
(2915, '1ae18d745fec0a50def33804999e5fd2', 0, '2016-12-15 17:09:57'),
(2916, '41bff95c46b3221aeabae87ce2e255ea', 0, '2016-12-15 17:09:59'),
(2917, '17583264e00561edaa274eef28709607', 0, '2016-12-15 17:10:01'),
(2918, '012574efaa517e123ecfac32578a6f0e', 0, '2016-12-15 17:10:03'),
(2919, 'f8eeb5ab1a5eab22f4ea36095028571d', 0, '2016-12-15 17:10:05'),
(2920, 'df788ca31c9e8d413f5ec794722d7ff8', 0, '2016-12-15 17:10:07'),
(2921, '1fd53281e0958599d34344ee4be376ae', 0, '2016-12-15 17:10:39'),
(2922, '2283db76f2ef4e4d7f0f381bc7565ab5', 0, '2016-12-15 17:11:07'),
(2923, '249d1ad03294ff804a749c67e23913b1', 0, '2016-12-15 17:11:10'),
(2924, 'df631380ad613ccee9ab2c79d704a606', 0, '2016-12-15 17:22:03'),
(2925, '14d1cd462b84750f70f22e845f477635', 0, '2016-12-15 17:26:39'),
(2926, 'a8e6dd5b552befe2c817dcbcba334fa8', 0, '2016-12-15 17:30:13'),
(2927, 'db1c1f018cb4e0f26ba2cf24b3b05b2f', 0, '2016-12-15 17:39:13'),
(2928, 'eaf25407369e7c1ba487d0eafe0c3cd7', 0, '2016-12-15 18:01:09'),
(2929, '731d4b7162b6af726fda7445e6a1e63d', 0, '2016-12-15 18:02:18'),
(2930, '03d3ce0dc3fc4e03f22850429adf7e6b', 0, '2016-12-15 18:06:54'),
(2931, 'c6d54c7440c99cb4231bbbc9cd9b2ab2', 0, '2016-12-15 18:09:40'),
(2932, '967f866e771848e6a64903b419724e11', 0, '2016-12-15 19:09:23'),
(2933, '0e7070fa530277c429d169ac6dad02c1', 0, '2016-12-15 19:13:20'),
(2934, 'b5c39cb92caf07608b1b56168318fa90', 0, '2016-12-15 19:15:28'),
(2935, '3f45d5b6a1000f4df28c8dc267f5455b', 0, '2016-12-15 19:58:17'),
(2936, '24258a8d8f4831ecb8633b92f1ae1645', 0, '2016-12-15 20:01:36'),
(2937, '4c4e257b601b19edd83a6df0be44b669', 0, '2016-12-15 20:04:02'),
(2938, '42d040cfea69404c26fad6a7e5134978', 0, '2016-12-15 20:15:06'),
(2939, '7b8442f24dd06aa7b6e046c361c2d8e6', 0, '2016-12-15 20:31:41'),
(2940, '545c00642f21aa54223f7d366befae2b', 0, '2016-12-15 20:31:45'),
(2941, 'b8d839919d68636373f555c43329de56', 0, '2016-12-15 20:51:45'),
(2942, 'e084155d5165e58d716d2a0f27645ff0', 0, '2016-12-15 21:04:25'),
(2943, '07bc942f55f08185b8a8551a29183f2e', 0, '2016-12-15 21:32:43'),
(2944, 'ca0084891ed28ba49a7d993ab5b8553b', 0, '2016-12-15 21:35:06'),
(2945, '1dc6e877c03fb81998fc75ea54176535', 0, '2016-12-15 21:36:55'),
(2946, '859539001d3302653e50bdfffc4e03c4', 0, '2016-12-15 21:55:18'),
(2947, '482e659e862c5a777139797614dc1d93', 0, '2016-12-15 22:05:12'),
(2948, '4ab51f32d0b282e199031fc21de6cec3', 0, '2016-12-15 22:07:25'),
(2949, '822ce1569203683405d7d88d190f6820', 0, '2016-12-15 22:07:42'),
(2950, '3d7b5c1391ab7a3049b6181c4a5ab13f', 0, '2016-12-15 22:10:08'),
(2951, '20ebfe4bf56c8b242f04f5d24aaeb959', 0, '2016-12-15 22:13:40'),
(2952, 'f28ff29091e2327ec2c463eeec8955a4', 0, '2016-12-15 22:19:07'),
(2953, '392533607739d1513c0ddfbc99b3c740', 0, '2016-12-15 22:21:24'),
(2954, 'acbb599e9a5d02e5024607b6ec33cc53', 0, '2016-12-15 22:23:31'),
(2955, 'da2d2649247cf12f6c22b784d121db4a', 0, '2016-12-15 22:29:32'),
(2956, '8171012a2449bbba0080e10852ce4468', 0, '2016-12-15 22:38:05'),
(2957, '1a987425a0f3adf920f280fcbaeb4598', 0, '2016-12-15 22:40:10'),
(2958, 'f750b5aa305ed3cc550ebf70f153ffdf', 0, '2016-12-15 22:49:02'),
(2959, '7dc5c183bbaf130127b4f08bab3ac35e', 0, '2016-12-15 22:53:01'),
(2960, '382027f8fc7c06e061a594b90f4f573b', 0, '2016-12-15 22:58:00'),
(2961, 'be9f2cc9dd292c074756eb3c00f36d09', 0, '2016-12-15 23:04:02'),
(2962, '4dbf50bcdb19575a29046cab0846ed0b', 0, '2016-12-15 23:12:31'),
(2963, 'c71b5f08ebdc7712adfabe20b8af82e7', 0, '2016-12-15 23:15:09'),
(2964, '07bd61f0e222d61a6ddf02c3e1dec06c', 0, '2016-12-15 23:19:30'),
(2965, '01c641f08e398d9e602a34aa4d9b1b3a', 0, '2016-12-15 23:53:43'),
(2966, '9724e23ead272e639966e3d8ebf32a60', 0, '2016-12-15 23:55:58'),
(2967, '771a0ca57d67dd9efbc67dd46e6738a5', 0, '2016-12-16 00:01:06'),
(2968, '6bf9d215e1ec574cdbf638d9cfc2709a', 0, '2016-12-16 00:13:11'),
(2969, '361fdea06c2861cadc342cceedbbbd9f', 0, '2016-12-16 00:15:09'),
(2970, '1103f76d1c9a90bb4d59d993207122ea', 0, '2016-12-16 00:27:17'),
(2972, '4fed8456f3245df57b2acf93a0bbe6a8', 0, '2016-12-16 00:38:28'),
(2973, 'efa641caf7bb393e78975f197c477fc1', 0, '2016-12-16 00:46:07'),
(2974, 'e790ed5822308dc84dd3ca9f84e49992', 0, '2016-12-16 00:50:20'),
(2975, '81fbf1287e6feffeb970a61bb957f26a', 0, '2016-12-16 01:10:22'),
(2976, '4fa65976c8e403439673bafe816f29a0', 0, '2016-12-16 01:39:12'),
(2977, 'a40b90417a2b4fd9d7408d964f16da0a', 0, '2016-12-16 02:16:20'),
(2978, '10cbfd7779a2beb42588e44eef396f1d', 0, '2016-12-16 02:32:26'),
(2979, '9190e1e0b7247761a262b4611fd966e7', 0, '2016-12-16 02:33:29'),
(2980, 'e6a082ef63220814ca87447d46fa3297', 0, '2016-12-16 02:34:31'),
(2981, '32d9a60486917e5ca864944bf686fae8', 0, '2016-12-16 02:36:36'),
(2982, '077924a30d9b8d5f3338db4a946fe55c', 0, '2016-12-16 03:22:02'),
(2983, 'b32ee413a3f3eba9cb6414e28c984793', 0, '2016-12-16 03:22:06'),
(2984, 'd662ebbdb8e9e5e2e9a2ef31ec6e913e', 0, '2016-12-16 03:49:56'),
(2985, '47790aa10c079388e06dffcbe262ee83', 0, '2016-12-16 03:53:44'),
(2986, '3b011e0d1108cbf6729416554929c37e', 0, '2016-12-16 03:53:46'),
(2987, '9d581ab3b48187ebda8685d99897fdee', 0, '2016-12-16 03:53:48'),
(2988, 'ad33ab4f47877c3ee38012fd9ff285c2', 0, '2016-12-16 03:53:50'),
(2989, '6f5aa5c7b51b3c33f9b1f4a235f9385b', 0, '2016-12-16 03:53:52'),
(2990, '919ffa2185fd4321682dbb96c0f4f13a', 0, '2016-12-16 03:53:54'),
(2991, 'f929dbb51533b35b3935179825edd46c', 0, '2016-12-16 03:53:57'),
(2992, '74cfb945c528d21b0d96f6ba6669430e', 0, '2016-12-16 03:53:58'),
(2993, 'c5fe38542d0124f86417b5848c3777e5', 0, '2016-12-16 03:54:00'),
(2994, '04142aea35dc5dcaaba3a85d77a47b28', 0, '2016-12-16 03:54:02'),
(2995, '7021e8ec62e56a2b3dd0695b3e042a7a', 0, '2016-12-16 03:54:05'),
(2996, 'a844f1817c084a795a5b7f843600ac4c', 0, '2016-12-16 03:54:55'),
(2997, '14a28d46499dd48d4c72c65ed5808884', 0, '2016-12-16 03:54:59'),
(2998, '52d4ca3c11e801c78b3e38ccb6a2cbdd', 0, '2016-12-16 04:27:02'),
(2999, 'ec5fc3660163173b4e218d9059a2ed7a', 0, '2016-12-16 04:37:11'),
(3000, '8c9e09fb9710d685611c6e72973938e4', 0, '2016-12-16 04:38:32'),
(3001, '9d71f3aa8c9e56b2b18a812d11a15ea1', 0, '2016-12-16 05:12:29'),
(3002, 'cbafc22db81b2baeab4946a16d35bb78', 0, '2016-12-16 05:29:56'),
(3003, '21195029c8c83039bb955e2d50e8f9e9', 0, '2016-12-16 05:32:56'),
(3004, '8fb73cb9588b2c13a8e8bf3da7c28587', 0, '2016-12-16 06:18:08'),
(3005, 'd199ba084c385e86b778522ea411f5eb', 0, '2016-12-16 07:21:16'),
(3006, '25ca4c4841ab560dd6f293164cc8d154', 0, '2016-12-16 07:31:30'),
(3007, 'bb47abce40ceba27bafc6e4ebfb02f4f', 0, '2016-12-16 08:02:28'),
(3008, 'b9fb2f5a06cde6d5c5af76bc1d467f68', 0, '2016-12-16 08:02:30'),
(3009, '523fc4f1e586e774cda1b4c2fb1e9d0f', 0, '2016-12-16 08:02:31'),
(3010, 'e1acc1d7b711ce0e41cc2699c4de475c', 0, '2016-12-16 08:20:23'),
(3011, '32d12bddb1cb8a030c59ed8a0d4e1d2e', 0, '2016-12-16 08:23:17'),
(3012, '599a3706f7c424b77c1f6a53a224dadd', 0, '2016-12-16 08:42:20'),
(3013, '94301cc7b2234a86368afd9312f22a92', 0, '2016-12-16 09:21:49'),
(3014, '682153ea27af4dcda1ba3ffc14cd03a5', 0, '2016-12-16 09:23:56'),
(3015, 'bbe241606b5933a3d0219ea089ad177f', 0, '2016-12-16 09:31:46'),
(3016, '010fef216331e88e154c1f53817b639d', 0, '2016-12-16 09:54:03'),
(3017, '1b5626853fb6e62427e48a6528440ec5', 0, '2016-12-16 10:25:26'),
(3018, '3624048ad05b4368e472caee02315121', 0, '2016-12-16 10:25:30'),
(3019, '187cf19d75e60957a4b89b2cbab241b5', 0, '2016-12-16 13:10:20'),
(3020, 'e084a48d3f03684fe2fa69c60a3d48f9', 0, '2016-12-16 13:53:42'),
(3021, '0905ec48199cfd28c68f2dc0da0b55ef', 0, '2016-12-16 15:48:10'),
(3022, 'e587d873bdea6f00a08c5f55abf7dfa5', 0, '2016-12-16 15:49:16'),
(3023, '0674a188b111f95b8cfd42e8a8006db9', 0, '2016-12-16 15:50:32'),
(3024, '8d9d23a2149bd9ab9f4ee7c482c54cda', 0, '2016-12-16 15:50:36'),
(3025, '2cd20d2a5c3a6719b5e752bae41898cb', 0, '2016-12-16 15:51:34'),
(3026, '2ae338882f9e212104929a24871c0b13', 0, '2016-12-16 15:51:35'),
(3027, '3a413f057c5078c3461f1758ce71f73f', 0, '2016-12-16 15:53:15'),
(3028, '12002253dd6cadbdc0e2ff6d55497307', 0, '2016-12-16 15:55:14'),
(3029, 'bd7efec1d4af0385b38ed2b480525e4c', 0, '2016-12-16 16:10:05'),
(3030, '93692c90f9421f62b1cda39f3e435e90', 0, '2016-12-16 16:34:53'),
(3031, '3c9a7911b708c683910076d6d1d1930e', 0, '2016-12-16 16:41:39'),
(3032, '42de6388dfe40645383775f2c1e75c79', 0, '2016-12-16 16:42:58'),
(3033, 'a94fede383d99a911657e11518cd3945', 0, '2016-12-16 16:43:02'),
(3034, '02f4aff4df1490f7aa10031977b8960a', 0, '2016-12-16 16:44:53'),
(3035, '594bc185de774215523d13d38f728656', 0, '2016-12-16 16:47:00'),
(3036, '6722392a55645977724c0ad09e944adb', 0, '2016-12-16 17:24:12'),
(3037, 'b8ac65b5ceeade48ceb339a9685b6c5c', 0, '2016-12-16 17:51:01'),
(3038, '209cf4766b9e05938c77f2f0fa96f0f5', 0, '2016-12-16 18:46:19'),
(3039, '562384ac5256539255445416ba11549c', 0, '2016-12-16 20:09:30'),
(3040, '58d61b222d5abf58d8fdf96d3fb66633', 0, '2016-12-16 21:23:22'),
(3041, '95cf48bfef9cfa8dd710152e6774f8dc', 0, '2016-12-16 21:46:16'),
(3042, '961a79db7dd3e529a005085bfcd265e5', 0, '2016-12-16 21:47:26'),
(3043, '7f4b71d3eafa00fe5e8b2a4bf7f733f5', 0, '2016-12-16 22:16:16'),
(3044, 'b95a9ae8d1fd5af5dd987fda5db64f94', 0, '2016-12-16 22:34:57'),
(3045, '2deacde1be1be66fb1e26d98ad50e1d8', 0, '2016-12-16 22:41:43'),
(3046, 'c9b0a4cf936f74f97c876a517750fee9', 0, '2016-12-16 22:41:44'),
(3047, '57ee830577f77b4da0dd8c60f197ec91', 0, '2016-12-16 22:57:20'),
(3048, 'eddb57ff90b871afde13c39371e83ef3', 0, '2016-12-16 23:11:38'),
(3049, '4cc5395e05d7c8f89485567c4a9306e0', 0, '2016-12-16 23:51:39'),
(3050, 'f27c60dbb0b1277b58cb11d4ce9b6fa3', 0, '2016-12-16 23:51:42'),
(3051, '3bdfefb8adc21854a3b4ed70fdfaf0fc', 0, '2016-12-16 23:54:28'),
(3052, 'ddb158cea3c20193a8a9da647a57523a', 0, '2016-12-16 23:56:32'),
(3053, '3533046eb9648b6872c56fb41ef34839', 0, '2016-12-17 01:09:08'),
(3054, '32966a94a86da84877912aa65c3d72a0', 0, '2016-12-17 01:14:34'),
(3055, '751f1d17c1700a4da8d7bd6f48f40607', 0, '2016-12-17 01:16:48'),
(3056, '7d464a730c22a8c0f6fcfb524337116a', 0, '2016-12-17 02:10:39'),
(3057, '4020be18d52b4d7a4d9e7ce6b300d06c', 0, '2016-12-17 02:37:58'),
(3058, '27bbef1b383d3d43ed5fd0e1336a3324', 0, '2016-12-17 02:45:32'),
(3059, 'd85c1f0a3a5896e4172c84d358fa5cf1', 0, '2016-12-17 02:47:00'),
(3060, '2f7e8c7b62ed1881f25a7f42efd8d262', 0, '2016-12-17 02:52:13'),
(3061, 'b64b85f853e84c8e5532f93df4b522bb', 0, '2016-12-17 03:06:09'),
(3062, '453b1aac75444e0360a40b826a484b63', 0, '2016-12-17 03:38:11'),
(3063, 'ec960fcb0711e597c5fe9eeeded62108', 0, '2016-12-17 03:42:33'),
(3064, '06a1902a9f4925b02f6dcaa29d4b254e', 0, '2016-12-17 03:42:36'),
(3065, 'd750f63bf32d9ffcc9e1982bf22992d0', 0, '2016-12-17 03:42:38'),
(3066, '03e540e2cc55b2244979f306f69e714b', 0, '2016-12-17 03:42:40'),
(3067, '12d35cb986b2a0187abbe0d5a3867c1a', 0, '2016-12-17 03:42:42'),
(3068, 'e9103426398aed71eb4022d011a0e4a2', 0, '2016-12-17 03:42:44'),
(3069, 'daaa26042f197d162981a4cc102e317a', 0, '2016-12-17 03:42:47'),
(3070, '7b1f82c97085e10f9082ba050b1f4762', 0, '2016-12-17 03:42:49'),
(3071, '5633b11037c84562f3f52adbec9764cb', 0, '2016-12-17 03:42:51'),
(3072, 'd3ec73516bb7cad140d4b2bc1ad66b48', 0, '2016-12-17 03:42:53'),
(3073, '1d03613405af8a01cab3bbe61d59414d', 0, '2016-12-17 03:42:56'),
(3074, '52be904674ecd71522825c9be260ad01', 0, '2016-12-17 03:42:58'),
(3075, '770a16395131db5cf06c17b2c4c3de8c', 0, '2016-12-17 03:43:00'),
(3076, '18d0b5a827aaaa4076de7b75b75dbf3c', 0, '2016-12-17 03:43:02'),
(3077, '8ea6ffae3ef9873c6f0ac62a18b6232c', 0, '2016-12-17 03:43:05'),
(3078, 'e3f39d0a395f33bae19cdc7eace2c57b', 0, '2016-12-17 03:43:07'),
(3079, 'aab0927b93bd5759d2762a17bbf96771', 0, '2016-12-17 03:43:09'),
(3080, '236e5fbdb2c2bea330c5051a499ab12b', 0, '2016-12-17 03:43:12'),
(3081, '03f57d1a313aae748afa89c18c77deb4', 0, '2016-12-17 03:43:14'),
(3082, '0c5053b2784fd6d6c7220e26e92eec43', 0, '2016-12-17 03:43:16'),
(3083, 'ffe2440a62fa7a0cb1405dde9607f7d7', 0, '2016-12-17 03:43:18'),
(3084, 'c8faf850f36d655268bdfc43bff59bd9', 0, '2016-12-17 03:43:20'),
(3085, '85b00c43c3c8e34c1f250b9d847a5217', 0, '2016-12-17 03:43:22'),
(3086, '428e30d3d5f850390c4a30d472e6c276', 0, '2016-12-17 03:43:24'),
(3087, '660d1e9911a0d721be38e9a08532afad', 0, '2016-12-17 03:43:27'),
(3088, '02b3391cb18b01d9aff6751c6c1c54ec', 0, '2016-12-17 03:43:29'),
(3089, 'b4f0fdf37289a29dc78442a5d621c8f7', 0, '2016-12-17 03:43:31'),
(3090, '7dc77f7b84eb5ba278ab675e53f1733f', 0, '2016-12-17 03:43:33'),
(3091, '26ef0a00d069e48404010a5414fe1c5a', 0, '2016-12-17 03:43:35'),
(3092, '48d276ae9eb2f8905bf87083ee0e6459', 0, '2016-12-17 03:43:36'),
(3093, 'fafdd46a707df73f84a097d621bdc3fe', 0, '2016-12-17 03:43:38'),
(3094, 'a1116edeaaa75a64b59c5f87fdde29b4', 0, '2016-12-17 03:43:40'),
(3095, 'b2afdc2784bf7349bfc39908cb37fea1', 0, '2016-12-17 03:43:42'),
(3096, 'd81c92e8c0405b2ec5dcf932f9953342', 0, '2016-12-17 03:43:45'),
(3097, 'f7adc0e705e2c6bcdf3f2fc7d9e24b5e', 0, '2016-12-17 03:43:47'),
(3098, 'b253f9925fca71282d904e102c9c494a', 0, '2016-12-17 03:43:49'),
(3099, 'a5ca0938304e51d07942a88816dcef91', 0, '2016-12-17 03:43:51'),
(3100, 'fd083e1316fa03dbef141874eb5f915d', 0, '2016-12-17 03:43:53'),
(3101, 'e948241d43da4a5295dd0d8f6f033b9f', 0, '2016-12-17 03:43:56'),
(3102, '511ecf3eb7721f7a70d431a0c0a0ee6b', 0, '2016-12-17 03:43:58'),
(3103, '115bb2971e8de483d6329291a8d06a02', 0, '2016-12-17 03:44:00'),
(3104, 'd67af2b0698330278fd98a9eb1f8c69a', 0, '2016-12-17 03:44:02'),
(3105, 'dfeb1e3f46406560626064bb24989a6f', 0, '2016-12-17 03:44:04'),
(3106, 'b838944b761ac926b2edb4dcf6bed356', 0, '2016-12-17 03:44:05'),
(3107, 'b2beecb54f5d86149eab13a88d8fdaa9', 0, '2016-12-17 03:44:07'),
(3108, '42e35ee973e3e32679a849abe6263297', 0, '2016-12-17 03:44:09'),
(3109, 'fe02aceba58187ac2167c46ad7a1e192', 0, '2016-12-17 03:44:12'),
(3110, '9991faa1299b9aa54c8bd598a94e8063', 0, '2016-12-17 03:44:14'),
(3111, '9f1516c801d23aaee9ca4ee405693da4', 0, '2016-12-17 03:44:17'),
(3112, 'b5a06cc1d767c58de961c9fdbe1e3b01', 0, '2016-12-17 03:44:19'),
(3113, 'f94d264e5401389d5eab9829558fe7ca', 0, '2016-12-17 03:44:21'),
(3114, '28b5e4a136b778ad6139717306f99e27', 0, '2016-12-17 03:44:23'),
(3115, '3e9b9b09e0e9ae12699bbb920d6db74f', 0, '2016-12-17 03:44:25'),
(3116, 'f5e9d25efc9cf4b93042d0dc92bcaf3d', 0, '2016-12-17 03:44:27'),
(3117, '1d9f6bc9eb5a9a2ed67fa08862e57dc9', 0, '2016-12-17 03:44:30'),
(3118, 'ad202aaae950180de74e497ea953020b', 0, '2016-12-17 03:44:32'),
(3119, '6145d24931b97e97c027967dab489089', 0, '2016-12-17 03:44:34'),
(3120, '6b8a17fa696cbc035fbeed023e1079c3', 0, '2016-12-17 03:44:36'),
(3121, '342415da6ca23f8e1b797d6b2c62be44', 0, '2016-12-17 03:44:38'),
(3122, '70deb43330ceed73268cb2cce6eb1081', 0, '2016-12-17 03:44:40'),
(3123, 'b8dd4561d40621e78830bed27b461d69', 0, '2016-12-17 03:44:43'),
(3124, '962726b5674b51875cc6f5b74b305728', 0, '2016-12-17 03:44:45'),
(3125, '255850cfcf8fda9013715776cf4756b5', 0, '2016-12-17 03:44:47'),
(3126, '9b38d9358ab2372c587a44ce62939eaa', 0, '2016-12-17 03:44:49'),
(3127, '156ac7e90603f1b9224ef96d72768129', 0, '2016-12-17 03:44:51'),
(3128, '791b210ca54aea50bb95692652f9a481', 0, '2016-12-17 03:44:53'),
(3129, 'acd3ff7854c5d7fbc3f2ae2a5bda04e5', 0, '2016-12-17 03:44:56'),
(3130, 'db713049359e92cc0e925d1813031213', 0, '2016-12-17 03:44:58'),
(3131, '23219c186be54c8e1ca977358944b24e', 0, '2016-12-17 03:45:00'),
(3132, '4ca0c2984c87d74cb65d4a5184e798e8', 0, '2016-12-17 03:45:02'),
(3133, '35ff2094e1ab5758e2dc955a2862244f', 0, '2016-12-17 03:45:04'),
(3134, '3af1f7416e111fab17944a11a9731ab3', 0, '2016-12-17 03:45:07'),
(3135, '667011208df83d3f22302cf04b75a8e5', 0, '2016-12-17 03:45:09'),
(3136, '455c8c1795e6a658c42a739857487f20', 0, '2016-12-17 03:45:11'),
(3137, '5d5428f60097d0521c2204e78e3a2500', 0, '2016-12-17 03:45:13'),
(3138, 'b6beef0d8292b361058cb616625d167e', 0, '2016-12-17 03:45:15'),
(3139, 'b5692dd8b2945653834653e12c42d311', 0, '2016-12-17 03:45:17'),
(3140, '3df5101775c7727b25426e79849cb67e', 0, '2016-12-17 03:45:20'),
(3141, 'ff47eb96036aca67eb9a23b77cd9ebf3', 0, '2016-12-17 03:45:22'),
(3142, 'c48c183075bfc49f2abf94b675b3852f', 0, '2016-12-17 03:45:24'),
(3143, '7179c03640a1895f0cd64c7763846d88', 0, '2016-12-17 03:45:26'),
(3144, '9c08fbf1af0cf282460019b387b4acde', 0, '2016-12-17 03:45:28'),
(3145, 'bea5e85f146ff76edffe780fb9cb1e1e', 0, '2016-12-17 03:45:30'),
(3146, 'a45b572822759740a48cc37ce76e1b31', 0, '2016-12-17 03:45:32'),
(3147, 'd23436073ff91b11c0e200fb69d97aa7', 0, '2016-12-17 03:45:35'),
(3148, 'ad218b29c3f27e45cb0f9d3b7a345734', 0, '2016-12-17 03:45:37'),
(3149, '6f4d071b677025d2b024cc32fd9b3d50', 0, '2016-12-17 03:45:39'),
(3150, '99f6cc9cce3759674dceaf09518f6e32', 0, '2016-12-17 03:45:41'),
(3151, 'f281132313bc354d2ff765c1ac978cac', 0, '2016-12-17 03:45:43'),
(3152, '0cd9a48816804cb900c1fda3a775f0ed', 0, '2016-12-17 03:45:46'),
(3153, '0f6b5591ecd45f7e127a04ae06e908a8', 0, '2016-12-17 03:45:48'),
(3154, '144ac8512fc0e8e409350d1b9e09c4ea', 0, '2016-12-17 03:45:50'),
(3155, '3663dbd8384cdb3c073aa3ab54e40362', 0, '2016-12-17 03:45:52'),
(3156, '223a331142c16a5a654c44e6ac86c173', 0, '2016-12-17 03:45:54'),
(3157, '081419cb45058807e0374b131f1610f2', 0, '2016-12-17 03:45:56'),
(3158, '394c13cb362086f57126ae3da72d2faf', 0, '2016-12-17 03:45:59'),
(3159, '8b01079c7db036d62c4715b8a954f5db', 0, '2016-12-17 03:46:01'),
(3160, '423d635b9a7f995b891b2c375c6c9b0d', 0, '2016-12-17 03:46:03'),
(3161, 'd9cfa6917b2d871f570c87625fdc5e31', 0, '2016-12-17 03:46:06'),
(3162, '5ad1e1f3988446a158773134e5de910d', 0, '2016-12-17 03:46:08'),
(3163, 'bc6685a7e4fe35732162055f0ab9c79a', 0, '2016-12-17 03:46:10'),
(3164, '168fdccaad83a20cb1102b0452ea64d9', 0, '2016-12-17 03:46:12'),
(3165, '5d84973cca28ac52892a0a3665ff4804', 0, '2016-12-17 03:46:14'),
(3166, 'ef079b92f17960457c148dc7dce6d09a', 0, '2016-12-17 03:46:16'),
(3167, '1e96146e2c8404b9267b8ad3b02f8ca7', 0, '2016-12-17 03:46:19'),
(3168, 'c03e5a54dd09dd4269788d18a9ef2041', 0, '2016-12-17 03:46:21'),
(3169, '84ccf1ddd68441936c0cbc893397fd51', 0, '2016-12-17 03:46:23'),
(3170, '0a51734b060fbf89a0e8cc65be6cfb1f', 0, '2016-12-17 03:46:24'),
(3171, '745585995f7aa72c9efaacfdbbe8bd40', 0, '2016-12-17 03:46:48'),
(3172, '14753ba397ec6f67f3dbbef35829478f', 0, '2016-12-17 04:02:58'),
(3173, '52ee2cb026ef4314974864e160f9747c', 0, '2016-12-17 04:03:25'),
(3174, 'cb54bc2e80b327a28e1d504b217777cc', 0, '2016-12-17 04:44:03'),
(3175, '856e4c310824ed5d3abd721049736747', 0, '2016-12-17 04:46:17'),
(3176, 'eaa5872bdc2191c26d4a9dd4dcab193f', 0, '2016-12-17 04:50:06'),
(3177, '98a414b3c2295cc783ee43f08f7ac321', 0, '2016-12-17 05:28:29'),
(3178, '9488416babefdc118a40ee4525f3d16c', 0, '2016-12-17 07:19:18'),
(3179, 'c90c6971a7a658d8529eff46ba77828c', 0, '2016-12-17 07:24:11'),
(3180, '6b430d5fbca9da60f4c58d542c0ebece', 0, '2016-12-17 07:24:15'),
(3181, '257b0433d1592f963ec7da07e60473f1', 0, '2016-12-17 07:27:22'),
(3182, 'e5e1efe1b5a2e2f45c5f8776d81f9eea', 0, '2016-12-17 07:33:03'),
(3183, '396f4d5133591a17a4ad1259b6fcca3e', 0, '2016-12-17 07:38:43'),
(3184, '27138cde0fc28d5cb4cff1fd2f602e99', 0, '2016-12-17 07:43:25'),
(3185, 'fb3755e5a0c5c7711efaadcbe0fc3cd9', 0, '2016-12-17 07:57:03'),
(3186, 'f26f530a8f8c433fe7f37b461df834df', 0, '2016-12-17 08:53:10'),
(3187, '0a46f632b2fbb9827f362f9b29211801', 0, '2016-12-17 08:53:13'),
(3188, 'd03aaf9ef686e0de88fd8189daadf74e', 0, '2016-12-17 08:56:10'),
(3189, 'ea956cd46e948be0aab7c233958576bc', 0, '2016-12-17 09:43:59'),
(3190, '062aeec9796d01c593428e88974b5610', 0, '2016-12-17 10:30:38'),
(3191, '1972ff2bd14484106bfde28bd5005ae8', 0, '2016-12-17 10:49:40'),
(3192, 'c3f25b7d5454661ecc24e197175544f8', 0, '2016-12-17 10:49:41'),
(3193, '4ec0373a26fb7b1b62bdaa13da4a58b9', 0, '2016-12-17 12:05:51'),
(3194, 'b773c30230651d1ac3cf226fb5c74a4f', 0, '2016-12-17 12:08:54'),
(3195, '9e4722fbb0212587b017e0fa9cf8448e', 0, '2016-12-17 12:21:14'),
(3196, 'c869727aa3bb36e5bad6960c30352b9b', 0, '2016-12-17 12:21:26'),
(3197, '763a4361a3099fa887f8c5428db6b4ec', 0, '2016-12-17 12:39:55'),
(3198, 'c8d37fb0a58df291c3c43e9f215414ce', 0, '2016-12-17 14:47:46'),
(3199, 'f6576a287260e48a3f9a7dc0513b9017', 0, '2016-12-17 14:47:50'),
(3200, '260372e477c59f7a3a01319ca0eacef7', 0, '2016-12-17 14:50:01'),
(3201, '7ef45fdf55b414147a42f0d5949d1bc5', 0, '2016-12-17 16:05:43'),
(3202, '5e35737b592bbf442b611b38d7fe4b04', 0, '2016-12-17 16:07:10');
INSERT INTO `basket` (`id`, `sessionId`, `customerId`, `createTime`) VALUES
(3203, 'ffec69c82a66fa520bc9cd76da4d1d0a', 0, '2016-12-17 16:07:14'),
(3204, '4074990894bc480346411342e3b7851e', 0, '2016-12-17 16:11:15'),
(3205, '03a36575499fa92e394fc95ee8c04e13', 0, '2016-12-17 17:34:53'),
(3206, '673c53354bb19c0e15e4ce0b09693fb1', 0, '2016-12-17 17:34:58'),
(3207, '9dfd336b34197a659cc01accec7dfe8a', 0, '2016-12-17 21:57:14'),
(3208, 'b042f5f0784d18f180403398295acf05', 0, '2016-12-17 21:57:18'),
(3209, '1ad4d41b6415df65a9c37f1daa661385', 0, '2016-12-17 22:03:30'),
(3210, 'a2ec34ea4f3a58903c705cc46465db24', 0, '2016-12-17 22:08:27'),
(3211, 'd689eb0d3518f7eb5f0e3d9b0c8a8cf0', 0, '2016-12-17 22:37:56'),
(3212, 'b5363b1e684e9318925bd4a580c5a438', 0, '2016-12-18 00:02:47'),
(3213, 'c79bf464c17c375061567e12aedde3d5', 0, '2016-12-18 00:02:49'),
(3214, 'e558680038122090b876e3380dc5144e', 0, '2016-12-18 01:01:01'),
(3215, 'bdf2fb171454b24c2b08aacb49e619e5', 0, '2016-12-18 01:19:57'),
(3216, '02b649b112b79370a3221c766068f712', 0, '2016-12-18 01:21:21'),
(3217, 'c72db87f392399ed803fd8b0a9d0672e', 0, '2016-12-18 02:45:59'),
(3218, '72ba7573a3349f384222c3364f7643fb', 0, '2016-12-18 03:45:31'),
(3219, 'a5bf6b181805b39e4e10bfe6ab970106', 0, '2016-12-18 03:57:32'),
(3220, 'dfcc99c132ffde107ea7a4ae5d753623', 0, '2016-12-18 03:59:50'),
(3221, 'c9a5f8f3a1caafd91d52d2e4183479c4', 0, '2016-12-18 04:02:19'),
(3222, '5e3d506a25a2707e77ae474a8620872e', 0, '2016-12-18 05:04:56'),
(3223, 'afb12ac1ec8d935e83f3191035d23ce0', 0, '2016-12-18 05:56:11'),
(3224, '382c924cd5182c141f5cd63af1b7b235', 0, '2016-12-18 05:56:12'),
(3225, 'af662f2e9f2d91eca71025380bf114fc', 0, '2016-12-18 06:16:38'),
(3226, 'aa0aa375025d6feba821b55baf2c0fe2', 0, '2016-12-18 06:16:42'),
(3227, 'd1bb51b5a9fce7fc0c9a57f963df4c7d', 0, '2016-12-18 07:21:47'),
(3228, '8fdf19b698c3a4f4f43d343db4cddc05', 0, '2016-12-18 07:52:56'),
(3229, '442440b2646b849a37ee4876d2189f8e', 0, '2016-12-18 09:32:35'),
(3230, '09009aaf3b304bc77db01d1c81c47b4b', 0, '2016-12-18 11:26:04'),
(3231, '3255b4e51d8a7d582fa195b6bd06faec', 0, '2016-12-18 12:25:53'),
(3232, 'b74e0b3b257df48b8701c9b9c4282787', 0, '2016-12-18 13:41:43'),
(3233, '909ad9a442e7a3d3172cbdd1730b7104', 0, '2016-12-18 13:41:47'),
(3234, '3fd570e7f014cf7973e7342ead88efd1', 0, '2016-12-18 13:51:17'),
(3235, 'dd440ac02d17be9600470122c5591204', 0, '2016-12-18 13:53:22'),
(3236, '5ab35df2966c9dcd1ab764cb73556e76', 0, '2016-12-18 13:55:33'),
(3237, '6eee721fc736a2c2261120c6eaa69d94', 0, '2016-12-18 13:57:41'),
(3238, '7663d9e05884079038ab3f3583f9667a', 0, '2016-12-18 13:59:46'),
(3239, 'b60ebce8dbd1bbfa25d47b5523c4edcc', 0, '2016-12-18 14:08:38'),
(3240, 'd302c6523dca1766921d507353a79a17', 0, '2016-12-18 14:26:56'),
(3241, '17b87ab56998f018642284485f3e87ee', 0, '2016-12-18 16:19:17'),
(3242, '864c58955e093874df37b3c2e1010acd', 0, '2016-12-18 17:09:08'),
(3243, '2700d8a14b75e364a0e05e0d3f71db56', 0, '2016-12-18 17:09:09'),
(3244, 'a811d1ed9d0581d9b58aacfa70956e2f', 0, '2016-12-18 18:40:31'),
(3245, '95e3ca91797e2d4521c13c59e662584b', 0, '2016-12-18 18:40:32'),
(3246, '005edfc60b4ce4dede5290166af288d3', 0, '2016-12-18 18:58:19'),
(3247, '51958f11d51ae703d3112ced0b656136', 0, '2016-12-18 19:06:35'),
(3248, '14f071bc9624970192171b70aa415145', 0, '2016-12-18 19:06:39'),
(3249, '8b7c2344c6a84bce938fa555f63f4c69', 0, '2016-12-18 19:08:49'),
(3250, '5fd0be06cb32473fdd638b6a35cad0ba', 0, '2016-12-18 19:15:21'),
(3251, '4e0bbb00e3d2fbac15e796d1e89f5ceb', 0, '2016-12-18 19:17:26'),
(3252, '5e0ae33d38547a0efab8328078371d59', 0, '2016-12-18 20:41:03'),
(3253, '2c14d0f1912f96600141a0115ee8c38f', 0, '2016-12-18 21:21:55'),
(3254, 'e6eaa529e08df1d00b952f548963d7f5', 0, '2016-12-18 21:24:06'),
(3255, '553fb2a11ecde5d740354ba031c5eb8a', 0, '2016-12-18 21:31:37'),
(3256, '64ade21551a2bf304105015498e1f919', 0, '2016-12-18 21:33:52'),
(3257, '52052223ec17df8128b575746b3b0d01', 0, '2016-12-18 21:54:14'),
(3258, '2780066e5610e741b17952360e074c32', 0, '2016-12-18 21:55:33'),
(3259, '2b83c5ae4d6138c4d55581f38022785e', 0, '2016-12-18 21:55:34'),
(3260, '5c5e382b54d2a5f17c0e8448b0485bd2', 0, '2016-12-18 21:56:03'),
(3261, 'd7c1407ff6da06be040eaee9fb2d8cb0', 0, '2016-12-18 22:42:44'),
(3262, 'bd51022c1c4f2e0b166908e9bf53e9f6', 0, '2016-12-18 22:42:46'),
(3263, 'cc2ed9007d7b1683db4b1f4db8913cc1', 0, '2016-12-18 22:42:47'),
(3264, 'f0eabeddea57d818b1dcac93b171f69f', 0, '2016-12-18 22:42:49'),
(3265, '1f8478d3232ac135a4aff17bba6704de', 0, '2016-12-18 22:42:50'),
(3266, '3b9a14d2bf5c7c91b870cf8bbd48ba5c', 0, '2016-12-18 22:42:52'),
(3267, 'baf2911fd784a450f66636aa95edee2e', 0, '2016-12-18 22:42:53'),
(3268, 'fc386169935473f6480021eb82fc94a8', 0, '2016-12-18 22:42:55'),
(3269, 'f6ef100bedcc91a0b627c5dbbfe09827', 0, '2016-12-18 22:42:57'),
(3270, 'c6f6a424cb1a5dcec86b9d7447dc1c03', 0, '2016-12-18 22:42:58'),
(3271, '66988c664d3925b7f9386957a020acf2', 0, '2016-12-18 22:43:00'),
(3272, 'dd4b6ac67a597246caab987b9d0d2d45', 0, '2016-12-18 22:43:01'),
(3273, '56c14d3615ba04b208f49819f2c0ef83', 0, '2016-12-18 22:43:03'),
(3274, 'ed975b18b53e88e227b2bfd766fcde86', 0, '2016-12-18 22:43:04'),
(3275, '8b1773019ee695b5e25e4bf4f24079ec', 0, '2016-12-18 22:43:06'),
(3276, '8b3824819cce27e4ef4f2191101c0ae0', 0, '2016-12-18 22:43:07'),
(3277, '1042b779870089b8fa191f0c142d9ba5', 0, '2016-12-18 22:43:09'),
(3278, '95ff13d1f93f376dacb6a0148f936b01', 0, '2016-12-18 22:43:11'),
(3279, '427847d01aa3515f5127af871759690e', 0, '2016-12-18 22:43:12'),
(3280, '579942d9c00aa476ee35208b39b46912', 0, '2016-12-18 22:43:14'),
(3281, '9ee0085205991be28fe74779206c9206', 0, '2016-12-18 22:43:15'),
(3282, 'fb72a9d547ca1d293c10c53ee451b82e', 0, '2016-12-18 22:43:17'),
(3283, 'f6bfb89cbc30ff4d22d48267f967d641', 0, '2016-12-18 22:43:18'),
(3284, '86323e00ec0f9c2602d2b8c976d17a24', 0, '2016-12-18 22:43:20'),
(3285, '5264002c1edc2f9648778c6783784552', 0, '2016-12-18 22:43:21'),
(3286, 'd8e84cc37c3f1ee17c9b363f6cee06a8', 0, '2016-12-18 22:43:23'),
(3287, 'c102fe2622eebee877dd6a962790a978', 0, '2016-12-18 22:43:24'),
(3288, 'a56dae2e1282192a3714b5a2a9e38f32', 0, '2016-12-18 22:43:26'),
(3289, '4838365dd2506483f47fbf9dcf62b6df', 0, '2016-12-18 22:44:42'),
(3290, 'afe8a8268446ee3f5a9c21a6a3e57099', 0, '2016-12-18 23:13:45'),
(3291, 'd1278a7814a24e36dcf2e417bcc5c93f', 0, '2016-12-18 23:38:01'),
(3292, '5430c841d8d87e2f43c2fd1c442fe948', 0, '2016-12-18 23:52:17'),
(3293, 'dc2f0d6f51f6c46ec8408ada98389a61', 0, '2016-12-19 00:09:42'),
(3294, '89fd3f88f6cf06a70e77273d91451837', 0, '2016-12-19 00:45:00'),
(3295, '2bfbae958b0d4402408a4bcad6fe6aa9', 0, '2016-12-19 01:23:46'),
(3296, 'b0b3526616258f6b3b9b196f4896f742', 0, '2016-12-19 02:44:56'),
(3297, '7c6ae0e4b1ad3cb6013225dda5cc2ca7', 0, '2016-12-19 03:31:43'),
(3298, '9044c60e230efc385a6c0aaf2415c9d2', 0, '2016-12-19 04:35:10'),
(3299, '05c744b01e57c212527aecf10d1e87e8', 0, '2016-12-19 05:53:29'),
(3300, 'f88622c5293658cb2a18b3e76d61b1ca', 0, '2016-12-19 05:53:33'),
(3301, '561b1f11e7d17ef30c59b76028c9269c', 0, '2016-12-19 07:55:20'),
(3302, 'e7b407b75b02edb42dc594ad398d1d23', 0, '2016-12-19 09:42:27'),
(3303, '21815754f6b1527d38c8ab01f13a25f7', 0, '2016-12-19 09:42:31'),
(3304, '2dc91bd983944dcf2331fa0d5dbc7285', 0, '2016-12-19 10:06:24'),
(3305, '31226c5421eadafd5074b1a805eef1b7', 0, '2016-12-19 10:06:26'),
(3306, '0d8fb74866d425eaccb90a022a9054cc', 0, '2016-12-19 10:06:27'),
(3307, '04d2ea267d5493ac556db4a00c02b5b9', 0, '2016-12-19 10:13:58'),
(3308, '9d4c8a74614c8dcda749a0f2b7c81e5f', 0, '2016-12-19 10:14:19'),
(3309, 'b5d07eef5acdb4814119e100ca9ff336', 0, '2016-12-19 10:42:44'),
(3310, 'ab828a0537bf45ad6603e84230f7131f', 0, '2016-12-19 11:10:56'),
(3311, '549a462f7cc445189bb6a079fd6abd03', 0, '2016-12-19 11:16:43'),
(3312, 'f79b580f90bd2140ad684262bcfd94c5', 0, '2016-12-19 11:23:49'),
(3313, 'dd698bc072ee2e4dc54f389ad9e797df', 0, '2016-12-19 12:40:20'),
(3314, 'ab63860f8c1db90f28b19b066792cd30', 0, '2016-12-19 12:56:42'),
(3315, '4cc731f0cf75f64c12c6b92ca8886a4b', 0, '2016-12-19 12:56:53'),
(3316, '2001d42a7fc6a6f6074dcb980b3bafa7', 0, '2016-12-19 13:14:17'),
(3317, 'ff4ee21b9eb9864201dc2376e306aa5d', 0, '2016-12-19 15:03:20'),
(3318, '9eb25b72715885e541a135a404c9ef40', 0, '2016-12-19 15:09:46'),
(3319, '98dfa455d6675a1d778b6a13ab76eaff', 0, '2016-12-19 15:22:35'),
(3320, 'a3ce0ba85f1f96ae23911110f6afd5bd', 0, '2016-12-19 15:22:36'),
(3321, '061b3ea8fb90c877bed1d298b29a54e2', 0, '2016-12-19 15:30:24'),
(3322, '9b1d066f810cb546504e4b48cb82de49', 0, '2016-12-19 15:45:27'),
(3323, '8522f7e4b84d3fcd29ec0ea009cd8da2', 0, '2016-12-19 15:45:34'),
(3324, '5b27115c67f0a4f8da3083b5d645ed22', 0, '2016-12-19 15:45:35'),
(3325, 'c1642f482280c3798b0631757edd17a2', 0, '2016-12-19 15:45:36'),
(3326, '8061597ca47d9080b3fa29aa72c73db8', 0, '2016-12-19 15:45:37'),
(3327, 'df35f517920b4745edbdd225fb48a7f4', 0, '2016-12-19 15:45:38'),
(3328, '87673680e31c13828fc30830644fa977', 0, '2016-12-19 16:02:33'),
(3329, '02f0c515e40753cc7f746ba8684510b3', 0, '2016-12-19 16:02:37'),
(3330, 'd402b9ed82aee91e7e52ca01eaed853b', 0, '2016-12-19 16:04:51'),
(3331, '29395a385efb3a4621b3d8ba7f6c9663', 0, '2016-12-19 16:25:46'),
(3332, '0fdf4db58d3930cb2a30d2eadfd7d2f6', 0, '2016-12-19 17:27:02'),
(3333, 'fda92e78513a68f1464f6338a232ea52', 0, '2016-12-19 17:34:27'),
(3334, '2b413ea91643e33f5b1a1c0efedbb50d', 0, '2016-12-19 18:00:55'),
(3335, '1a79b8b2cde9f7a96575ea3478dbd342', 0, '2016-12-19 18:13:25'),
(3336, 'a0f3e7562159aa2c3c29a1d11d64e1da', 0, '2016-12-19 18:13:27'),
(3337, '29483bdd3aeca786c26cde9cf86fe12e', 0, '2016-12-19 20:28:16'),
(3338, '8efc87c452196fd79e3e776f50c07008', 0, '2016-12-19 20:28:23'),
(3339, '11741fd0c0610b3fcd08b74f556b4a7f', 0, '2016-12-19 21:35:48'),
(3340, 'da5abd63b0e40d5b6140aa5f5e39a09e', 0, '2016-12-19 21:35:50'),
(3341, '107449289e7c1a9ad47e6c555be03a9b', 0, '2016-12-19 22:33:24'),
(3342, '9e040c83283de862f06a50ae3ea9e899', 0, '2016-12-19 22:33:25'),
(3343, 'a55f4c6ef87c32f83026c181bd0d9015', 0, '2016-12-20 00:25:46'),
(3344, 'a5ef55b9f24c2c4eb840fd0addc56d4c', 0, '2016-12-20 02:14:34'),
(3345, 'edbf7e53fe749a8339b77d5d4d21a09f', 0, '2016-12-20 02:14:38'),
(3346, '8330755e3914a01cc61a486063d8d6cd', 0, '2016-12-20 02:14:42'),
(3347, 'b3af06c56258033b9ac9218204a9643c', 0, '2016-12-20 02:14:46'),
(3348, '7f6732378b363f2429f0fffe5bb9ed56', 0, '2016-12-20 02:14:50'),
(3349, 'e96590b0107fcecd363cedefc1d8aacd', 0, '2016-12-20 05:16:24'),
(3350, '61429186c089170b00048a0a8774586c', 0, '2016-12-20 05:16:25'),
(3351, '3d937c4b6abe579dafb642bb02340fbb', 0, '2016-12-20 05:25:56'),
(3352, '0aa6017286509c59d33f09e313137cdd', 0, '2016-12-20 06:10:40'),
(3353, '6c33ab724c56dacbc78c2d8a01d1ceef', 0, '2016-12-20 07:46:25'),
(3354, 'a425856f1bd78a05125b7edcb26f6e42', 0, '2016-12-20 12:11:02'),
(3355, '99201ac6b8f6a4603eb3f17f0c74d66d', 0, '2016-12-20 12:11:03'),
(3356, '359bf0af0ad4cef050fe17974136afd0', 0, '2016-12-20 12:33:37'),
(3357, '46e84af19475cee0de9cd1451a0daa31', 0, '2016-12-20 12:51:57'),
(3358, 'ff0f0f91858545fb2533ac6ef09a1c18', 0, '2016-12-20 12:54:37'),
(3359, '1e151a74ac04908aac0245f4620657cd', 0, '2016-12-20 12:54:51'),
(3360, 'fa6e3906b7818c38869dc4f1d3899eed', 0, '2016-12-20 13:05:40'),
(3361, 'cbd64bb0d6f1e6eef1c2da117dd12947', 0, '2016-12-20 13:05:41'),
(3362, 'e005740412e82e8bd71edc2f3dacf27b', 0, '2016-12-20 14:33:04'),
(3363, 'b780c734d113f20c0e1db13da0e0bc04', 0, '2016-12-20 14:46:48'),
(3364, '95a545adf82d0c0d9de284b1c4d206d8', 0, '2016-12-20 15:52:18'),
(3365, '5c5dad746325bab673a121dcf5b16725', 0, '2016-12-20 15:52:22'),
(3366, '8df710ee55cf518ef3986069f149d8dc', 0, '2016-12-20 16:22:43'),
(3367, '8953e8c1cc9605db20aecc7d71fc71ac', 0, '2016-12-20 16:37:55'),
(3368, 'd230767410596f28fd3852e8d8002d54', 0, '2016-12-20 17:37:37'),
(3369, '48a2ab87ff9c559d341e82e31316a640', 0, '2016-12-20 17:53:17'),
(3370, '5b11a9069126b16dbed7e4cca7f8ced2', 0, '2016-12-20 18:05:55'),
(3371, '331a5f670c8d4a6ec5147069f08a9a6b', 0, '2016-12-20 18:13:37'),
(3372, '60b3f1fc7a43ee49ffa7840b9ac1219e', 0, '2016-12-20 18:13:41'),
(3373, 'b7c0607301ef9fb72629e2539700e957', 0, '2016-12-20 19:01:54'),
(3374, 'e71a0adf575bed944d2f8326abec338d', 0, '2016-12-20 19:02:25'),
(3375, '158dbfe3e9fcb7b9feb213ce1f3b0bd6', 0, '2016-12-20 19:38:22'),
(3376, '232e0bb1898574031a3459bf72a5fe6f', 0, '2016-12-20 19:39:22'),
(3377, '69ca316437c55503345cbbfcb68c83ba', 0, '2016-12-20 19:43:54'),
(3378, '7e7aa881469fad3890c005556098eb69', 0, '2016-12-20 20:28:48'),
(3379, '2296ef7468cf4341b93e53b0154c2d60', 0, '2016-12-20 20:56:54'),
(3380, '19b1790d29e6dba0727bd04895cda560', 0, '2016-12-20 21:30:43'),
(3381, '453a85ef42c810f5d42223f0388b786f', 0, '2016-12-20 21:30:44'),
(3382, 'cb25eb97aa0b21d65a60ce66749d5320', 0, '2016-12-20 21:37:17'),
(3383, 'ed38c4073536a0fe749e1e708fcde02a', 0, '2016-12-21 01:34:13'),
(3384, '547e4b51949c60e6922efbebbfebd4c3', 0, '2016-12-21 01:54:56'),
(3385, '26d799dc6ceb8d7b46ea52350a155ede', 0, '2016-12-21 02:05:55'),
(3386, '4ab730ef6d39b2f2b6a074c11082ebf0', 0, '2016-12-21 02:06:41'),
(3387, '1f7d804663f3dcf09c589a74eb35471a', 0, '2016-12-21 03:19:26'),
(3388, '4edced646a2bfb0055182a9a793285c6', 0, '2016-12-21 04:54:39'),
(3389, 'ad12ab9f4206837ea560a59b899f0ed2', 0, '2016-12-21 04:54:40'),
(3390, 'c75ffd0a07173766e1618fc657ea6c4a', 0, '2016-12-21 04:55:05'),
(3391, '6663a2eea659d1d4654dda04a16c9bda', 0, '2016-12-21 05:21:32'),
(3392, 'd2d3b21be458ea558a1993d4d42cc7f7', 0, '2016-12-21 05:45:13'),
(3393, '045c177c33c5546c3801c1936c438526', 0, '2016-12-21 05:45:17'),
(3394, '936ad129a94ef6c215a3469140bc1469', 0, '2016-12-21 06:12:50'),
(3395, '00f1455955baf1043d4872b2854ef6f5', 0, '2016-12-21 12:42:07'),
(3396, '5aab4faa50758c541b75aba04aff9d85', 0, '2016-12-21 12:57:06');

-- --------------------------------------------------------

--
-- Структура таблицы `basketproduct`
--

CREATE TABLE IF NOT EXISTS `basketproduct` (
  `id` int(10) unsigned NOT NULL,
  `basketId` int(10) unsigned NOT NULL,
  `productId` int(10) unsigned NOT NULL,
  `quantity` int(10) unsigned NOT NULL
) ENGINE=InnoDB AUTO_INCREMENT=45 DEFAULT CHARSET=utf8;

--
-- Дамп данных таблицы `basketproduct`
--

INSERT INTO `basketproduct` (`id`, `basketId`, `productId`, `quantity`) VALUES
(28, 247, 11, 1),
(29, 248, 11, 1),
(30, 247, 10, 1),
(33, 420, 11, 1),
(36, 1610, 15, 1),
(41, 1753, 15, 1),
(43, 2346, 12, 1),
(44, 2346, 17, 1);

-- --------------------------------------------------------

--
-- Структура таблицы `basketproductattribute`
--

CREATE TABLE IF NOT EXISTS `basketproductattribute` (
  `id` int(10) unsigned NOT NULL,
  `basketProductId` int(10) unsigned NOT NULL,
  `productOptionId` int(10) unsigned NOT NULL,
  `productOptionValueId` int(10) unsigned NOT NULL
) ENGINE=InnoDB DEFAULT CHARSET=utf8;

-- --------------------------------------------------------

--
-- Структура таблицы `comment`
--

CREATE TABLE IF NOT EXISTS `comment` (
  `id` int(10) unsigned NOT NULL,
  `productId` int(10) unsigned NOT NULL,
  `userName` varchar(255) DEFAULT NULL,
  `userEmail` varchar(255) DEFAULT NULL,
  `rating` int(1) NOT NULL DEFAULT '4',
  `message` text,
  `date` timestamp NOT NULL DEFAULT CURRENT_TIMESTAMP,
  `isActive` tinyint(1) NOT NULL DEFAULT '0'
) ENGINE=InnoDB AUTO_INCREMENT=12 DEFAULT CHARSET=utf8;

--
-- Дамп данных таблицы `comment`
--

INSERT INTO `comment` (`id`, `productId`, `userName`, `userEmail`, `rating`, `message`, `date`, `isActive`) VALUES
(1, 4, 'Сергей', 'kasp89s@gmail.com', 1, 'Текст отзыва', '2016-11-09 14:57:51', 0),
(2, 4, 'Сергей', 'kasp89s@gmail.com', 4, 'Лучшее, что я читал. Отличный комикс на все времена.', '2016-11-09 14:58:57', 0),
(3, 11, 'юзер', 'boosyck@i.ua', 2, 'Бла бла бла', '2016-11-21 17:35:06', 1),
(4, 12, 'Марина', 'user@user.com', 5, 'Присутня російська розкладка клавіатури?', '2016-11-26 22:06:48', 1),
(5, 13, 'Свят', 'user@user.com', 5, 'Отличный ноутбучек за вменяемые деньги. Если нужно часто носить с собой и бюджет ограничен, то вариант оптимальный. Я покупал на подарок и долго не мог определиться с цветом, вроде как все прикольные, но остановился на черно-серебристом из соображений практичности, думаю черный будет меньше залапываться. Из допов сразу докупил карточку на 32гига (тут протупил, можно было б на 64 взять), того в системе видно почти 100ГБ, их в принципе достаточно, если не использовать его как сервак с данными. По производительности вопросов почти нет, всетаки 4 ядра, хоть и не самых мощных. Оперативы было бы неплохо чтоб было 4гига, но и так сойдет в принципе. Винда лицензия избавляет от мороки ставить левак, к ому же есть рекавери и можно восстановить систему без танцев с бубном. Откровенно порадовала работа от акума, у меня продержался чуть-чуть больше 7 часов при включенном вайфае и открытой мозилле, хочу еще потестить с просмотров видео из ютуба, думаю часов 5 должен вытянуть. Смело могу его рекомендовать, вещь достойная за приемлемую сумму.', '2016-11-26 22:29:29', 1),
(6, 13, 'Геннадий', 'user@user.com', 4, 'Вопрос к представителю компании Lenovo. Есть ли возможность добавить в эту модель оперативную память и заменить накопитель на 120 Gb', '2016-11-26 22:29:56', 1),
(7, 13, 'Владислав', 'user@user.com', 2, 'Люди подскажите а много-ли в нем памети просто я очень много роботаю с документами', '2016-11-26 22:30:24', 1),
(8, 12, 'Владимир', 'sveneld@mail.ru', 1, 'трам парам', '2016-12-11 07:26:38', 1),
(9, 14, 'валентин', 'demo@exp.er', 5, 'dsdsdsd', '2016-12-11 17:22:53', 1),
(10, 14, '232323', 'dd@dd.ee', 5, '233231', '2016-12-11 17:32:26', 0),
(11, 17, 'gjhghgj', 'dd@dd.ee', 4, 'ghgjgjhj', '2016-12-11 17:40:26', 0);

-- --------------------------------------------------------

--
-- Структура таблицы `coupon`
--

CREATE TABLE IF NOT EXISTS `coupon` (
  `id` int(10) unsigned NOT NULL,
  `code` varchar(255) NOT NULL,
  `description` text,
  `startTime` timestamp NULL DEFAULT NULL,
  `endTime` timestamp NULL DEFAULT NULL,
  `type` enum('percent','value') NOT NULL DEFAULT 'percent',
  `value` decimal(10,2) NOT NULL,
  `minimalOrderCost` decimal(10,2) NOT NULL DEFAULT '0.00',
  `isActive` tinyint(1) NOT NULL DEFAULT '0',
  `createTime` timestamp NOT NULL DEFAULT CURRENT_TIMESTAMP,
  `updateTime` timestamp NULL DEFAULT NULL,
  `createUserId` int(10) unsigned NOT NULL,
  `updateUserId` int(10) unsigned DEFAULT NULL
) ENGINE=InnoDB AUTO_INCREMENT=4 DEFAULT CHARSET=utf8;

--
-- Дамп данных таблицы `coupon`
--

INSERT INTO `coupon` (`id`, `code`, `description`, `startTime`, `endTime`, `type`, `value`, `minimalOrderCost`, `isActive`, `createTime`, `updateTime`, `createUserId`, `updateUserId`) VALUES
(1, 'er3432r2r3f3fdfsdfdf3', 'eweqwfefwef', '2016-10-28 21:00:00', '2016-12-27 22:00:00', 'percent', 11.00, 2112.00, 1, '2016-10-29 21:20:22', '2016-10-29 20:25:05', 1, 1),
(2, '123456', 'Тестовый купон', '2016-10-31 21:00:00', '2016-11-29 21:00:00', 'percent', 10.00, 0.00, 1, '2016-11-21 21:29:03', NULL, 0, NULL),
(3, '111', '111', '2016-12-10 21:00:00', '2016-12-27 21:00:00', 'percent', 10.00, 1000.00, 1, '2016-12-11 09:55:41', '2016-12-11 09:56:53', 6, 6);

-- --------------------------------------------------------

--
-- Структура таблицы `currencies`
--

CREATE TABLE IF NOT EXISTS `currencies` (
  `id` int(10) unsigned NOT NULL,
  `code` varchar(3) DEFAULT NULL,
  `name` varchar(255) DEFAULT NULL
) ENGINE=InnoDB AUTO_INCREMENT=3 DEFAULT CHARSET=utf8 COMMENT='Валюта';

--
-- Дамп данных таблицы `currencies`
--

INSERT INTO `currencies` (`id`, `code`, `name`) VALUES
(1, 'грн', 'Гривна'),
(2, 'usd', 'Доллар');

-- --------------------------------------------------------

--
-- Структура таблицы `customer`
--

CREATE TABLE IF NOT EXISTS `customer` (
  `id` int(10) unsigned NOT NULL,
  `email` varchar(255) NOT NULL,
  `password` char(32) NOT NULL,
  `customerGroupId` int(10) unsigned NOT NULL,
  `isActive` tinyint(1) NOT NULL DEFAULT '0',
  `fullName` varchar(255) DEFAULT NULL,
  `code` char(32) DEFAULT NULL,
  `registrationIp` varchar(16) DEFAULT NULL,
  `registrationTime` timestamp NOT NULL DEFAULT CURRENT_TIMESTAMP,
  `memo` text COMMENT 'заметки продавца о покупателе',
  `authID` varchar(64) DEFAULT NULL,
  `authMethod` varchar(16) DEFAULT NULL
) ENGINE=InnoDB AUTO_INCREMENT=19 DEFAULT CHARSET=utf8;

--
-- Дамп данных таблицы `customer`
--

INSERT INTO `customer` (`id`, `email`, `password`, `customerGroupId`, `isActive`, `fullName`, `code`, `registrationIp`, `registrationTime`, `memo`, `authID`, `authMethod`) VALUES
(0, 'default@user.net', '12345', 1, 1, NULL, NULL, NULL, '2016-11-10 08:25:40', NULL, NULL, NULL),
(2, 'boosyck@i.ua', '81ed554010d3d3abb834eb56c5713fc5', 3, 1, 'Сергей Каспрук1', NULL, '127.0.0.1', '2016-10-25 21:00:00', '', NULL, NULL),
(7, 'kasp89s1@gmail.com', '8349efb1b90fb33b41698cbe945769c4', 1, 0, NULL, '582f6d85bb2be', '::1', '2016-11-18 21:07:21', NULL, NULL, NULL),
(10, 'JohnSmith@net.com', 'e10adc3949ba59abbe56e057f20f883e', 1, 1, 'John Smith', NULL, '46.185.121.192', '2016-11-23 19:53:31', NULL, NULL, NULL),
(11, 'kasp89s@gmail.com', '4e479f91e60f8b24908a142637ecde87', 1, 1, 'Sergio  Kaspruk', NULL, '195.211.136.227', '2016-11-25 15:25:03', NULL, '1105705726213787', 'facebook'),
(12, 'kasp89s@mail.ru', 'ea87ff0a7d5a4adc2e35b3b99a975003', 1, 1, 'Сережа Каспрук', NULL, '195.211.136.227', '2016-11-25 18:33:27', NULL, '12140344', 'vk'),
(13, 'sveneld@mail.ru', 'c7e313fd09b079bd78b23df68cd8d18f', 1, 1, 'Владимир Панивко', NULL, '46.185.121.192', '2016-12-04 20:08:17', NULL, '2599462', 'vk'),
(14, 'kasp89s122@gmail.com', '8349efb1b90fb33b41698cbe945769c4', 1, 1, '', NULL, '195.211.136.227', '2016-12-05 20:21:13', NULL, NULL, NULL),
(15, 'test1test@mail.ru', '8349efb1b90fb33b41698cbe945769c4', 1, 1, NULL, NULL, '127.0.0.1', '2016-12-06 11:18:40', NULL, NULL, NULL),
(16, 'asdgasg@net2.com', 'e10adc3949ba59abbe56e057f20f883e', 1, 0, NULL, '584d07d3e1deb', '46.185.121.192', '2016-12-11 08:01:23', NULL, NULL, NULL),
(17, 'asdgasg@net12.com', 'e10adc3949ba59abbe56e057f20f883e', 1, 1, NULL, NULL, '46.185.121.192', '2016-12-11 08:07:13', NULL, NULL, NULL),
(18, 'vpanivko@gmail.com', 'dff8546a7f9af6c5947c5a1181e2429c', 1, 1, 'Владимир Панивко', NULL, '46.185.121.192', '2016-12-11 08:50:41', NULL, '10211315356547651', 'facebook');

-- --------------------------------------------------------

--
-- Структура таблицы `customeraddress`
--

CREATE TABLE IF NOT EXISTS `customeraddress` (
  `id` int(10) unsigned NOT NULL,
  `customerId` int(10) unsigned NOT NULL,
  `countryCode` char(3) DEFAULT NULL,
  `city` varchar(100) DEFAULT NULL,
  `zip` varchar(10) DEFAULT NULL,
  `address` varchar(255) NOT NULL,
  `isPrimary` tinyint(1) NOT NULL DEFAULT '0'
) ENGINE=InnoDB AUTO_INCREMENT=20 DEFAULT CHARSET=utf8;

--
-- Дамп данных таблицы `customeraddress`
--

INSERT INTO `customeraddress` (`id`, `customerId`, `countryCode`, `city`, `zip`, `address`, `isPrimary`) VALUES
(2, 2, '', 'Киев', '03187', 'Glushkova str. 47, 50, 111', 0),
(3, 0, NULL, NULL, NULL, '', 0),
(4, 7, NULL, NULL, NULL, '', 0),
(7, 10, NULL, 'Киев', '00000', 'улица пушкина, дом колотушкина', 0),
(8, 2, NULL, 'Киев', '03187', 'Теремковская 21', 0),
(9, 11, NULL, NULL, NULL, '', 0),
(10, 12, NULL, NULL, NULL, '', 0),
(11, 12, NULL, 'Киев', '03187', 'Теремковская', 0),
(12, 13, NULL, NULL, NULL, '', 0),
(13, 14, NULL, 'Киев', '03187', 'dawdawdadwad', 0),
(14, 15, NULL, NULL, NULL, '', 0),
(15, 2, NULL, 'Kiev', '03187', 'Новая улица', 0),
(16, 16, NULL, NULL, NULL, '', 0),
(17, 17, NULL, NULL, NULL, '', 0),
(18, 2, NULL, 'Киев', 'вв', 'вв', 0),
(19, 18, NULL, NULL, NULL, '', 0);

-- --------------------------------------------------------

--
-- Структура таблицы `customergroup`
--

CREATE TABLE IF NOT EXISTS `customergroup` (
  `id` int(10) unsigned NOT NULL,
  `name` varchar(255) NOT NULL,
  `description` text,
  `groupDiscount` double(10,2) NOT NULL DEFAULT '0.00',
  `isAutomaticGroup` tinyint(1) NOT NULL DEFAULT '0',
  `isActive` tinyint(1) NOT NULL DEFAULT '0',
  `isDefault` tinyint(1) unsigned NOT NULL DEFAULT '0',
  `groupAccumulatedLimit` double(10,2) NOT NULL DEFAULT '0.00'
) ENGINE=InnoDB AUTO_INCREMENT=4 DEFAULT CHARSET=utf8;

--
-- Дамп данных таблицы `customergroup`
--

INSERT INTO `customergroup` (`id`, `name`, `description`, `groupDiscount`, `isAutomaticGroup`, `isActive`, `isDefault`, `groupAccumulatedLimit`) VALUES
(1, 'Зарегистрированные', '', 0.00, 1, 1, 1, 0.00),
(2, 'Начинающие', '', 5.00, 1, 1, 0, 1200.00),
(3, 'Продвинутые', '', 10.00, 1, 1, 0, 2000.00);

-- --------------------------------------------------------

--
-- Структура таблицы `customerphone`
--

CREATE TABLE IF NOT EXISTS `customerphone` (
  `id` int(10) unsigned NOT NULL,
  `customerId` int(10) unsigned NOT NULL,
  `phone` varchar(15) DEFAULT NULL
) ENGINE=InnoDB AUTO_INCREMENT=8 DEFAULT CHARSET=utf8 COMMENT='Телефоны клиентов';

--
-- Дамп данных таблицы `customerphone`
--

INSERT INTO `customerphone` (`id`, `customerId`, `phone`) VALUES
(1, 2, '+380456546546'),
(2, 2, '+380504444443'),
(3, 2, '+380454354353'),
(4, 10, '+380632451651'),
(5, 10, '+380632451651'),
(6, 10, '+380000000000'),
(7, 2, '+380888888888');

-- --------------------------------------------------------

--
-- Структура таблицы `infopage`
--

CREATE TABLE IF NOT EXISTS `infopage` (
  `id` int(10) unsigned NOT NULL,
  `code` varchar(45) NOT NULL,
  `title` varchar(255) NOT NULL,
  `content` longtext NOT NULL,
  `createTime` timestamp NOT NULL DEFAULT CURRENT_TIMESTAMP,
  `updateTime` timestamp NULL DEFAULT NULL,
  `createUserId` int(10) unsigned NOT NULL,
  `updateUserId` int(10) unsigned DEFAULT NULL
) ENGINE=InnoDB AUTO_INCREMENT=8 DEFAULT CHARSET=utf8;

--
-- Дамп данных таблицы `infopage`
--

INSERT INTO `infopage` (`id`, `code`, `title`, `content`, `createTime`, `updateTime`, `createUserId`, `updateUserId`) VALUES
(2, 'delivery', 'Доставка и оплата', '<h1 style="margin-top: 0px; margin-bottom: 0.325em; padding: 0px; letter-spacing: -0.025em; line-height: 1.2em; font-size: 3.07692em; color: rgb(51, 51, 51); font-family: Arial, Helvetica, FreeSans, &quot;Liberation Sans&quot;, &quot;Nimbus Sans L&quot;, sans-serif;">Доставка и оплата</h1><article class="stress-info sprite-side" name="stress-info" effect_type="slide" style="margin: 0px 0px 2.5em; padding: 2em 3.53846em; position: relative; background-color: rgb(247, 251, 253); border: 1px solid rgb(197, 224, 247); border-radius: 4px; max-width: 57.8462em; color: rgb(51, 51, 51); font-family: Arial, Helvetica, FreeSans, &quot;Liberation Sans&quot;, &quot;Nimbus Sans L&quot;, sans-serif; font-size: 13.0013px;">Внимание!&nbsp;<br>Заказывая доставку товара сторонними курьерскими службами (Новая Почта, Мист Экспресс ) - при получении обязательно проверяйте наличие всего товара в заказе, а так же его внешний вид.<br>В случае повреждения товара, или неполной комплектации заказа - необходимо отказаться от получения товара и его оплаты, а так же составить акт(претензию) . В случае если данная ситуация будет иметь место - обязательно сообщите нам о случившемся по тел: (044) 537-02-22, (044) 503-80-80, 0 800 503-808<br><br><br>Из-за напряженной ситуации в восточном регионе, временно приостановлена доставка товаров в г. Донецк и г. Луганск.<br>Вместе с тем сильно ограничена и задерживается доставка по Луганской и Донецкой областям.&nbsp;<br><br>Пневматическое оружие, оружие под патрон Флобера и аксессуары к нему, а также ножи, мультитулы, туристические газовые баллоны и картриджи в данный момент не доставляются в Донецкую и Луганскую области.</article><section class="service-box" style="margin: 0px 0px 5em; padding: 0px; color: rgb(51, 51, 51); font-family: Arial, Helvetica, FreeSans, &quot;Liberation Sans&quot;, &quot;Nimbus Sans L&quot;, sans-serif; font-size: 13.0013px;"><a name="delivery_methods" style="outline: none;"></a><h3 class="service-title" style="margin: 0px 0px 0.52632em; padding: 0px; letter-spacing: -0.015em; line-height: 1.15789em; font-size: 1.46154em;">Способы доставки</h3><ul class="service-l" style="margin-right: 0px; margin-bottom: 0px; margin-left: 0px; padding: 0px; line-height: 1em; list-style: none;"><li class="service-l-i" style="margin: 1.84615em 0px; padding: 0px 2.30769em 0px 0px; display: inline-block; width: 228px; vertical-align: top;"><a class="service-l-i-link novisited" id="delivery_button_2" href="http://rozetka.com.ua/payments-and-deliveries/#" style="outline: none; color: rgb(62, 119, 170);"><img class="service-l-i-img" src="http://i2.rozetka.ua/deliveries_services/info/0/7.png" alt="" style="margin: 0px 0px 0.76923em; padding: 0px; cursor: pointer; display: block;"><span class="service-l-i-text xhr" style="border-bottom: 1px dotted; font-size: 1.15385em; line-height: 1.3em;">Новая Почта</span></a><p class="service-description" style="margin-top: 1.07692em; margin-bottom: 0px; padding: 0px; line-height: 1.5em; font-size: 0.92308em;">Доставка в отделение Новой Почты<br><br>С помощью доставки Новой Почтой, Вы можете получить товар даже в самых отдаленных уголках Украины.</p></li>&nbsp;<li class="service-l-i" style="margin: 1.84615em 0px; padding: 0px 2.30769em 0px 0px; display: inline-block; width: 228px; vertical-align: top;"><a class="service-l-i-link novisited" id="delivery_button_4" href="http://rozetka.com.ua/payments-and-deliveries/#" style="outline: none; color: rgb(62, 119, 170);"><img class="service-l-i-img" src="http://i1.rozetka.ua/deliveries_services/info/0/47.png" alt="" style="margin: 0px 0px 0.76923em; padding: 0px; cursor: pointer; display: block;"><span class="service-l-i-text xhr" style="border-bottom: 1px dotted; font-size: 1.15385em; line-height: 1.3em;">Адресная доставка по Киеву</span></a><p class="service-description" style="margin-top: 1.07692em; margin-bottom: 0px; padding: 0px; line-height: 1.5em; font-size: 0.92308em;">Доставка курьером по адресу&nbsp;<br><br>Доставка производится до входа в здание<br>Стоимость доставки 35 грн</p></li>&nbsp;<li class="service-l-i" style="margin: 1.84615em 0px; padding: 0px 2.30769em 0px 0px; display: inline-block; width: 228px; vertical-align: top;"><a class="service-l-i-link novisited" id="delivery_button_6" href="http://rozetka.com.ua/payments-and-deliveries/#" СЦ="" Точка"''}]});"="" style="outline: none; color: rgb(62, 119, 170);"><img class="service-l-i-img" src="http://i2.rozetka.ua/deliveries_services/info/0/27.png" alt="" style="margin: 0px 0px 0.76923em; padding: 0px; cursor: pointer; display: block;"><span class="service-l-i-text xhr" style="border-bottom: 1px dotted; font-size: 1.15385em; line-height: 1.3em;">Мист Экспресс. Пункт выдачи "СЦ Точка"</span></a><p class="service-description" style="margin-top: 1.07692em; margin-bottom: 0px; padding: 0px; line-height: 1.5em; font-size: 0.92308em;">Доставка в пункт выдачи "Мист Экспресс" ("Точка").<br><br>Пункты выдачи "Мист Экспресс" ("Точка") находятся во всех областных центрах, а так же во Владимире-Волынском, Кременчуге и Кривом Роге<br></p></li><li class="service-l-i" style="margin: 1.84615em 0px; padding: 0px 2.30769em 0px 0px; display: inline-block; width: 228px; vertical-align: top;"><a class="service-l-i-link novisited" id="delivery_button_7" href="http://rozetka.com.ua/payments-and-deliveries/#" style="outline: none; color: rgb(62, 119, 170);"><img class="service-l-i-img" src="http://i1.rozetka.ua/deliveries_services/info/0/59.png" alt="" style="margin: 0px 0px 0.76923em; padding: 0px; cursor: pointer; display: block;"><span class="service-l-i-text xhr" style="border-bottom: 1px dotted; font-size: 1.15385em; line-height: 1.3em;">Мист Экспресс</span></a><p class="service-description" style="margin-top: 1.07692em; margin-bottom: 0px; padding: 0px; line-height: 1.5em; font-size: 0.92308em;">Доставка курьером на дом</p></li>&nbsp;<li class="service-l-i" style="margin: 1.84615em 0px; padding: 0px 2.30769em 0px 0px; display: inline-block; width: 228px; vertical-align: top;"><a class="service-l-i-link novisited" id="delivery_button_9" href="http://rozetka.com.ua/payments-and-deliveries/#" style="outline: none; color: rgb(62, 119, 170);"><img class="service-l-i-img" src="http://i1.rozetka.ua/deliveries_services/info/0/32.png" alt="" style="margin: 0px 0px 0.76923em; padding: 0px; cursor: pointer; display: block;"><span class="service-l-i-text xhr" style="border-bottom: 1px dotted; font-size: 1.15385em; line-height: 1.3em;">Из выставочного зала</span></a><p class="service-description" style="margin-top: 1.07692em; margin-bottom: 0px; padding: 0px; line-height: 1.5em; font-size: 0.92308em;">Самовывоз товара из выставочного зала по адресу:<br>Киев, ул. Ярославская, 57</p></li></ul></section><section class="service-box" style="margin: 0px 0px 5em; padding: 0px; color: rgb(51, 51, 51); font-family: Arial, Helvetica, FreeSans, &quot;Liberation Sans&quot;, &quot;Nimbus Sans L&quot;, sans-serif; font-size: 13.0013px;"><a name="payments_methods" style="outline: none;"></a><h3 class="service-title" style="margin: 0px 0px 0.52632em; padding: 0px; letter-spacing: -0.015em; line-height: 1.15789em; font-size: 1.46154em;">Способы оплаты</h3><ul class="service-l" style="margin-right: 0px; margin-bottom: 0px; margin-left: 0px; padding: 0px; line-height: 1em; list-style: none;"><li class="service-l-i" style="margin: 1.84615em 0px; padding: 0px 2.30769em 0px 0px; display: inline-block; width: 228px; vertical-align: top;"><a class="service-l-i-link novisited" id="payments_button_1" href="http://rozetka.com.ua/payments-and-deliveries/#" style="outline: none; color: rgb(62, 119, 170);"><img class="service-l-i-img" src="http://i1.rozetka.ua/payments_methods/info/0/47.png" alt="" style="margin: 0px 0px 0.76923em; padding: 0px; cursor: pointer; display: block;"><span class="service-l-i-text xhr" style="border-bottom: 1px dotted; font-size: 1.15385em; line-height: 1.3em;">Наличная</span></a><p class="service-description" style="margin-top: 1.07692em; margin-bottom: 0px; padding: 0px; line-height: 1.5em; font-size: 0.92308em;">Оплата наличными при получении товара</p></li>&nbsp;<li class="service-l-i" style="margin: 1.84615em 0px; padding: 0px 2.30769em 0px 0px; display: inline-block; width: 228px; vertical-align: top;"><a class="service-l-i-link novisited" id="payments_button_2" href="http://rozetka.com.ua/payments-and-deliveries/#" style="outline: none; color: rgb(62, 119, 170);"><img class="service-l-i-img" src="http://i2.rozetka.ua/payments_methods/info/0/52.png" alt="" style="margin: 0px 0px 0.76923em; padding: 0px; cursor: pointer; display: block;"><span class="service-l-i-text xhr" style="border-bottom: 1px dotted; font-size: 1.15385em; line-height: 1.3em;">Безналичными</span></a><p class="service-description" style="margin-top: 1.07692em; margin-bottom: 0px; padding: 0px; line-height: 1.5em; font-size: 0.92308em;">Оплата по безналичному расчету производится в кассе отделения любого банка или с расчетного счета Вашей фирмы&nbsp;<br><br>При выборе безналичного способа оплаты доставка заказа возможна после поступления средств на наш расчетный счет</p></li>&nbsp;<li class="service-l-i" style="margin: 1.84615em 0px; padding: 0px 2.30769em 0px 0px; display: inline-block; width: 228px; vertical-align: top;"><a class="service-l-i-link novisited" id="payments_button_520" href="http://rozetka.com.ua/payments-and-deliveries/#" style="outline: none; color: rgb(62, 119, 170);"><img class="service-l-i-img" src="http://i2.rozetka.ua/payments_methods/info/0/464.png" alt="" style="margin: 0px 0px 0.76923em; padding: 0px; cursor: pointer; display: block;"><span class="service-l-i-text xhr" style="border-bottom: 1px dotted; font-size: 1.15385em; line-height: 1.3em;">Visa и MasterCard</span></a><p class="service-description" style="margin-top: 1.07692em; margin-bottom: 0px; padding: 0px; line-height: 1.5em; font-size: 0.92308em;">Оплата заказа онлайн банковской картой Visa и MasterCard<br><br>Доставка товара возможна только после подтверждения платежа.</p></li></ul></section><section class="service-box" style="margin: 0px 0px 5em; padding: 0px; color: rgb(51, 51, 51); font-family: Arial, Helvetica, FreeSans, &quot;Liberation Sans&quot;, &quot;Nimbus Sans L&quot;, sans-serif; font-size: 13.0013px;"><a name="externalservices_info" style="outline: none;"></a><h3 class="service-title" style="margin: 0px 0px 0.52632em; padding: 0px; letter-spacing: -0.015em; line-height: 1.15789em; font-size: 1.46154em;">Покупка билетов</h3><ul class="service-l" style="margin-right: 0px; margin-bottom: 0px; margin-left: 0px; padding: 0px; line-height: 1em; list-style: none;"><li class="service-l-i" style="margin: 1.84615em 0px; padding: 0px 2.30769em 0px 0px; display: inline-block; width: 228px; vertical-align: top;"><a class="service-l-i-link novisited" id="externalservices_button_1" href="http://rozetka.com.ua/payments-and-deliveries/#" style="outline: none; color: rgb(62, 119, 170);"><img class="service-l-i-img" src="http://i1.rozetka.ua/externalservices/0/2.png" alt="" style="margin: 0px 0px 0.76923em; padding: 0px; cursor: pointer; display: block;"><span class="service-l-i-text xhr" style="border-bottom: 1px dotted; font-size: 1.15385em; line-height: 1.3em;">Путешествия</span></a><p class="service-description" style="margin-top: 1.07692em; margin-bottom: 0px; padding: 0px; line-height: 1.5em; font-size: 0.92308em;">Авиабилеты 0% Комиссии<br>Электронные ЖД билеты<br>Расписание аэропортов<span id="copyinfo" style="position: absolute; overflow: hidden; width: 1px; height: 1px;"><br>Подробнее:&nbsp;<a href="http://rozetka.com.ua/payments-and-deliveries/" style="outline: none; color: rgb(157, 95, 175);">http://rozetka.com.ua/payments-and-deliveries/</a></span></p></li></ul></section>', '2016-11-06 20:26:58', '2016-11-27 13:32:28', 1, 1),
(3, 'order_create', 'Как сделать заказ', '<h1 style="margin-top: 0px; margin-bottom: 0.325em; padding: 0px; letter-spacing: -0.025em; line-height: 1.2em; font-size: 3.07692em; color: rgb(51, 51, 51); font-family: Arial, Helvetica, FreeSans, &quot;Liberation Sans&quot;, &quot;Nimbus Sans L&quot;, sans-serif;">Условия использования сайта</h1><div class="text-page" style="font-size: 1.15385em; line-height: 1.4em; max-width: 60em; margin-bottom: 5em; color: rgb(51, 51, 51); font-family: Arial, Helvetica, FreeSans, &quot;Liberation Sans&quot;, &quot;Nimbus Sans L&quot;, sans-serif;"><p style="margin-bottom: 1em; padding: 0px; line-height: 1.4em; font-size: 1em;">Внимание! Перед просмотром этого сайта внимательно прочитайте данные условия. Если вы не согласны с этими условиями, не используйте этот сайт.</p><br><h4 style="margin: 0px 0px 0.7em; padding: 0px; font-size: 1em; line-height: 1.4em; font-weight: bold;"><b>Использование сайта</b></h4><p style="margin-bottom: 1em; padding: 0px; line-height: 1.4em; font-size: 1em;">Сайт Rozetka.ua (далее «Розетка») разрешает вам просматривать и загружать материалы этого сайта (далее «Сайт») только для личного некоммерческого использования, при условии сохранения вами всей информации об авторском праве и других сведений о праве собственности, содержащихся в исходных материалах и любых их копиях. Запрещается изменять материалы этого Сайта, а также распространять или демонстрировать их в любом виде или использовать их любым другим образом для общественных или коммерческих целей. Любое использование этих материалов на других сайтах или в компьютерных сетях запрещается.</p><br><h4 style="margin: 0px 0px 0.7em; padding: 0px; font-size: 1em; line-height: 1.4em; font-weight: bold;"><b>Oтказ от ответственности</b></h4><p style="margin-bottom: 1em; padding: 0px; line-height: 1.4em; font-size: 1em;">Материалы и услуги этого сайта предоставляются «как есть» без каких-либо гарантий. Розетка не гарантирует точности и полноты материалов, программ и услуг, предоставляемых на этом Сайте. Розетка в любое время без уведомления может вносить изменения в материалы и услуги, предоставляемые на этом Сайте, а также в упомянутые в них продукты и цены. В случае устаревания материалов и услуг на этом Сайте Розетка не обязуется обновлять их. Розетка ни при каких обстоятельствах не несет ответственности за любой ущерб (включая, но не ограничиваясь ущербом от потери прибыли, данных или от прерывания деловой активности), возникший вследствие использования, невозможности использования или результатов использования этого сайта.</p><br><h4 style="margin: 0px 0px 0.7em; padding: 0px; font-size: 1em; line-height: 1.4em; font-weight: bold;"><b>Регистрация на сайте</b></h4><p style="margin-bottom: 1em; padding: 0px; line-height: 1.4em; font-size: 1em;">Регистрируясь на Сайте, вы соглашаетесь предоставить достоверную и точную информацию о себе и своих контактных данных.</p><p style="margin-bottom: 1em; padding: 0px; line-height: 1.4em; font-size: 1em;">В результате регистрации вы получаете логин и пароль, за безопасность которых вы несете ответственность. Вы также несете ответственность за все действия под вашим логином и паролем на Сайте. В случае утери регистрационных данных вы обязуетесь сообщить нам об этом.</p><br><h4 style="margin: 0px 0px 0.7em; padding: 0px; font-size: 1em; line-height: 1.4em; font-weight: bold;"><b>Обратная связь и комментарии</b></h4><p style="margin-bottom: 1em; padding: 0px; line-height: 1.4em; font-size: 1em;">Обращаясь к нам или оставляя комментарии на сайте, вы несете ответственность, что данное сообщение не является незаконным, вредоносным, угрожающим, клеветническим, оскорбляет нравственность, нарушает авторские права, пропагандирует ненависть и/или дискриминацию людей по расовому, этническому, половому, религиозному, социальному признакам, содержит оскорбления в адрес конкретных лиц или организаций, а также каким либо иным образом нарушает действующее законодательство Украины. Вы соглашаетесь, что любое ваше сообщение Розетка может удалять без вашего на то согласия, а также безвозмездно использовать по своему усмотрению. Розетка не несет ответственности за любую информацию размещенную пользователями Сайта.</p><br><h4 style="margin: 0px 0px 0.7em; padding: 0px; font-size: 1em; line-height: 1.4em; font-weight: bold;"><b>Использование персональных данных</b></h4><p style="margin-bottom: 1em; padding: 0px; line-height: 1.4em; font-size: 1em;">Мы используем различные технологии для сбора и хранения информации, когда вы посещаете сайт Розетка (<a target="_blank" href="http://rozetka.com.ua/user_terms/personal_data/" style="outline: none; color: rgb(157, 95, 175);">подробнее о защите и обработке персональных данных</a>). Это может включать в себя запись одного или нескольких куки или анонимных идентификаторов. Мы также используем куки и анонимные идентификаторы, когда вы взаимодействуете с услугами, предложенными нашими партнерами, такими как рекламные услуги, например, которые могут появиться на других сайтах.<span id="copyinfo" style="font-size: 1em; line-height: 1.4em; position: absolute; overflow: hidden; width: 1px; height: 1px;"><br>Подробнее:&nbsp;<a href="http://rozetka.com.ua/terms/" style="outline: none; color: rgb(157, 95, 175);">http://rozetka.com.ua/terms/</a></span><div><br></div></p></div>', '2016-11-06 20:27:41', '2016-11-27 13:38:02', 1, 1);
INSERT INTO `infopage` (`id`, `code`, `title`, `content`, `createTime`, `updateTime`, `createUserId`, `updateUserId`) VALUES
(4, 'faq', 'Вопрос-ответ', '<header class="title-page" style="margin: 0px; padding: 0px;"><h1 style="margin-top: 0px; margin-bottom: 0.325em; padding: 0px; letter-spacing: -0.025em; line-height: 1.2em; font-size: 3.07692em;">Вопросы и ответы</h1></header><div class="text-page" style="font-size: 1.15385em; line-height: 1.4em; max-width: 60em; margin-bottom: 5em;"><section style="margin: 0px 0px 2em; padding: 0px;"><header style="margin: 0px; padding: 0px;"><h3 style="margin: 0px 0px 0.5em; padding: 0px; letter-spacing: -0.015em; line-height: 1.4em; font-size: 1.33333em;">Оплата и доставка</h3></header><ul class="l-style-none" style="margin-right: 0px; margin-bottom: 1em; margin-left: 0px; padding: 0px; line-height: 1em; list-style: none;"><li style="margin: 0px 0px 0.46667em; padding: 0px; position: relative; font-size: 1em; line-height: 1.4em;"><div name="slider-block-contaner" id="slider-id71"><a href="http://rozetka.com.ua/faq/#" class="xhr novisited" name="slider-block-active" style="outline: none; border-bottom: 1px dotted; color: rgb(62, 119, 170);">Куда и на каких условиях осуществляется доставка?</a><div style="margin: 0px; overflow: hidden; height: 0px;"><div class="faq-l-i-answer" name="slider-block-item" style="padding: 0.8em 0px 1em; margin: -156px 0px 0px;"><p style="margin-bottom: 1em; padding: 0px; line-height: 1.4em; font-size: 1em;"></p><p style="margin-bottom: 1em; padding: 0px; line-height: 1.4em; font-size: 1em;"></p><p style="margin-bottom: 1em; padding: 0px; line-height: 1.4em; font-size: 1em;"></p></div></div></div></li><li style="margin: 0px 0px 0.46667em; padding: 0px; position: relative; font-size: 1em; line-height: 1.4em;"><div name="slider-block-contaner" id="slider-id72"><a href="http://rozetka.com.ua/faq/#" class="xhr novisited" name="slider-block-active" style="outline: none; border-bottom: 1px dotted; color: rgb(62, 119, 170);">Как я могу оплатить свой заказ?</a><div style="margin: 0px; overflow: hidden; height: 0px;"><div class="faq-l-i-answer" name="slider-block-item" style="padding: 0.8em 0px 1em; margin: -177px 0px 0px;"><p style="margin-bottom: 1em; padding: 0px; line-height: 1.4em; font-size: 1em;"></p><p style="margin-bottom: 1em; padding: 0px; line-height: 1.4em; font-size: 1em;"><br><br></p><p style="margin-bottom: 1em; padding: 0px; line-height: 1.4em; font-size: 1em;"><a href="http://rozetka.com.ua/payments-and-deliveries/" target="_blank" style="outline: none; color: rgb(157, 95, 175);"></a></p></div></div></div></li><li style="margin: 0px 0px 0.46667em; padding: 0px; position: relative; font-size: 1em; line-height: 1.4em;"><div name="slider-block-contaner" id="slider-id74"><a href="http://rozetka.com.ua/faq/#" class="xhr novisited" name="slider-block-active" style="outline: none; border-bottom: 1px dotted; color: rgb(62, 119, 170);">Как осуществляется доставка по Киеву?</a><div style="margin: 0px; overflow: hidden; height: 0px;"><div class="faq-l-i-answer" name="slider-block-item" style="padding: 0.8em 0px 1em; margin: -447px 0px 0px;"><p style="margin-bottom: 1em; padding: 0px; line-height: 1.4em; font-size: 1em;"><br></p><p style="margin-bottom: 1em; padding: 0px; line-height: 1.4em; font-size: 1em;"></p><p style="margin-bottom: 1em; padding: 0px; line-height: 1.4em; font-size: 1em;"></p><p style="margin-bottom: 1em; padding: 0px; line-height: 1.4em; font-size: 1em;"></p><p style="margin-bottom: 1em; padding: 0px; line-height: 1.4em; font-size: 1em;"><br></p><p style="margin-bottom: 1em; padding: 0px; line-height: 1.4em; font-size: 1em;"></p><p style="margin-bottom: 1em; padding: 0px; line-height: 1.4em; font-size: 1em;"><br><br></p></div></div></div></li><li style="margin: 0px 0px 0.46667em; padding: 0px; position: relative; font-size: 1em; line-height: 1.4em;"><div name="slider-block-contaner" id="slider-id76"><a href="http://rozetka.com.ua/faq/#" class="xhr novisited" name="slider-block-active" style="outline: none; border-bottom: 1px dotted; color: rgb(62, 119, 170);">Как осуществляется доставка по Украине?</a><div style="margin: 0px; overflow: hidden; height: 0px;"><div class="faq-l-i-answer" name="slider-block-item" style="padding: 0.8em 0px 1em; margin: -198px 0px 0px;"><p style="margin-bottom: 1em; padding: 0px; line-height: 1.4em; font-size: 1em;"><br><br></p><p style="margin-bottom: 1em; padding: 0px; line-height: 1.4em; font-size: 1em;"><a href="http://rozetka.com.ua/payments-and-deliveries/" target="_blank" style="outline: none; color: rgb(157, 95, 175);"></a></p><p style="margin-bottom: 1em; padding: 0px; line-height: 1.4em; font-size: 1em;"><a href="http://rozetka.com.ua/payments-and-deliveries/#our_servce" target="_blank" style="outline: none; color: rgb(157, 95, 175);"></a></p></div></div></div></li><li style="margin: 0px 0px 0.46667em; padding: 0px; position: relative; font-size: 1em; line-height: 1.4em;"><div name="slider-block-contaner" id="slider-id77"><a href="http://rozetka.com.ua/faq/#" class="xhr novisited" name="slider-block-active" style="outline: none; border-bottom: 1px dotted; color: rgb(62, 119, 170);">Можно ли приехать к вам в офис?</a><div style="margin: 0px; overflow: hidden; height: 0px;"><div class="faq-l-i-answer" name="slider-block-item" style="padding: 0.8em 0px 1em; margin: -147px 0px 0px;"><p style="margin-bottom: 1em; padding: 0px; line-height: 1.4em; font-size: 1em;"><br><br></p></div></div></div></li><li style="margin: 0px 0px 0.46667em; padding: 0px; position: relative; font-size: 1em; line-height: 1.4em;"><div name="slider-block-contaner" id="slider-id78"><a href="http://rozetka.com.ua/faq/#" class="xhr novisited" name="slider-block-active" style="outline: none; border-bottom: 1px dotted; color: rgb(62, 119, 170);">Как можно оплатить заказ наличными?</a><div style="margin: 0px; overflow: hidden; height: 0px;"><div class="faq-l-i-answer" name="slider-block-item" style="padding: 0.8em 0px 1em; margin: -105px 0px 0px;"><p style="margin-bottom: 1em; padding: 0px; line-height: 1.4em; font-size: 1em;"><br><br></p></div></div></div></li><li style="margin: 0px 0px 0.46667em; padding: 0px; position: relative; font-size: 1em; line-height: 1.4em;"><div name="slider-block-contaner" id="slider-id79"><a href="http://rozetka.com.ua/faq/#" class="xhr novisited" name="slider-block-active" style="outline: none; border-bottom: 1px dotted; color: rgb(62, 119, 170);">Как оплатить товар по безналичному расчету? Являетесь ли вы плательщиком НДС?</a><div style="margin: 0px; overflow: hidden; height: 0px;"><div class="faq-l-i-answer" name="slider-block-item" style="padding: 0.8em 0px 1em; margin: -270px 0px 0px;"><p style="margin-bottom: 1em; padding: 0px; line-height: 1.4em; font-size: 1em;"></p><p style="margin-bottom: 1em; padding: 0px; line-height: 1.4em; font-size: 1em;"></p><p style="margin-bottom: 1em; padding: 0px; line-height: 1.4em; font-size: 1em;"></p><p style="margin-bottom: 1em; padding: 0px; line-height: 1.4em; font-size: 1em;"><br><br></p><p style="margin-bottom: 1em; padding: 0px; line-height: 1.4em; font-size: 1em;"></p></div></div></div></li><li style="margin: 0px 0px 0.46667em; padding: 0px; position: relative; font-size: 1em; line-height: 1.4em;"><div name="slider-block-contaner" id="slider-id80"><a href="http://rozetka.com.ua/faq/#" class="xhr novisited" name="slider-block-active" style="outline: none; border-bottom: 1px dotted; color: rgb(62, 119, 170);">Что нужно для получения товара, оплаченного по безналичному расчету?</a><div style="margin: 0px; overflow: hidden; height: 0px;"><div class="faq-l-i-answer" name="slider-block-item" style="padding: 0.8em 0px 1em; margin: -249px 0px 0px;"><p style="margin-bottom: 1em; padding: 0px; line-height: 1.4em; font-size: 1em;"></p><p style="margin-bottom: 1em; padding: 0px; line-height: 1.4em; font-size: 1em;"></p><p style="margin-bottom: 1em; padding: 0px; line-height: 1.4em; font-size: 1em;"></p><p style="margin-bottom: 1em; padding: 0px; line-height: 1.4em; font-size: 1em;"><br></p><p style="margin-bottom: 1em; padding: 0px; line-height: 1.4em; font-size: 1em;"></p></div></div></div></li><li style="margin: 0px 0px 0.46667em; padding: 0px; position: relative; font-size: 1em; line-height: 1.4em;"><div name="slider-block-contaner" id="slider-id162"><a href="http://rozetka.com.ua/faq/#" class="xhr novisited" name="slider-block-active" style="outline: none; border-bottom: 1px dotted; color: rgb(62, 119, 170);">Возможна ли оплата заказа банковской картой?</a><div style="margin: 0px; overflow: hidden; height: 0px;"><div class="faq-l-i-answer" name="slider-block-item" style="padding: 0.8em 0px 1em; margin: -189px 0px 0px;"><p style="margin-bottom: 1em; padding: 0px; line-height: 1.4em; font-size: 1em;"><br><br><br></p></div></div></div></li></ul></section><section style="margin: 0px 0px 2em; padding: 0px;"><header style="margin: 0px; padding: 0px;"><h3 style="margin: 0px 0px 0.5em; padding: 0px; letter-spacing: -0.015em; line-height: 1.4em; font-size: 1.33333em;">Часто задаваемые вопросы при покупке билетов</h3></header><ul class="l-style-none" style="margin-right: 0px; margin-bottom: 1em; margin-left: 0px; padding: 0px; line-height: 1em; list-style: none;"><li style="margin: 0px 0px 0.46667em; padding: 0px; position: relative; font-size: 1em; line-height: 1.4em;"><div name="slider-block-contaner" id="slider-id119"><a href="http://rozetka.com.ua/faq/#" class="xhr novisited" name="slider-block-active" style="outline: none; border-bottom: 1px dotted; color: rgb(62, 119, 170);">Кто может покупать билет в одну сторону?</a><div style="margin: 0px; overflow: hidden; height: 0px;"><div class="faq-l-i-answer" name="slider-block-item" style="padding: 0.8em 0px 1em; margin: -219px 0px 0px;"><p style="margin-bottom: 1em; padding: 0px; line-height: 1.4em; font-size: 1em;"></p><p style="margin-bottom: 1em; padding: 0px; line-height: 1.4em; font-size: 1em;"><br><br><br><br></p><p style="margin-bottom: 1em; padding: 0px; line-height: 1.4em; font-size: 1em;"></p></div></div></div></li><li style="margin: 0px 0px 0.46667em; padding: 0px; position: relative; font-size: 1em; line-height: 1.4em;"><div name="slider-block-contaner" id="slider-id124"><a href="http://rozetka.com.ua/faq/#" class="xhr novisited" name="slider-block-active" style="outline: none; border-bottom: 1px dotted; color: rgb(62, 119, 170);">За какое время лучше покупать авиабилеты, чтобы получить хорошую цену?</a><div style="margin: 0px; overflow: hidden; height: 0px;"><div class="faq-l-i-answer" name="slider-block-item" style="padding: 0.8em 0px 1em; margin: -84px 0px 0px;"><p style="margin-bottom: 1em; padding: 0px; line-height: 1.4em; font-size: 1em;"></p></div></div></div></li><li style="margin: 0px 0px 0.46667em; padding: 0px; position: relative; font-size: 1em; line-height: 1.4em;"><div name="slider-block-contaner" id="slider-id129"><a href="http://rozetka.com.ua/faq/#" class="xhr novisited" name="slider-block-active" style="outline: none; border-bottom: 1px dotted; color: rgb(62, 119, 170);">Нужна ли транзитная виза для перелетов с пересадками?</a><div style="margin: 0px; overflow: hidden; height: 0px;"><div class="faq-l-i-answer" name="slider-block-item" style="padding: 0.8em 0px 1em; margin: -168px 0px 0px;"><p style="margin-bottom: 1em; padding: 0px; line-height: 1.4em; font-size: 1em;"><br></p></div></div></div></li><li style="margin: 0px 0px 0.46667em; padding: 0px; position: relative; font-size: 1em; line-height: 1.4em;"><div name="slider-block-contaner" id="slider-id134"><a href="http://rozetka.com.ua/faq/#" class="xhr novisited" name="slider-block-active" style="outline: none; border-bottom: 1px dotted; color: rgb(62, 119, 170);">Заказ места при покупке билета</a><div style="margin: 0px; overflow: hidden; height: 0px;"><div class="faq-l-i-answer" name="slider-block-item" style="padding: 0.8em 0px 1em; margin: -84px 0px 0px;"><p style="margin-bottom: 1em; padding: 0px; line-height: 1.4em; font-size: 1em;"></p></div></div></div></li><li style="margin: 0px 0px 0.46667em; padding: 0px; position: relative; font-size: 1em; line-height: 1.4em;"><div name="slider-block-contaner" id="slider-id139"><a href="http://rozetka.com.ua/faq/#" class="xhr novisited" name="slider-block-active" style="outline: none; border-bottom: 1px dotted; color: rgb(62, 119, 170);">Отменили или задержали рейс. Что делать?</a><div style="margin: 0px; overflow: hidden; height: 0px;"><div class="faq-l-i-answer" name="slider-block-item" style="padding: 0.8em 0px 1em; margin: -225px 0px 0px;"><p style="margin-bottom: 1em; padding: 0px; line-height: 1.4em; font-size: 1em;"><br></p><p style="margin-bottom: 1em; padding: 0px; line-height: 1.4em; font-size: 1em;"></p></div></div></div></li><li style="margin: 0px 0px 0.46667em; padding: 0px; position: relative; font-size: 1em; line-height: 1.4em;"><div name="slider-block-contaner" id="slider-id144"><a href="http://rozetka.com.ua/faq/#" class="xhr novisited" name="slider-block-active" style="outline: none; border-bottom: 1px dotted; color: rgb(62, 119, 170);">Какое время указывается в билете?</a><div style="margin: 0px; overflow: hidden; height: 0px;"><div class="faq-l-i-answer" name="slider-block-item" style="padding: 0.8em 0px 1em; margin: -63px 0px 0px;"><p style="margin-bottom: 1em; padding: 0px; line-height: 1.4em; font-size: 1em;"></p></div></div></div></li><li style="margin: 0px 0px 0.46667em; padding: 0px; position: relative; font-size: 1em; line-height: 1.4em;"><div name="slider-block-contaner" id="slider-id149"><a href="http://rozetka.com.ua/faq/#" class="xhr novisited" name="slider-block-active" style="outline: none; border-bottom: 1px dotted; color: rgb(62, 119, 170);">Что такое электронный билет?</a><div style="margin: 0px; overflow: hidden; height: 0px;"><div class="faq-l-i-answer" name="slider-block-item" style="padding: 0.8em 0px 1em; margin: -3684px 0px 0px;"><p style="margin-bottom: 1em; padding: 0px; line-height: 1.4em; font-size: 1em;"></p><p style="margin-bottom: 1em; padding: 0px; line-height: 1.4em; font-size: 1em;"></p><p style="margin-bottom: 1em; padding: 0px; line-height: 1.4em; font-size: 1em;"><br><br></p><p style="margin-bottom: 1em; padding: 0px; line-height: 1.4em; font-size: 1em;"><br></p><p style="margin-bottom: 1em; padding: 0px; line-height: 1.4em; font-size: 1em;"><br></p><p style="margin-bottom: 1em; padding: 0px; line-height: 1.4em; font-size: 1em;"><br><br><br><br><br><br><br><br><br><br><br></p><p style="margin-bottom: 1em; padding: 0px; line-height: 1.4em; font-size: 1em;"><br><br></p><p style="margin-bottom: 1em; padding: 0px; line-height: 1.4em; font-size: 1em;"><br></p><p style="margin-bottom: 1em; padding: 0px; line-height: 1.4em; font-size: 1em;"></p><p style="margin-bottom: 1em; padding: 0px; line-height: 1.4em; font-size: 1em;"><br><br><br></p><p style="margin-bottom: 1em; padding: 0px; line-height: 1.4em; font-size: 1em;"><br></p><p style="margin-bottom: 1em; padding: 0px; line-height: 1.4em; font-size: 1em;"><br></p><p style="margin-bottom: 1em; padding: 0px; line-height: 1.4em; font-size: 1em;"><br></p><p style="margin-bottom: 1em; padding: 0px; line-height: 1.4em; font-size: 1em;"><br></p><p style="margin-bottom: 1em; padding: 0px; line-height: 1.4em; font-size: 1em;"><br><br></p><p style="margin-bottom: 1em; padding: 0px; line-height: 1.4em; font-size: 1em;"><br></p><p style="margin-bottom: 1em; padding: 0px; line-height: 1.4em; font-size: 1em;"><br></p><p style="margin-bottom: 1em; padding: 0px; line-height: 1.4em; font-size: 1em;"><br><br></p><p style="margin-bottom: 1em; padding: 0px; line-height: 1.4em; font-size: 1em;"><br><br></p><p style="margin-bottom: 1em; padding: 0px; line-height: 1.4em; font-size: 1em;"><br><br></p><p style="margin-bottom: 1em; padding: 0px; line-height: 1.4em; font-size: 1em;"><br></p><p style="margin-bottom: 1em; padding: 0px; line-height: 1.4em; font-size: 1em;"><br></p><p style="margin-bottom: 1em; padding: 0px; line-height: 1.4em; font-size: 1em;"><br></p><p style="margin-bottom: 1em; padding: 0px; line-height: 1.4em; font-size: 1em;"><br><br><br></p><p style="margin-bottom: 1em; padding: 0px; line-height: 1.4em; font-size: 1em;"><br><br><br></p><p style="margin-bottom: 1em; padding: 0px; line-height: 1.4em; font-size: 1em;"><br><br><br></p><p style="margin-bottom: 1em; padding: 0px; line-height: 1.4em; font-size: 1em;"><br></p><p style="margin-bottom: 1em; padding: 0px; line-height: 1.4em; font-size: 1em;"><br></p><p style="margin-bottom: 1em; padding: 0px; line-height: 1.4em; font-size: 1em;"><br></p><p style="margin-bottom: 1em; padding: 0px; line-height: 1.4em; font-size: 1em;"><br></p><p style="margin-bottom: 1em; padding: 0px; line-height: 1.4em; font-size: 1em;"><br></p></div></div></div></li><li style="margin: 0px 0px 0.46667em; padding: 0px; position: relative; font-size: 1em; line-height: 1.4em;"><div name="slider-block-contaner" id="slider-id154"><a href="http://rozetka.com.ua/faq/#" class="xhr novisited" name="slider-block-active" style="outline: none; border-bottom: 1px dotted; color: rgb(62, 119, 170);">Правила перевозки детей</a><div style="margin: 0px; overflow: hidden; height: 0px;"><div class="faq-l-i-answer" name="slider-block-item" style="padding: 0.8em 0px 1em; margin: -105px 0px 0px;"><p style="margin-bottom: 1em; padding: 0px; line-height: 1.4em; font-size: 1em;"><br></p></div></div></div></li><li style="margin: 0px 0px 0.46667em; padding: 0px; position: relative; font-size: 1em; line-height: 1.4em;"><div name="slider-block-contaner" id="slider-id159"><a href="http://rozetka.com.ua/faq/#" class="xhr novisited" name="slider-block-active" style="outline: none; border-bottom: 1px dotted; color: rgb(62, 119, 170);">Правила провоза жидкостей в ручной клади</a><div style="margin: 0px; overflow: hidden; height: 0px;"><div class="faq-l-i-answer" name="slider-block-item" style="padding: 0.8em 0px 1em; margin: -974px 0px 0px;"><p style="margin-bottom: 1em; padding: 0px; line-height: 1.4em; font-size: 1em;"><br><br><br><br><br><br><br></p><p style="margin-bottom: 1em; padding: 0px; line-height: 1.4em; font-size: 1em;"></p><ul style="margin: -0.6em 0px 1em; padding: 0px; line-height: 1em; list-style: none;"><li style="margin: 0px 0px 0.46667em 1.46667em; padding: 0px; position: relative; font-size: 1em; line-height: 1.4em;"></li><li style="margin: 0px 0px 0.46667em 1.46667em; padding: 0px; position: relative; font-size: 1em; line-height: 1.4em;"></li><li style="margin: 0px 0px 0.46667em 1.46667em; padding: 0px; position: relative; font-size: 1em; line-height: 1.4em;"></li><li style="margin: 0px 0px 0.46667em 1.46667em; padding: 0px; position: relative; font-size: 1em; line-height: 1.4em;"></li><li style="margin: 0px 0px 0.46667em 1.46667em; padding: 0px; position: relative; font-size: 1em; line-height: 1.4em;"></li><li style="margin: 0px 0px 0.46667em 1.46667em; padding: 0px; position: relative; font-size: 1em; line-height: 1.4em;"></li><li style="margin: 0px 0px 0.46667em 1.46667em; padding: 0px; position: relative; font-size: 1em; line-height: 1.4em;"></li><li style="margin: 0px 0px 0.46667em 1.46667em; padding: 0px; position: relative; font-size: 1em; line-height: 1.4em;"></li><li style="margin: 0px 0px 0.46667em 1.46667em; padding: 0px; position: relative; font-size: 1em; line-height: 1.4em;"></li><li style="margin: 0px 0px 0.46667em 1.46667em; padding: 0px; position: relative; font-size: 1em; line-height: 1.4em;"></li><li style="margin: 0px 0px 0.46667em 1.46667em; padding: 0px; position: relative; font-size: 1em; line-height: 1.4em;"></li><li style="margin: 0px 0px 0.46667em 1.46667em; padding: 0px; position: relative; font-size: 1em; line-height: 1.4em;"></li><li style="margin: 0px 0px 0.46667em 1.46667em; padding: 0px; position: relative; font-size: 1em; line-height: 1.4em;"></li><li style="margin: 0px 0px 0.46667em 1.46667em; padding: 0px; position: relative; font-size: 1em; line-height: 1.4em;"></li><li style="margin: 0px 0px 0.46667em 1.46667em; padding: 0px; position: relative; font-size: 1em; line-height: 1.4em;"></li></ul><br><p style="margin-bottom: 1em; padding: 0px; line-height: 1.4em; font-size: 1em;"><br><br><br><br><br></p></div></div></div></li></ul></section><section style="margin: 0px 0px 2em; padding: 0px;"><header style="margin: 0px; padding: 0px;"><h3 style="margin: 0px 0px 0.5em; padding: 0px; letter-spacing: -0.015em; line-height: 1.4em; font-size: 1.33333em;">Гарантия и сервисное обслуживание</h3></header><ul class="l-style-none" style="margin-right: 0px; margin-bottom: 1em; margin-left: 0px; padding: 0px; line-height: 1em; list-style: none;"><li style="margin: 0px 0px 0.46667em; padding: 0px; position: relative; font-size: 1em; line-height: 1.4em;"><div name="slider-block-contaner" id="slider-id84"><a href="http://rozetka.com.ua/faq/#" class="xhr novisited" name="slider-block-active" style="outline: none; border-bottom: 1px dotted; color: rgb(62, 119, 170);">На какие товары предоставляется гарантия?</a><div style="margin: 0px; overflow: hidden; height: 0px;"><div class="faq-l-i-answer" name="slider-block-item" style="padding: 0.8em 0px 1em; margin: -183px 0px 0px;"><p style="margin-bottom: 1em; padding: 0px; line-height: 1.4em; font-size: 1em;"></p><p style="margin-bottom: 1em; padding: 0px; line-height: 1.4em; font-size: 1em;"></p></div></div></div></li><li style="margin: 0px 0px 0.46667em; padding: 0px; position: relative; font-size: 1em; line-height: 1.4em;"><div name="slider-block-contaner" id="slider-id87"><a href="http://rozetka.com.ua/faq/#" class="xhr novisited" name="slider-block-active" style="outline: none; border-bottom: 1px dotted; color: rgb(62, 119, 170);">Куда обращаться за гарантийным обслуживанием?</a><div style="margin: 0px; overflow: hidden; height: 0px;"><div class="faq-l-i-answer" name="slider-block-item" style="padding: 0.8em 0px 1em; margin: -366px 0px 0px;"><p style="margin-bottom: 1em; padding: 0px; line-height: 1.4em; font-size: 1em;"><br><a href="http://rozetka.com.ua/service-centers/" target="_blank" style="outline: none; color: rgb(157, 95, 175);"><b></b></a></p><p style="margin-bottom: 1em; padding: 0px; line-height: 1.4em; font-size: 1em;"></p><ul style="margin: -0.6em 0px 1em; padding: 0px; line-height: 1em; list-style: none;"><li style="margin: 0px 0px 0.46667em 1.46667em; padding: 0px; position: relative; font-size: 1em; line-height: 1.4em;"></li><li style="margin: 0px 0px 0.46667em 1.46667em; padding: 0px; position: relative; font-size: 1em; line-height: 1.4em;"></li><li style="margin: 0px 0px 0.46667em 1.46667em; padding: 0px; position: relative; font-size: 1em; line-height: 1.4em;"></li><li style="margin: 0px 0px 0.46667em 1.46667em; padding: 0px; position: relative; font-size: 1em; line-height: 1.4em;"></li></ul><br><p style="margin-bottom: 1em; padding: 0px; line-height: 1.4em; font-size: 1em;"></p><p style="margin-bottom: 1em; padding: 0px; line-height: 1.4em; font-size: 1em;"></p></div></div></div></li><li style="margin: 0px 0px 0.46667em; padding: 0px; position: relative; font-size: 1em; line-height: 1.4em;"><div name="slider-block-contaner" id="slider-id85"><a href="http://rozetka.com.ua/faq/#" class="xhr novisited" name="slider-block-active" style="outline: none; border-bottom: 1px dotted; color: rgb(62, 119, 170);">Я могу обменять или вернуть товар?</a><div style="margin: 0px; overflow: hidden; height: 0px;"><div class="faq-l-i-answer" name="slider-block-item" style="padding: 0.8em 0px 1em; margin: -312px 0px 0px;"><p style="margin-bottom: 1em; padding: 0px; line-height: 1.4em; font-size: 1em;"></p><p style="margin-bottom: 1em; padding: 0px; line-height: 1.4em; font-size: 1em;"><b></b></p><p style="margin-bottom: 1em; padding: 0px; line-height: 1.4em; font-size: 1em;"><br><br></p><p style="margin-bottom: 1em; padding: 0px; line-height: 1.4em; font-size: 1em;"></p><p style="margin-bottom: 1em; padding: 0px; line-height: 1.4em; font-size: 1em;"><a href="http://service.rozetka.com.ua/" target="_blank" style="outline: none; color: rgb(157, 95, 175);"></a></p></div></div></div></li><li style="margin: 0px 0px 0.46667em; padding: 0px; position: relative; font-size: 1em; line-height: 1.4em;"><div name="slider-block-contaner" id="slider-id86"><a href="http://rozetka.com.ua/faq/#" class="xhr novisited" name="slider-block-active" style="outline: none; border-bottom: 1px dotted; color: rgb(62, 119, 170);">Где и как можно произвести обмен или возврат?</a><div style="margin: 0px; overflow: hidden; height: 0px;"><div class="faq-l-i-answer" name="slider-block-item" style="padding: 0.8em 0px 1em; margin: -270px 0px 0px;"><p style="margin-bottom: 1em; padding: 0px; line-height: 1.4em; font-size: 1em;"></p><p style="margin-bottom: 1em; padding: 0px; line-height: 1.4em; font-size: 1em;"><b></b></p><br><p style="margin-bottom: 1em; padding: 0px; line-height: 1.4em; font-size: 1em;"></p><p style="margin-bottom: 1em; padding: 0px; line-height: 1.4em; font-size: 1em;"></p><p style="margin-bottom: 1em; padding: 0px; line-height: 1.4em; font-size: 1em;"><a href="http://service.rozetka.com.ua/" target="_blank" style="outline: none; color: rgb(157, 95, 175);"></a></p></div></div></div></li><li style="margin: 0px 0px 0.46667em; padding: 0px; position: relative; font-size: 1em; line-height: 1.4em;"><div name="slider-block-contaner" id="slider-id88"><a href="http://rozetka.com.ua/faq/#" class="xhr novisited" name="slider-block-active" style="outline: none; border-bottom: 1px dotted; color: rgb(62, 119, 170);">Сервисный центр не может отремонтировать мой товар в гарантийный период</a><div style="margin: 0px; overflow: hidden; height: 0px;"><div class="faq-l-i-answer" name="slider-block-item" style="padding: 0.8em 0px 1em; margin: -219px 0px 0px;"><p style="margin-bottom: 1em; padding: 0px; line-height: 1.4em; font-size: 1em;"></p><p style="margin-bottom: 1em; padding: 0px; line-height: 1.4em; font-size: 1em;"><b></b></p><p style="margin-bottom: 1em; padding: 0px; line-height: 1.4em; font-size: 1em;"><br><br><br></p></div></div></div></li><li style="margin: 0px 0px 0.46667em; padding: 0px; position: relative; font-size: 1em; line-height: 1.4em;"><div name="slider-block-contaner" id="slider-id89"><a href="http://rozetka.com.ua/faq/#" class="xhr novisited" name="slider-block-active" style="outline: none; border-bottom: 1px dotted; color: rgb(62, 119, 170);">В каких случаях гарантия не предоставляется?</a><div style="margin: 0px; overflow: hidden; height: 0px;"><div class="faq-l-i-answer" name="slider-block-item" style="padding: 0.8em 0px 1em; margin: -984px 0px 0px;"><p style="margin-bottom: 1em; padding: 0px; line-height: 1.4em; font-size: 1em;"><b></b></p><p style="margin-bottom: 1em; padding: 0px; line-height: 1.4em; font-size: 1em;"><br><br><br><br><br></p><p style="margin-bottom: 1em; padding: 0px; line-height: 1.4em; font-size: 1em;"><b></b></p><p style="margin-bottom: 1em; padding: 0px; line-height: 1.4em; font-size: 1em;"><br><br><br><br><br></p><p style="margin-bottom: 1em; padding: 0px; line-height: 1.4em; font-size: 1em;"></p><p style="margin-bottom: 1em; padding: 0px; line-height: 1.4em; font-size: 1em;"></p><ul style="margin: -0.6em 0px 1em; padding: 0px; line-height: 1em; list-style: none;"><li style="margin: 0px 0px 0.46667em 1.46667em; padding: 0px; position: relative; font-size: 1em; line-height: 1.4em;"></li><li style="margin: 0px 0px 0.46667em 1.46667em; padding: 0px; position: relative; font-size: 1em; line-height: 1.4em;"></li><li style="margin: 0px 0px 0.46667em 1.46667em; padding: 0px; position: relative; font-size: 1em; line-height: 1.4em;"></li><li style="margin: 0px 0px 0.46667em 1.46667em; padding: 0px; position: relative; font-size: 1em; line-height: 1.4em;"></li><li style="margin: 0px 0px 0.46667em 1.46667em; padding: 0px; position: relative; font-size: 1em; line-height: 1.4em;"></li><li style="margin: 0px 0px 0.46667em 1.46667em; padding: 0px; position: relative; font-size: 1em; line-height: 1.4em;"></li><li style="margin: 0px 0px 0.46667em 1.46667em; padding: 0px; position: relative; font-size: 1em; line-height: 1.4em;"></li><li style="margin: 0px 0px 0.46667em 1.46667em; padding: 0px; position: relative; font-size: 1em; line-height: 1.4em;"></li><li style="margin: 0px 0px 0.46667em 1.46667em; padding: 0px; position: relative; font-size: 1em; line-height: 1.4em;"></li><li style="margin: 0px 0px 0.46667em 1.46667em; padding: 0px; position: relative; font-size: 1em; line-height: 1.4em;"></li><li style="margin: 0px 0px 0.46667em 1.46667em; padding: 0px; position: relative; font-size: 1em; line-height: 1.4em;"></li><li style="margin: 0px 0px 0.46667em 1.46667em; padding: 0px; position: relative; font-size: 1em; line-height: 1.4em;"></li><li style="margin: 0px 0px 0.46667em 1.46667em; padding: 0px; position: relative; font-size: 1em; line-height: 1.4em;"></li></ul><br><br></div></div></div></li></ul></section><section style="margin: 0px 0px 2em; padding: 0px;"><header style="margin: 0px; padding: 0px;"><h3 style="margin: 0px 0px 0.5em; padding: 0px; letter-spacing: -0.015em; line-height: 1.4em; font-size: 1.33333em;">Вопросы и ответы</h3></header><ul class="l-style-none" style="margin-right: 0px; margin-bottom: 1em; margin-left: 0px; padding: 0px; line-height: 1em; list-style: none;"><li style="margin: 0px 0px 0.46667em; padding: 0px; position: relative; font-size: 1em; line-height: 1.4em;"><div name="slider-block-contaner" id="slider-id91"><a href="http://rozetka.com.ua/faq/#" class="xhr novisited" name="slider-block-active" style="outline: none; border-bottom: 1px dotted; color: rgb(62, 119, 170);">Какой у вас график работы?</a><div style="margin: 0px; overflow: hidden; height: 0px;"><div class="faq-l-i-answer" name="slider-block-item" style="padding: 0.8em 0px 1em; margin: -291px 0px 0px;"><p style="margin-bottom: 1em; padding: 0px; line-height: 1.4em; font-size: 1em;"><b></b></p><p style="margin-bottom: 1em; padding: 0px; line-height: 1.4em; font-size: 1em;"></p><p style="margin-bottom: 1em; padding: 0px; line-height: 1.4em; font-size: 1em;"><br><br></p><p style="margin-bottom: 1em; padding: 0px; line-height: 1.4em; font-size: 1em;"></p><p style="margin-bottom: 1em; padding: 0px; line-height: 1.4em; font-size: 1em;"><br><br></p></div></div></div></li><li style="margin: 0px 0px 0.46667em; padding: 0px; position: relative; font-size: 1em; line-height: 1.4em;"><div name="slider-block-contaner" id="slider-id92"><a href="http://rozetka.com.ua/faq/#" class="xhr novisited" name="slider-block-active" style="outline: none; border-bottom: 1px dotted; color: rgb(62, 119, 170);">Я хочу обменять или вернуть товар. Какой график работы у сервисного отдела?</a><div style="margin: 0px; overflow: hidden; height: 0px;"><div class="faq-l-i-answer" name="slider-block-item" style="padding: 0.8em 0px 1em; margin: -84px 0px 0px;"><p style="margin-bottom: 1em; padding: 0px; line-height: 1.4em; font-size: 1em;"><b></b></p></div></div></div></li><li style="margin: 0px 0px 0.46667em; padding: 0px; position: relative; font-size: 1em; line-height: 1.4em;"><div name="slider-block-contaner" id="slider-id93"><a href="http://rozetka.com.ua/faq/#" class="xhr novisited" name="slider-block-active" style="outline: none; border-bottom: 1px dotted; color: rgb(62, 119, 170);">На сайте указано, что товара нет в наличии, можно ли его заказать?</a><div style="margin: 0px; overflow: hidden; height: 0px;"><div class="faq-l-i-answer" name="slider-block-item" style="padding: 0.8em 0px 1em; margin: -63px 0px 0px;"><p style="margin-bottom: 1em; padding: 0px; line-height: 1.4em; font-size: 1em;"></p></div></div></div></li><li style="margin: 0px 0px 0.46667em; padding: 0px; position: relative; font-size: 1em; line-height: 1.4em;"><div name="slider-block-contaner" id="slider-id94"><a href="http://rozetka.com.ua/faq/#" class="xhr novisited" name="slider-block-active" style="outline: none; border-bottom: 1px dotted; color: rgb(62, 119, 170);">Какие преимущества дает регистрация?</a><div style="margin: 0px; overflow: hidden; height: 0px;"><div class="faq-l-i-answer" name="slider-block-item" style="padding: 0.8em 0px 1em; margin: -156px 0px 0px;"><p style="margin-bottom: 1em; padding: 0px; line-height: 1.4em; font-size: 1em;"><b></b></p><p style="margin-bottom: 1em; padding: 0px; line-height: 1.4em; font-size: 1em;"><br></p><p style="margin-bottom: 1em; padding: 0px; line-height: 1.4em; font-size: 1em;"></p></div></div></div></li><li style="margin: 0px 0px 0.46667em; padding: 0px; position: relative; font-size: 1em; line-height: 1.4em;"><div name="slider-block-contaner" id="slider-id95"><a href="http://rozetka.com.ua/faq/#" class="xhr novisited" name="slider-block-active" style="outline: none; border-bottom: 1px dotted; color: rgb(62, 119, 170);">Как отменить заказ?</a><div style="margin: 0px; overflow: hidden; height: 0px;"><div class="faq-l-i-answer" name="slider-block-item" style="padding: 0.8em 0px 1em; margin: -63px 0px 0px;"><p style="margin-bottom: 1em; padding: 0px; line-height: 1.4em; font-size: 1em;"></p></div></div></div></li><li style="margin: 0px 0px 0.46667em; padding: 0px; position: relative; font-size: 1em; line-height: 1.4em;"><div name="slider-block-contaner" id="slider-id96"><a href="http://rozetka.com.ua/faq/#" class="xhr novisited" name="slider-block-active" style="outline: none; border-bottom: 1px dotted; color: rgb(62, 119, 170);">Что делать, если оплаченный товар не доставлен?</a><div style="margin: 0px; overflow: hidden; height: 0px;"><div class="faq-l-i-answer" name="slider-block-item" style="padding: 0.8em 0px 1em; margin: -84px 0px 0px;"><p style="margin-bottom: 1em; padding: 0px; line-height: 1.4em; font-size: 1em;"></p></div></div></div></li><li style="margin: 0px 0px 0.46667em; padding: 0px; position: relative; font-size: 1em; line-height: 1.4em;"><div name="slider-block-contaner" id="slider-id97"><a href="http://rozetka.com.ua/faq/#" class="xhr novisited" name="slider-block-active" style="outline: none; border-bottom: 1px dotted; color: rgb(62, 119, 170);">Какая гарантия, что после предоплаты заказа я его получу?</a><div style="margin: 0px; overflow: hidden; height: 0px;"><div class="faq-l-i-answer" name="slider-block-item" style="padding: 0.8em 0px 1em; margin: -162px 0px 0px;"><p style="margin-bottom: 1em; padding: 0px; line-height: 1.4em; font-size: 1em;"></p><p style="margin-bottom: 1em; padding: 0px; line-height: 1.4em; font-size: 1em;"></p></div></div></div></li><li style="margin: 0px 0px 0.46667em; padding: 0px; position: relative; font-size: 1em; line-height: 1.4em;"><div name="slider-block-contaner" id="slider-id98"><a href="http://rozetka.com.ua/faq/#" class="xhr novisited" name="slider-block-active" style="outline: none; border-bottom: 1px dotted; color: rgb(62, 119, 170); font-family: Arial, Helvetica, FreeSans, &quot;Liberation Sans&quot;, &quot;Nimbus Sans L&quot;, sans-serif; font-size: 15.0015px; background-color: rgb(255, 255, 255);">Какая гарантия, что отправляемый товар не подменят в пути?<span id="copyinfo" style="font-size: 1em; line-height: 1.4em; position: absolute; overflow: hidden; width: 1px; height: 1px;"><br>Подробнее:&nbsp;</span></a><a href="http://rozetka.com.ua/faq/" style="outline: none; color: rgb(157, 95, 175);">http://rozetka.com.ua/faq/</a><span style="color: rgb(51, 51, 51); font-family: Arial, Helvetica, FreeSans, &quot;Liberation Sans&quot;, &quot;Nimbus Sans L&quot;, sans-serif; font-size: 15.0015px;"></span><div style="color: rgb(51, 51, 51); font-family: Arial, Helvetica, FreeSans, &quot;Liberation Sans&quot;, &quot;Nimbus Sans L&quot;, sans-serif; font-size: 15.0015px; margin: 0px; overflow: hidden; height: 0px;"><div class="faq-l-i-answer" name="slider-block-item" style="padding: 0.8em 0px 1em; margin: -84px 0px 0px;"></div></div></div></li></ul></section></div>', '2016-11-06 20:28:09', '2016-11-27 13:34:02', 1, 1),
(5, 'discount_system', 'Система скидок', '<h1 style="margin-top: 0px; margin-bottom: 0.325em; padding: 0px; letter-spacing: -0.025em; line-height: 1.2em; font-size: 3.07692em; color: rgb(51, 51, 51); font-family: Arial, Helvetica, FreeSans, &quot;Liberation Sans&quot;, &quot;Nimbus Sans L&quot;, sans-serif;">Подарочные сертификаты</h1><div class="text-page" style="font-size: 1.15385em; line-height: 1.4em; max-width: 60em; margin-bottom: 5em; color: rgb(51, 51, 51); font-family: Arial, Helvetica, FreeSans, &quot;Liberation Sans&quot;, &quot;Nimbus Sans L&quot;, sans-serif;"><p style="margin-bottom: 1em; padding: 0px; line-height: 1.4em; font-size: 1em;"><a href="http://rozetka.com.ua/giftcertificate/c90374/" class="novisited" style="outline: none; color: rgb(62, 119, 170);">Подарочный сертификат в виде пластиковой карты</a>&nbsp;— это предварительный платеж, который дает возможность приобретать товары, на сумму эквивалентную его номиналу.</p><br><h4 style="margin: 0px 0px 0.7em; padding: 0px; font-size: 1em; line-height: 1.4em; font-weight: bold;"><span style="font-size: 1em; line-height: 1.4em;">Преимущества подарочных сертификатов</span></h4><p style="margin-bottom: 1em; padding: 0px; line-height: 1.4em; font-size: 1em;">Приобретая подарок , Вы все равно рискуете ошибиться во вкусах, деталях, каких то не раскрытых желаниях человека, которому Вы хотите принести радость. Разумеется, Ваше внимание будет оценено, однако удовольствие от самого подарка будет неполным, а в этом ведь и состоит смысл подарка - радовать и приносить пользу. Даря сертификат, Вы можете быть уверены на 100% — ведь с помощью сертификата человек сможет выбрать именно то, что ему нужно.</p><br><h4 style="margin: 0px 0px 0.7em; padding: 0px; font-size: 1em; line-height: 1.4em; font-weight: bold;"><span style="font-size: 1em; line-height: 1.4em;">Преимущества покупки сертификатов в нашем магазине</span></h4><p style="margin-bottom: 1em; padding: 0px; line-height: 1.4em; font-size: 1em;">Не распыляясь на большое количество текста, просто сухие цифры — это более 75000 наименований товаров, находящихся в наличии на момент написания данного текста. Цифра колеблющаяся в зависимости от сезонного состояния нашего склада и растущая в геометрической прогрессии в связи с открытием новых направлений — музыкальные инструменты,- автотовары, - спортивное питание, - современный дом и все необходимое. Просто вернитесь на главную страницу и еще раз внимательно посмотрите на разделы.</p><p style="margin-bottom: 1em; padding: 0px; line-height: 1.4em; font-size: 1em;">Определившись с номиналом сертификата, просто оформите его заказ по телефону или через интернет и сохраните свое драгоценное время. Все сертификаты Вы приобретаете по номинальной стоимости, равной их стоимости в рознице. Срок действия сертификата указан на обороте пластиковой карточки.</p><br><h4 style="margin: 0px 0px 0.7em; padding: 0px; font-size: 1em; line-height: 1.4em; font-weight: bold;"><span style="font-size: 1em; line-height: 1.4em;">Корпоративным клиентам</span></h4><p style="margin-bottom: 1em; padding: 0px; line-height: 1.4em; font-size: 1em;">С помощью наших сертификатов Вы сможете сделать подарки любому количеству сотрудников и деловых партнеров, включая тех, кто находится в других городах Украины. Широчайшая продуктовая линейка и ценовой диапазон представляемых нами товаров на любой вкус и достаток . К Вашим услугам большой выбор номиналов и категорий сертификатов.</p></div><div style="color: rgb(51, 51, 51); font-family: Arial, Helvetica, FreeSans, &quot;Liberation Sans&quot;, &quot;Nimbus Sans L&quot;, sans-serif; font-size: 13.0013px; text-align: center;"><table width="" align="center" style="margin: 0px; padding: 0px;"><tbody style="margin: 0px; padding: 0px;"><tr style="margin: 0px; padding: 0px;"><td style="margin: 0px; vertical-align: top;"><a href="http://rozetka.com.ua/gift_caertficate50/p90376/" style="outline: none; color: rgb(157, 95, 175);"><img src="http://i.rozetka.ua/pages/0/19.jpg" title="" alt="" border="0" style="margin: 0px; padding: 0px; cursor: pointer;"></a><br></td><td style="margin: 0px; vertical-align: top;"><a href="http://rozetka.com.ua/gift_caertficate500/p90381/" style="outline: none; color: rgb(157, 95, 175);"><img src="http://i.rozetka.ua/pages/0/22.jpg" title="" alt="" border="0" style="margin: 0px; padding: 0px; cursor: pointer;"></a><br></td></tr><tr style="margin: 0px; padding: 0px;"><td style="margin: 0px; vertical-align: top;"><a href="http://rozetka.com.ua/gift_caertficate100/p90379/" style="outline: none; color: rgb(157, 95, 175);"><img src="http://i.rozetka.ua/pages/0/20.jpg" title="" alt="" border="0" style="margin: 0px; padding: 0px; cursor: pointer;"></a><br></td><td style="margin: 0px; vertical-align: top;"><a href="http://rozetka.com.ua/gift_caertficate1000/p90382/" style="outline: none; color: rgb(157, 95, 175);"><img src="http://i.rozetka.ua/pages/0/23.jpg" title="" alt="" border="0" style="margin: 0px; padding: 0px; cursor: pointer;"></a><br></td></tr><tr style="margin: 0px; padding: 0px;"><td style="margin: 0px; vertical-align: top;"><a href="http://rozetka.com.ua/gift_caertficate200/p90380/" style="outline: none; color: rgb(157, 95, 175);"><img src="http://i.rozetka.ua/pages/0/21.jpg" title="" alt="" border="0" style="margin: 0px; padding: 0px; cursor: pointer;"></a><br></td><td style="margin: 0px; vertical-align: top;"><a href="http://rozetka.com.ua/gift_caertficate2000/p90383/" style="outline: none; color: rgb(157, 95, 175);"><img src="http://i.rozetka.ua/pages/0/24.jpg" title="" alt="" border="0" style="margin: 0px; padding: 0px; cursor: pointer;"></a><br></td></tr></tbody></table><br><div class="text-page" style="font-size: 1.15385em; line-height: 1.4em; max-width: 60em; margin-bottom: 5em;"><h4 style="margin: 0px 0px 0.7em; padding: 0px; font-size: 1em; line-height: 1.4em; font-weight: bold; text-align: left;"><span style="font-size: 1em; line-height: 1.4em;">Правила использования подарочного сертификата (далее "сертификат"):</span><br></h4><div style="text-align: left;">1. Подарочный сертификат является сертификатом на предъявителя (не является именным), и любое физическое лицо, предъявившее сертификат, может приобрести с его помощью товар предлагаемый компанией Розетка. Сертификат не распостраняется на товары других продавцов.<br>В случае утраты сертификата, в том числе хищения, сертификат не может быть восстановлен, и денежные средства не могут быть возвращены, в связи с отсутствием персонификации лица, владевшего сертификатом до утраты.<br><br>2. При оплате заказа с помощью сертификата обязательно укажите это на этапе оформления и сообщайте менеджеру при подтверждении заказа. Сертификат должен быть предъявлен и передан сотруднику компании при оплате товара.&nbsp;<br><br>3. Срок действия Сертификата ограничен и составляет 6 месяцев с даты выдачи.<br><br>4. С использованием сертификата возможна единственная покупка. При совершении покупки номинал сертификата списывается целиком. В случае, если стоимость покупки меньше номинала сертификата, разница между стоимостью не возвращается.&nbsp;<br><br>5. При возврате товара, купленного с использованием сертификата, возврат средств осуществляется на новый сертификат аналогичного номинала.<br><br>6. В случае, если стоимость покупки превышает номинал, разница между стоимостью товара и номиналом сертификата оплачивается наличными денежными средствами.<br><br>7. Покупка сертификата возможна только при наличном способе оплаты.<br><br>8. Сертификат не может быть использован для получения наличных денежных средств.<br><br>9. Оплатить товары с помощью сертификата, могут только физические лица. Юридические лица не могут частично или полностью оплатить приобретение товаров сертификатами.<br><br>10. Покупателю следует сохранять чек на покупку сертификата для подтверждения номинала карты в случае повреждения или иных спорных ситуаций.<span id="copyinfo" style="font-size: 1em; line-height: 1.4em; position: absolute; overflow: hidden; width: 1px; height: 1px;"><br>Подробнее:&nbsp;<a href="http://rozetka.com.ua/gift/" style="outline: none; color: rgb(157, 95, 175);">http://rozetka.com.ua/gift/</a></span></div></div></div>', '2016-11-06 20:28:33', '2016-11-27 13:35:12', 1, 1);
INSERT INTO `infopage` (`id`, `code`, `title`, `content`, `createTime`, `updateTime`, `createUserId`, `updateUserId`) VALUES
(6, 'contacts', 'Контакты', '<header class="title-page" style="margin: 0px; padding: 0px; color: rgb(51, 51, 51); font-family: Arial, Helvetica, FreeSans, &quot;Liberation Sans&quot;, &quot;Nimbus Sans L&quot;, sans-serif; font-size: 13.0013px;"><h1 style="margin-top: 0px; margin-bottom: 0.325em; padding: 0px; letter-spacing: -0.025em; line-height: 1.2em; font-size: 3.07692em;">Консультации и заказ по телефонам</h1></header><section class="contacts-box" style="margin: 0px; padding: 0px; position: relative; color: rgb(51, 51, 51); font-family: Arial, Helvetica, FreeSans, &quot;Liberation Sans&quot;, &quot;Nimbus Sans L&quot;, sans-serif; font-size: 13.0013px;"><div class="c-content" style="float: left; max-width: 600px;"><article class="c-i" style="margin: 0px 0px 5em; padding: 0px;"><ul class="c-i-service-l c-i-service" style="margin-right: 0px; margin-bottom: 0px; margin-left: 0px; padding: 0px 2em 0px 0px; line-height: 1em; list-style: none; display: inline-block; border-right: 1px solid rgb(234, 234, 234); width: 318px; min-width: 318px;"><li class="c-i-service-l-i" style="margin: 0px; padding: 0px; font-size: 2.077em; line-height: 1.25926em;">(044) 537-02-22</li><li class="c-i-service-l-i" style="margin: 0px; padding: 0px; font-size: 2.077em; line-height: 1.25926em;">(044) 503-80-80</li><li class="c-i-service-l-i number-three" style="margin: 0.51852em 0px 0px; padding: 0px; font-size: 2.077em; line-height: 1.25926em;">0 800 503-808</li><br><br><li class="c-i-service-l-i c-i-service-comment-small" style="margin: 0px; padding: 0px; font-size: 1em; line-height: 1.25926em; color: rgb(153, 153, 153);"><span class="bold black" style="color: rgb(51, 51, 51); font-weight: bold;">Сантехника и мебель для ванной</span></li><li class="c-i-service-l-i" style="margin: 0px; padding: 0px; font-size: 2.077em; line-height: 1.25926em;">(044) 581-91-91</li><br><li class="c-i-service-l-i c-i-service-comment-small" style="margin: 0px; padding: 0px; font-size: 1em; line-height: 1.25926em; color: rgb(153, 153, 153);">Звонки со стационарных телефонов по Украине - бесплатно</li></ul>&nbsp;<div class="c-i-time" style="display: inline-block; padding: 1em 20px; vertical-align: top; width: 16em;"><p class="c-i-time-head" style="margin-bottom: 0px; padding: 0px; line-height: 1em; font-size: 1em; color: rgb(153, 153, 153); font-weight: bold;">График работы колл-центра</p><div class="c-i-time-period" style="font-size: 1.692em; margin: 0.455em 0px; font-weight: bold;">с 8:00 до 21:00</div><p class="c-i-time-remark" style="margin-bottom: 0px; padding: 0px; line-height: 1.38462em; font-size: 1em; color: rgb(153, 153, 153);">В субботу:<span style="float: right;">с 9:00 до 20:00</span><br>В воскресенье:<span style="float: right;">с 10:00 до 19:00</span></p><br><br></div></article><article class="c-i no-margin" style="margin: 0px; padding: 0px;"><div class="c-i-service" style="display: inline-block; border-right: 1px solid rgb(234, 234, 234); padding-right: 2em; width: 318px; min-width: 318px;"><h2 class="c-i-service-title" style="margin: 0px 0px 0.33333em; padding: 0px; letter-spacing: -0.015em; line-height: 1.29167em; font-size: 2.30769em;">Выставочный зал</h2><p class="c-i-service-map-link" style="margin-top: 0.92308em; margin-bottom: 1.69231em; padding: 0px; line-height: 1em; font-size: 1.154em;"><a href="http://rozetka.com.ua/contacts/#" name="show_contact_map" data-point="all" data-gtm-content="hall" class="xhr novisited" style="outline: none; border-bottom: 1px dotted; color: rgb(62, 119, 170);">г. Киев, ул. Ярославская, 57</a></p></div>&nbsp;<div class="c-i-time" style="display: inline-block; padding: 1em 20px; vertical-align: top; width: 16em;"><p class="c-i-time-head" style="margin-bottom: 0px; padding: 0px; line-height: 1em; font-size: 1em; color: rgb(153, 153, 153); font-weight: bold;">График работы</p><div class="c-i-time-period" style="font-size: 1.692em; margin: 0.455em 0px; font-weight: bold;">с 10:00 до 21:00</div><p class="c-i-time-remark" style="margin-bottom: 0px; padding: 0px; line-height: 1.38462em; font-size: 1em; color: rgb(153, 153, 153);">В субботу:&nbsp;<span style="float: right;">с 10:00 до 19:00</span><br>В воскресенье:<span style="float: right;">с 10:00 до 17:00</span></p><br><br><p class="c-i-service-comment" style="margin-bottom: 0px; padding: 0px; line-height: 1.4em; font-size: 1.154em; color: rgb(251, 63, 76);">В Черную пятницу, 25.11.16, выставочный зал работает<br>до 00.00</p></div></article><p class="c-i-comment" style="margin-top: 1.6em; margin-bottom: 3.86667em; padding: 0px; line-height: 1.26667em; font-size: 1.154em; color: rgb(153, 153, 153);">Так как ассортимент очень широк, мы не можем весь его разместить в выставочном зале.&nbsp;<br>Поэтому желательно согласовывать ваш визит заранее.</p><article class="c-i" style="margin: 0px 0px 5em; padding: 0px;"><div class="c-i-service" style="display: inline-block; border-right: 1px solid rgb(234, 234, 234); padding-right: 2em; width: 318px; min-width: 318px;"><h2 class="c-i-service-title" style="margin: 0px 0px 0.33333em; padding: 0px; letter-spacing: -0.015em; line-height: 1.29167em; font-size: 2.30769em;">Сервисный отдел</h2><p class="c-i-service-map-link" style="margin-top: 0.92308em; margin-bottom: 1.69231em; padding: 0px; line-height: 19px; font-size: 1.154em;"><a href="http://rozetka.com.ua/contacts/#" name="show_contact_map" data-point="bt" data-gtm-content="serviceCenter" class="xhr novisited" style="outline: none; border-bottom: 1px dotted; color: rgb(62, 119, 170);">г. Киев, ул. Кирилловская (Фрунзе), 40</a>,<br>тел.: (044) 502-84-47, (044) 364-83-65.<br><br></p><br><p class="c-i-service-comment" style="margin-bottom: 0px; padding: 0px; line-height: 1.4em; font-size: 1.154em; color: rgb(251, 63, 76);">Обратите внимание, с&nbsp;28&nbsp;марта 2016<br>сервисный отдел в&nbsp;г. Киев находится<br>по&nbsp;новому адресу.</p><br><br><br></div>&nbsp;<div class="c-i-time" style="display: inline-block; padding: 1em 20px; vertical-align: top; width: 16em;"><p class="c-i-time-head" style="margin-bottom: 0px; padding: 0px; line-height: 1em; font-size: 1em; color: rgb(153, 153, 153); font-weight: bold;">График работы<span id="copyinfo" style="position: absolute; overflow: hidden; width: 1px; height: 1px;"><br>Подробнее:&nbsp;<font color="#9d5faf"><span style="outline-color: initial; outline-width: initial;">http://rozetka.com.ua/contacts/</span></font></span></p></div></article></div></section>', '2016-11-06 20:33:19', '2016-11-27 13:35:57', 1, 1),
(7, 'test', 'test', '<p><img src="data:image/jpeg;base64,/9j/4AAQSkZJRgABAgEASABIAAD/4RPXRXhpZgAATU0AKgAAAAgABwESAAMAAAABAAEAAAEaAAUAAAABAAAAYgEbAAUAAAABAAAAagEoAAMAAAABAAIAAAExAAIAAAAbAAAAcgEyAAIAAAAUAAAAjYdpAAQAAAABAAAApAAAANAAAABIAAAAAQAAAEgAAAABQWRvYmUgUGhvdG9zaG9wIENTIFdpbmRvd3MAMjAwNzowODoxNCAxMDowNToyMgAAAAAAA6ABAAMAAAAB//8AAKACAAQAAAABAAAAlqADAAQAAAABAAAAgwAAAAAAAAAGAQMAAwAAAAEABgAAARoABQAAAAEAAAEeARsABQAAAAEAAAEmASgAAwAAAAEAAgAAAgEABAAAAAEAAAEuAgIABAAAAAEAABKhAAAAAAAAAEgAAAABAAAASAAAAAH/2P/gABBKRklGAAECAQBIAEgAAP/tAAxBZG9iZV9DTQAC/+4ADkFkb2JlAGSAAAAAAf/bAIQADAgICAkIDAkJDBELCgsRFQ8MDA8VGBMTFRMTGBEMDAwMDAwRDAwMDAwMDAwMDAwMDAwMDAwMDAwMDAwMDAwMDAENCwsNDg0QDg4QFA4ODhQUDg4ODhQRDAwMDAwREQwMDAwMDBEMDAwMDAwMDAwMDAwMDAwMDAwMDAwMDAwMDAwM/8AAEQgAgwCWAwEiAAIRAQMRAf/dAAQACv/EAT8AAAEFAQEBAQEBAAAAAAAAAAMAAQIEBQYHCAkKCwEAAQUBAQEBAQEAAAAAAAAAAQACAwQFBgcICQoLEAABBAEDAgQCBQcGCAUDDDMBAAIRAwQhEjEFQVFhEyJxgTIGFJGhsUIjJBVSwWIzNHKC0UMHJZJT8OHxY3M1FqKygyZEk1RkRcKjdDYX0lXiZfKzhMPTdePzRieUpIW0lcTU5PSltcXV5fVWZnaGlqa2xtbm9jdHV2d3h5ent8fX5/cRAAICAQIEBAMEBQYHBwYFNQEAAhEDITESBEFRYXEiEwUygZEUobFCI8FS0fAzJGLhcoKSQ1MVY3M08SUGFqKygwcmNcLSRJNUoxdkRVU2dGXi8rOEw9N14/NGlKSFtJXE1OT0pbXF1eX1VmZ2hpamtsbW5vYnN0dXZ3eHl6e3x//aAAwDAQACEQMRAD8AwOl9Kwb8Cm22oOe8GXSddSPFXmdC6X3xx97v/JJ+hR+ysefA/wDVOWgS0DRQ6UNGCUtWh+wujjnGH+c7/wAkg29G6WDDccD5u/8AJK7dftUW2tsHmgQt4j3aY6N0w/4Afe7/AMkn/YnTP9APvd/5JaFTQVN7QApOEVsvBLkno/TQf5gR8Xf+SVynovQi0bsVpP8AWd/5JNcTqq/2p1ekppgriIdJvQPq6R/RG/5z/wDyahd0H6vtEjFaP7T/APyapN6iW91GzqL36TogIIMyp/SOkiYxwPm7/wAkqzumdNB0pH3u/wDJI32jcOUN1mqPCFolLuWH7N6f/oR95/vS/ZnT+9I+8/3qYepG0IEBJke6I9N6f/oR95/vUm9K6ef8CPvP96IHSis4TRVo4j3LGno/S3GHUA/N3/klcr+r3RiNcYf5zv8AySAywscr9N5ICdQRxHuXNy+idKr6jgUsoArvdaLW7na7a97Pzv3klZzrZ6n00+Drv/PaSC7iNb9P+6f/0Mror46ZQPI/9U5W33QFmdKsjp9I8AfylWIfa9rG8uMCfNQhrT3K1t24pVEgyur6X9Q/UaLcy4EO1Da+3zIVnL+oNOycLILXj82zUH5t+in+3KkcMt6eZos1R3kQhZfTc/p1hZlVOrgwH8tP9V49qE7IAEEhEGt10eyPIcBKzLrhug6FaTQy13udA7/BXcbo+DbfUXNDt52ku8xKacgZo4Jy1IoeLzTneCiLT21Xobek4NWr2iPo6AfmpV4XSvVfVXS2WfSMDz/8im+4F33YvnnqubrBhL7SPFemjoOHfVuLGtadTI/Nj/vyxL/q301xc40Co/m/JHjHUK+7E7EaPINsc5Ta4ytnJ6bi16M9scDtoqLqqgeRHihYLHPDOOtaeDCuSrI0CjVWJhup7ALf6Z9UOpZ3vv8A1SnxePcf6tf/AJJIRJLDROwede47kejI7LuD9Q+lemQH2OfEbidJ8dFzXXPqxZ0ges24WVkwBw5PMCAoxI3cjLtnPwD4Ot/89pKrkuP2vD8Q6z/qElH/ABT0/wAH/un/0ee6XH2Gr4H8pV5j9j2uH5pB+5U+lj9Qp+B/KVZIUQ2ak/mPm+n9Mz239PqtZrLAsvqH1qGDlCmxj/ceYkLD+q/WjiWfYrY9Gw6OJ4K0frH0evOZ6s6t13DwU/FYsfVlgbDq4/Wen9TqNTtr2u0cx4/g8LlPrF9TrWv+0dKd+jP0qCeO/scfzVl1ZGTiZTatxbS06SN0f5y6izqobSwh+7QTpr/35MlwkMkDKJ0eT6NiXOyTTkgtfWdrmuGq6urGra+sESK41HeOyzxabs71nDaRAa6OWg7tpV459dbW+0b3HQ/DuqZPqOujcuwG5adRW/37hGgiNA6CiVvw2AyNhf8AScdS793VZbupte/j6RDSZ4nRTJY6sAPLNohxGru49k7kgddE0K1d5+a3Y8ViQyJJ43H6IH9WFgW5LrrW1Ro0ySfH4f2lSvyr6aC2lxEOh4Jl3uO0Q/8AkKDb3NJcNDWI1+PJRyTugPqiIq0/UcIZFDSw7AwcDwK5vH6L1LqOQ5mMP0bDt9Q6Nn/vy6b13OpdW47ZAdICbEz341batuxoMNAHA5n+0liNmpHSkZJERsbur0ToPT+iUC20tuySAHXPjTyrB+ip5/1voxtza2ueW+DTH/ShY3W+pk4jRXad/G0AfjKyum9Os6naDkk7pkO8h+argMQKDTNk2XvukdWszaRcWOaHePKw/rtnteKsUfSnc7XstI3UdH6eXaDYIY09z4Lhs7Ltzcp+Tb9J5mBwB4IzlUfEsWQ9Gjkn9cw/61n/AFCSbJH63if1rP8AqElB1+q3p/g/90//0ue6Y79Rq+B/KVbkKp0wfqVR8j+Uq41jnGGtLj4DVRDZqy+Y+aK640172iT2+K7D6p9Xs6th/Yslh+1VNlxMAFn5roXJ39NzL2+0N9pB2Ejd9y9G+q2Di4HTxY4N+12sBvdAkAfm/wBRSQ2LJCNDXQvMfWDApxd1hAn8VldJdfkaasg6QOR81o/XHq+NZkfZ6yHucY01A8yr/QOnVV1ML3Ak/RGhn8NqryB4jWzbjQiLGqNuI5oJcCAdSIIP+ag5FF20Fj/bOsiYMaLdvpE6ENP7x/uVHLpBdIdAHLjpJ/7+mSjS+Jt55jXU7hYXWBvvgjkj+UiV5AYN4BO8aAan2n9Ii5LWvcXE7xq32/mkfuuCDkwxrWtlo0O4a/SmWg/yPz1EBZZCdFt7dzQW7vU90jsOWuUsbHtfY63e6XAwCNJnwU7GNOwuZLtZZzoPo+0fmuVrEYD+j9SHD83iCfzfb9FqXVV6JmYxJAc4vdOs8T5oeRh2CtzgXNB/OH/knLWppOwCSCIkEGCPJ0Ky3HqNRDoAjXj71MI2xSLwTbXOzvRub7ZhpOk/GV2/R+msZV6zGgwJhcp9YKW4F7Mpo3N3aN8j/WDXLsvql1bFysVoY8F8fR7qTEPVqx5RYsaPEfWL6wX53UA2tpGFWdjQSCC4GHO3NVWQug+unRWW5rLMANFdrt9okAB8rFt6Zn1u2iv1APzq/cFLO7auSOxH1c/IP65if1rP+oSULw/7ZjM2neHPG2NZ2+CSj6/VbWn+D/3T/9PE6Y6p3TKQ9oloMu3EcuPLQj0OpFnudtE8gnt4rNwHWMway0hgcDr3OqlW62yz2e49wTpA/rJgIoeSHomW4zNKtXHQED+KtNzspmI6g2Fu4+7XUgdly92a6pzWvO2APokSURnUxxW50j84wCjaRuGXoOs6pXoQd3udzovRumVb8UQ120DmYn7151XaLLmS4TOpPH9peo9ApH2GsAy2NHaan+S381RwFkhmy9C07XvqkMbP+v78qGK3Hutd69gLnHRsyAPgVr5/Sq8isl7iAO45XK9a6xT0Dp1Zx6G5Pq2Fhe50AeLnfScj7ZB1orBPRsdd6OKsZ99AHs9zwO4+S5nb9orY0EsbJPPA+a2ej/W5vWse/B9PbkbHM2cgz9B7To7a5qpWdHy2NsqLHMdAG75bfoqPJjHEDAbjXzXwnoRI7FFi1vy82qlmr7dN+sQNHwuxr6biY1Jc8gGIJ0knyXOdCxb8K1uYWTVjB8+UhUMr/GJacwtx8dtrKnBkPMbzMP8AT2j27U7HjABJFyvS0TmSQAfTWtPTV2bHuFLg9hOgJM/9JyvUVG0lxbJ8eEDGxMPqOSy0/o7XVteWNM866uW8zEbWzYDx27J0cX2LZTeE+uFBfjvYNzXtEiDM/FYXQ3WY8PrJrLCDIPBXRfXhjWEFztrj+aYII/k/urkBl+m0bXRHaYn4ofp+S8fzZ8XoMnLtsuNz3FzI7HSf6qDZ1BjGS2yD2aRJXP29TYZPvDp7GB8UQ2X2Y4sBG383USYUlsKTJzbXZ+HbuG5jrCHR2LI1SWba5xvpHgXaT32pJt6/X9iH/9TlcO6+3CZQHDZUCZPDQSfh+8kMnGx2k+qXTq1zTBniViXZVzQaA6K9CWDgnzQy6s8zKjA0Cg7OS6s/pPV3tcD73Eif84eSoP6g5xmv2BkbQ0c/eq11TmtaSORI/Kg6geCcp3MDNaLAMhwgGYJ1lezfVO31ej02E/SEho4aPzWr59Bheof4q/rDjii7pmVbF+6aGuPLe7WfytyMYjivwTKRMa7F7f6ydT/Z/TLLGavggLiunus6tjOxsug5GPeZcANRr+a/833La+uBycijawBlLdXOcdD8B+cp/UlljcYi0QSZraRqB+9/J3KOUZSybmIiyAxjivQyJS/Vn6k4XS8x2fUw1ucNrWuO50fyl0OViMc1xgTzKsj2jXlYX1i+sGPgM2us9x0IbGnxU8QduzBI3bY6bgMfi31vjbbLSB4EbVzN/wBSsDpVzsqnE9a1j99LgeDz7m/vLo/q51XHzcXdU9rvIcj+stTIaDWSY2xr3QnG9LryVCVdLfO8LrObiddY20EC4gObxp4fyV6Ix7XtDx3C836vi5FvWi+t7SC72PdDQI/Nn8z/ADV2eJ1BuJgCzOIrFbfc6Z47qLCJRlKJs9WbMYmMSOzx3+MTLpqyxXY8Frmy0GJae4/tLzy7MtLjtf7HEA7T4fFWPrX1dvVet5OVUSaC+Kgf3QsaU6gCT3W8RMQOzq43UQTteGh7dGvIHHxWhj302VGx9gIHLA6BHcrmxun8qcbWu7nxhKlru2XUfaKrRZIlxd5DaksgPr9J2hgRKSbWv1/Yp//V82ua51mknQcfBMMe48McfkVuYzf1WsxyD+UpEmUyOwWmVOOcfMeAPTdDRA7KTemZbuWx81q7oUmvHfhFaZloVdIcBvua9w7MYWgn+06VexmYuNYHXUWVNZq5jbHaDt6z6hU3c7/R/p7VYFuzX88/9Ef+SRWGovYxzQ4tMgTpv/Nc7/i06MkcZ6uhf9dMvGsbi9PwW3ZGgsFu+0Mn/BHfY79P/a9i0ujfW3NrtAycnBxtrh6tOPVLtxP0f1cW+7+2uJzqL4LKHna4zY7u4/H82v8Akf8AbiHjG6lvsYdjdGNB27nH6TnOHua1Gxa8SFPvT85uRjtvx7Gy4QJ4Dv5X9peG9d6/1W3INOSDVbS9wsBndumXbty6HoPXbceo4eQ31KLvpa7S2Pzqo9tddX5rfz1kdZxWZ2SLKsg2ViYdYPf4+4/nJxnUdCt0vVsf4vOoZ1XWXOFhFNjYfPBdI2r036yfWCnAwm1MvFVzo9xabAJ+j6jG+9v+YvNuifZOmzfrfksG5jDoweY/ec1U+qZ+XlXuvs94sPuDdOfz6v3P+EqTYkVqVWL0dfL+uHX2PfZiWYWf6YLbYpZ6jRP5wc2m7aq2b9YMbquG318NrXF21zQ57HMsj2j6Yr/S/wCC9ta5qzHyX2ggltjD7bRoS380+36LlrYTGtrsdcA8vbFrRoDqC2xn7j2uSBASZBpuwmXCXYzi2f55r9r2/wAmyu4We7/rqq2dGuafbx2kjhbTroAeNT9F3n/WQnuESPon8D+6mk2t4y4jum5beGz8CoOxMkc1u+S2S9NKCRMuO2i4Mc0scC4iBHMJLVs+nV8XfkSTev1/Yu4n/9blcVs4VR8j+UqD2laHTqA7pdDvEH/qnIN9UEpgGg8mIlpEJ2nbr37KbmqO1Japp1RGPIfPfXVQhMkpnKcEd+FCVIIKSh5BLu50+SJVWXIdYV7HaE0ypBLXsosqG4KuTGkacgeC2TVuHCq3YIfxofFAZO6gXNJSDi2fgpXUvpftcPgUJPCWU+0/JQmPgeQpAJFqSmEJwCnDURjJKKkFjffT8Xf9SkrN9cW43mX/APUpIVr9f2Lr/J//1+Xwt/2KuPt0Qf5rb6fJ/m59yhbv/wC7n9rauVSUH+Ms+x6M7v8Auz/0VH3f92P+iueSS+1H2PRe7/ux/wBFN7v+H/6K55JL7U/Y9D7v+H/6Kcbv+7H/AEVzqSH2q+x6Vu7/ALtfLarFe/8A7vf2dq5JJAo+x7Uep/5s/wDoJj6n/mz/AOguLSQ+xQ+j1WZv0n7b/wBd2/wVb3f8P/0VzyScPqn7Hofd/wB2P+in93/dj/ornUkvtV9j0Q3f92P+ips3T/2p+W1c0kj9qPsemt3epT/SuXRu2z9H/Bf9/SXMpJfan7H/2f/tGHRQaG90b3Nob3AgMy4wADhCSU0EJQAAAAAAEAAAAAAAAAAAAAAAAAAAAAA4QklNA+0AAAAAABAASAAAAAEAAgBIAAAAAQACOEJJTQQmAAAAAAAOAAAAAAAAAAAAAD+AAAA4QklNBA0AAAAAAAQAAAAeOEJJTQQZAAAAAAAEAAAAHjhCSU0D8wAAAAAACQAAAAAAAAAAAQA4QklNBAoAAAAAAAEAADhCSU0nEAAAAAAACgABAAAAAAAAAAI4QklNA/UAAAAAAEgAL2ZmAAEAbGZmAAYAAAAAAAEAL2ZmAAEAoZmaAAYAAAAAAAEAMgAAAAEAWgAAAAYAAAAAAAEANQAAAAEALQAAAAYAAAAAAAE4QklNA/gAAAAAAHAAAP////////////////////////////8D6AAAAAD/////////////////////////////A+gAAAAA/////////////////////////////wPoAAAAAP////////////////////////////8D6AAAOEJJTQQIAAAAAAAQAAAAAQAAAkAAAAJAAAAAADhCSU0EHgAAAAAABAAAAAA4QklNBBoAAAAAAzsAAAAGAAAAAAAAAAAAAACDAAAAlgAAAAMAYQB2AGEAAAABAAAAAAAAAAAAAAAAAAAAAAAAAAEAAAAAAAAAAAAAAJYAAACDAAAAAAAAAAAAAAAAAAAAAAEAAAAAAAAAAAAAAAAAAAAAAAAAEAAAAAEAAAAAAABudWxsAAAAAgAAAAZib3VuZHNPYmpjAAAAAQAAAAAAAFJjdDEAAAAEAAAAAFRvcCBsb25nAAAAAAAAAABMZWZ0bG9uZwAAAAAAAAAAQnRvbWxvbmcAAACDAAAAAFJnaHRsb25nAAAAlgAAAAZzbGljZXNWbExzAAAAAU9iamMAAAABAAAAAAAFc2xpY2UAAAASAAAAB3NsaWNlSURsb25nAAAAAAAAAAdncm91cElEbG9uZwAAAAAAAAAGb3JpZ2luZW51bQAAAAxFU2xpY2VPcmlnaW4AAAANYXV0b0dlbmVyYXRlZAAAAABUeXBlZW51bQAAAApFU2xpY2VUeXBlAAAAAEltZyAAAAAGYm91bmRzT2JqYwAAAAEAAAAAAABSY3QxAAAABAAAAABUb3AgbG9uZwAAAAAAAAAATGVmdGxvbmcAAAAAAAAAAEJ0b21sb25nAAAAgwAAAABSZ2h0bG9uZwAAAJYAAAADdXJsVEVYVAAAAAEAAAAAAABudWxsVEVYVAAAAAEAAAAAAABNc2dlVEVYVAAAAAEAAAAAAAZhbHRUYWdURVhUAAAAAQAAAAAADmNlbGxUZXh0SXNIVE1MYm9vbAEAAAAIY2VsbFRleHRURVhUAAAAAQAAAAAACWhvcnpBbGlnbmVudW0AAAAPRVNsaWNlSG9yekFsaWduAAAAB2RlZmF1bHQAAAAJdmVydEFsaWduZW51bQAAAA9FU2xpY2VWZXJ0QWxpZ24AAAAHZGVmYXVsdAAAAAtiZ0NvbG9yVHlwZWVudW0AAAARRVNsaWNlQkdDb2xvclR5cGUAAAAATm9uZQAAAAl0b3BPdXRzZXRsb25nAAAAAAAAAApsZWZ0T3V0c2V0bG9uZwAAAAAAAAAMYm90dG9tT3V0c2V0bG9uZwAAAAAAAAALcmlnaHRPdXRzZXRsb25nAAAAAAA4QklNBCgAAAAAAAwAAAABP/AAAAAAAAA4QklNBBEAAAAAAAEBADhCSU0EFAAAAAAABAAAAAE4QklNBAwAAAAAEr0AAAABAAAAlgAAAIMAAAHEAADnTAAAEqEAGAAB/9j/4AAQSkZJRgABAgEASABIAAD/7QAMQWRvYmVfQ00AAv/uAA5BZG9iZQBkgAAAAAH/2wCEAAwICAgJCAwJCQwRCwoLERUPDAwPFRgTExUTExgRDAwMDAwMEQwMDAwMDAwMDAwMDAwMDAwMDAwMDAwMDAwMDAwBDQsLDQ4NEA4OEBQODg4UFA4ODg4UEQwMDAwMEREMDAwMDAwRDAwMDAwMDAwMDAwMDAwMDAwMDAwMDAwMDAwMDP/AABEIAIMAlgMBIgACEQEDEQH/3QAEAAr/xAE/AAABBQEBAQEBAQAAAAAAAAADAAECBAUGBwgJCgsBAAEFAQEBAQEBAAAAAAAAAAEAAgMEBQYHCAkKCxAAAQQBAwIEAgUHBggFAwwzAQACEQMEIRIxBUFRYRMicYEyBhSRobFCIyQVUsFiMzRygtFDByWSU/Dh8WNzNRaisoMmRJNUZEXCo3Q2F9JV4mXys4TD03Xj80YnlKSFtJXE1OT0pbXF1eX1VmZ2hpamtsbW5vY3R1dnd4eXp7fH1+f3EQACAgECBAQDBAUGBwcGBTUBAAIRAyExEgRBUWFxIhMFMoGRFKGxQiPBUtHwMyRi4XKCkkNTFWNzNPElBhaisoMHJjXC0kSTVKMXZEVVNnRl4vKzhMPTdePzRpSkhbSVxNTk9KW1xdXl9VZmdoaWprbG1ub2JzdHV2d3h5ent8f/2gAMAwEAAhEDEQA/AMDpfSsG/ApttqDnvBl0nXUjxV5nQul98cfe7/ySfoUfsrHnwP8A1TloEtA0UOlDRglLVofsLo45xh/nO/8AJINvRulgw3HA+bv/ACSu3X7VFtrbB5oELeI92mOjdMP+AH3u/wDJJ/2J0z/QD73f+SWhU0FTe0AKThFbLwS5J6P00H+YEfF3/klcp6L0ItG7FaT/AFnf+STXE6qv9qdXpKaYK4iHSb0D6ukf0Rv+c/8A8moXdB+r7RIxWj+0/wD8mqTeolvdRs6i9+k6ICCDMqf0jpImMcD5u/8AJKs7pnTQdKR97v8AySN9o3DlDdZqjwhaJS7lh+zen/6Efef70v2Z0/vSPvP96mHqRtCBASZHuiPTen/6Efef71JvSunn/Aj7z/eiB0orOE0VaOI9yxp6P0txh1APzd/5JXK/q90YjXGH+c7/AMkgMsLHK/TeSAnUEcR7lzcvonSq+o4FLKAK73Wi1u52u2vez8795JWc62ep9NPg67/z2kgu4jW/T/un/9DK6K+OmUDyP/VOVt90BZnSrI6fSPAH8pViH2vaxvLjAnzUIa09ytbduKVRIMrq+l/UP1Gi3MuBDtQ2vt8yFZy/qDTsnCyC14/Ns1B+bfop/typHDLenmaLNUd5EIWX03P6dYWZVTq4MB/LT/VePahOyABBIRBrddHsjyHASsy64boOhWk0Mtd7nQO/wV3G6Pg231FzQ7edpLvMSmnIGaOCctSKHi8053goi09tV6G3pODVq9oj6OgH5qVeF0r1X1V0tln0jA8//IpvuBd92L556rm6wYS+0jxXpo6Dh31bixrWnUyPzY/78sS/6t9NcXONAqP5vyR4x1CvuxOxGjyDbHOU2uMrZyem4tejPbHA7aKi6qoHkR4oWCxzwzjrWngwrkqyNAo1ViYbqewC3+mfVDqWd77/ANUp8Xj3H+rX/wCSSESSw0TsHnXuO5HoyOy7g/UPpXpkB9jnxG4nSfHRc11z6sWdIHrNuFlZMAcOTzAgKMSN3Iy7Zz8A+Drf/PaSq5Lj9rw/EOs/6hJR/wAU9P8AB/7p/9Hnulx9hq+B/KVeY/Y9rh+aQfuVPpY/UKfgfylWSFENmpP5j5vp/TM9t/T6rWaywLL6h9ahg5QpsY/3HmJCw/qv1o4ln2K2PRsOjieCtH6x9HrzmerOrddw8FPxWLH1ZYGw6uP1np/U6jU7a9rtHMeP4PC5T6xfU61r/tHSnfoz9Kgnjv7HH81ZdWRk4mU2rcW0tOkjdH+cuos6qG0sIfu0E6a/9+TJcJDJAyidHk+jYlzsk05ILX1na5rhqurqxq2vrBEiuNR3jss8Wm7O9Zw2kQGujloO7aVeOfXW1vtG9x0Pw7qmT6jro3LsBuWnUVv9+4RoIjQOgolb8NgMjYX/AEnHUu/d1WW7qbXv4+kQ0meJ0UyWOrADyzaIcRq7uPZO5IHXRNCtXefmt2PFYkMiSeNx+iB/VhYFuS661tUaNMknx+H9pUr8q+mgtpcRDoeCZd7jtEP/AJCg29zSXDQ1iNfjyUck7oD6oiKtP1HCGRQ0sOwMHA8Cubx+i9S6jkOZjD9Gw7fUOjZ/78um9dzqXVuO2QHSAmxM9+NW2rbsaDDQBwOZ/tJYjZqR0pGSREbG7q9E6D0/olAttLbskgB1z408qwfoqef9b6Mbc2trnlvg0x/0oWN1vqZOI0V2nfxtAH4ysrpvTrOp2g5JO6ZDvIfmq4DECg0zZNl77pHVrM2kXFjmh3jysP67Z7XirFH0p3O17LSN1HR+nl2g2CGNPc+C4bOy7c3Kfk2/SeZgcAeCM5VHxLFkPRo5J/XMP+tZ/wBQkmyR+t4n9az/AKhJQdfqt6f4P/dP/9LnumO/UavgfylW5CqdMH6lUfI/lKuNY5xhrS4+A1UQ2asvmPmiuuNNe9ok9viuw+qfV7OrYf2LJYftVTZcTABZ+a6Fyd/Tcy9vtDfaQdhI3fcvRvqtg4uB08WODftdrAb3QJAH5v8AUUkNiyQjQ10LzH1gwKcXdYQJ/FZXSXX5GmrIOkDkfNaP1x6vjWZH2esh7nGNNQPMq/0Dp1VdTC9wJP0RoZ/Daq8geI1s240IixqjbiOaCXAgHUiCD/moORRdtBY/2zrImDGi3b6ROhDT+8f7lRy6QXSHQBy46Sf+/pko0vibeeY11O4WF1gb74I5I/lIleQGDeATvGgGp9p/SIuS1r3FxO8at9v5pH7rgg5MMa1rZaNDuGv0ploP8j89RAWWQnRbe3c0Fu71PdI7DlrlLGx7X2Ot3ulwMAjSZ8FOxjTsLmS7WWc6D6PtH5rlaxGA/o/Uhw/N4gn832/Ral1VeiZmMSQHOL3TrPE+aHkYdgrc4FzQfzh/5Jy1qaTsAkgiJBBgjydCstx6jUQ6AI14+9TCNsUi8E21zs70bm+2YaTpPxldv0fprGVesxoMCYXKfWCluBezKaNzd2jfI/1g1y7L6pdWxcrFaGPBfH0e6kxD1aseUWLGjxH1i+sF+d1ANraRhVnY0EgguBhztzVVkLoPrp0VluayzADRXa7faJAAfKxbemZ9btor9QD86v3BSzu2rkjsR9XPyD+uYn9az/qElC8P+2YzNp3hzxtjWdvgko+v1W1p/g/90//TxOmOqd0ykPaJaDLtxHLjy0I9DqRZ7nbRPIJ7eKzcB1jMGstIYHA69zqpVutss9nuPcE6QP6yYCKHkh6JluMzSrVx0BA/irTc7KZiOoNhbuPu11IHZcvdmuqc1rztgD6JElEZ1McVudI/OMAo2kbhl6DrOqV6EHd7nc6L0bplW/FENdtA5mJ+9edV2iy5kuEzqTx/aXqPQKR9hrAMtjR2mp/kt/NUcBZIZsvQtO176pDGz/r+/Khitx7rXevYC5x0bMgD4Fa+f0qvIrJe4gDuOVyvWusU9A6dWcehuT6thYXudAHi530nI+2QdaKwT0bHXejirGffQB7Pc8DuPkuZ2/aK2NBLGyTzwPmtno/1ub1rHvwfT25GxzNnIM/Qe06O2uaqVnR8tjbKixzHQBu+W36KjyYxxAwG41818J6ESOxRYtb8vNqpZq+3TfrEDR8Lsa+m4mNSXPIBiCdJJ8lznQsW/CtbmFk1YwfPlIVDK/xiWnMLcfHbaypwZDzG8zD/AE9o9u1Ox4wASRcr0tE5kkAH01rT01dmx7hS4PYToCTP/Scr1FRtJcWyfHhAxsTD6jkstP6O11bXljTPOurlvMxG1s2A8duydHF9i2U3hPrhQX472Dc17RIgzPxWF0N1mPD6yaywgyDwV0X14Y1hBc7a4/mmCCP5P7q5AZfptG10R2mJ+KH6fkvH82fF6DJy7bLjc9xcyOx0n+qg2dQYxktsg9mkSVz9vU2GT7w6exgfFENl9mOLARt/N1EmFJbCkyc212fh27huY6wh0diyNUlm2ucb6R4F2k99qSbev1/Yh//U5XDuvtwmUBw2VAmTw0En4fvJDJxsdpPql06tc0wZ4lYl2Vc0GgOivQlg4J80MurPMyowNAoOzkurP6T1d7XA+9xIn/OHkqD+oOcZr9gZG0NHP3qtdU5rWkjkSPyoOoHgnKdzAzWiwDIcIBmCdZXs31Tt9Xo9NhP0hIaOGj81q+fQYXqH+Kv6w44ou6ZlWxfumhrjy3u1n8rcjGI4r8EykTGuxe3+snU/2f0yyxmr4IC4rp7rOrYzsbLoORj3mXADUa/mv/N9y2vrgcnIo2sAZS3VznHQ/AfnKf1JZY3GItEEma2kagfvfydyjlGUsm5iIsgMY4r0MiUv1Z+pOF0vMdn1MNbnDa1rjudH8pdDlYjHNcYE8yrI9o15WF9YvrBj4DNrrPcdCGxp8VPEHbswSN22Om4DH4t9b422y0geBG1czf8AUrA6Vc7KpxPWtY/fS4Hg8+5v7y6P6udVx83F3VPa7yHI/rLUyGg1kmNsa90JxvS68lQlXS3zvC6zm4nXWNtBAuIDm8aeH8leiMe17Q8dwvN+r4uRb1ovre0gu9j3Q0CPzZ/M/wA1dnidQbiYAsziKxW33OmeO6iwiUZSibPVmzGJjEjs8d/jEy6assV2PBa5stBiWnuP7S88uzLS47X+xxAO0+HxVj619Xb1XreTlVEmgvioH90LGlOoAk91vETEDs6uN1EE7Xhoe3RryBx8VoY99NlRsfYCBywOgR3K5sbp/KnG1ru58YSpa7tl1H2iq0WSJcXeQ2pLID6/SdoYESkm1r9f2Kf/1fNrmudZpJ0HHwTDHuPDHH5FbmM39VrMcg/lKRJlMjsFplTjnHzHgD03Q0QOyk3pmW7lsfNau6FJrx34RWmZaFXSHAb7mvcOzGFoJ/tOlXsZmLjWB11FlTWauY2x2g7es+oVN3O/0f6e1WBbs1/PP/RH/kkVhqL2Mc0OLTIE6b/zXO/4tOjJHGeroX/XTLxrG4vT8Ft2RoLBbvtDJ/wR32O/T/2vYtLo31tza7QMnJwcba4erTj1S7cT9H9XFvu/tric6i+Cyh52uM2O7uPx/Nr/AJH/AG4h4xupb7GHY3RjQdu5x+k5zh7mtRsWvEhT70/ObkY7b8exsuECeA7+V/aXhvXev9VtyDTkg1W0vcLAZ3bpl27cuh6D123HqOHkN9Si76Wu0tj86qPbXXV+a389ZHWcVmdkiyrINlYmHWD3+PuP5ycZ1HQrdL1bH+LzqGdV1lzhYRTY2HzwXSNq9N+sn1gpwMJtTLxVc6PcWmwCfo+oxvvb/mLzbon2Tps3635LBuYw6MHmP3nNVPqmfl5V7r7PeLD7g3Tn8+r9z/hKk2JFalVi9HXy/rh19j32YlmFn+mC22KWeo0T+cHNpu2qtm/WDG6rht9fDa1xdtc0OexzLI9o+mK/0v8AgvbWuasx8l9oIJbYw+20aEt/NPt+i5a2Exra7HXAPL2xa0aA6gtsZ+49rkgQEmQabsJlwl2M4tn+ea/a9v8AJsruFnu/66qtnRrmn28dpI4W066AHjU/Rd5/1kJ7hEj6J/A/uppNreMuI7puW3hs/AqDsTJHNbvktkvTSgkTLjtouDHNLHAuIgRzCS1bPp1fF35Ek3r9f2LuJ//W5XFbOFUfI/lKg9pWh06gO6XQ7xB/6pyDfVBKYBoPJiJaRCdp269+ym5qjtSWqadURjyHz311UITJKZynBHfhQlSCCkoeQS7udPkiVVlyHWFex2hNMqQS17KLKhuCrkxpGnIHgtk1bhwqt2CH8aHxQGTuoFzSUg4tn4KV1L6X7XD4FCTwllPtPyUJj4HkKQCRakphCcApw1EYySipBY330/F3/UpKzfXFuN5l/wD1KSFa/X9i6/yf/9fl8Lf9irj7dEH+a2+nyf5ufcoW7/8Au5/a2rlUlB/jLPsejO7/ALs/9FR93/dj/ornkkvtR9j0Xu/7sf8ARTe7/h/+iueSS+1P2PQ+7/h/+inG7/ux/wBFc6kh9qvselbu/wC7Xy2qxXv/AO739nauSSQKPse1Hqf+bP8A6CY+p/5s/wDoLi0kPsUPo9Vmb9J+2/8AXdv8FW93/D/9Fc8knD6p+x6H3f8Adj/op/d/3Y/6K51JL7VfY9EN3/dj/oqbN0/9qfltXNJI/aj7Hprd3qU/0rl0bts/R/wX/f0lzKSX2p+x/9kAOEJJTQQhAAAAAABTAAAAAQEAAAAPAEEAZABvAGIAZQAgAFAAaABvAHQAbwBzAGgAbwBwAAAAEgBBAGQAbwBiAGUAIABQAGgAbwB0AG8AcwBoAG8AcAAgAEMAUwAAAAEAOEJJTQQGAAAAAAAHAAYBAQABAQD/4RgDaHR0cDovL25zLmFkb2JlLmNvbS94YXAvMS4wLwA8P3hwYWNrZXQgYmVnaW49J++7vycgaWQ9J1c1TTBNcENlaGlIenJlU3pOVGN6a2M5ZCc/Pgo8eDp4bXBtZXRhIHhtbG5zOng9J2Fkb2JlOm5zOm1ldGEvJyB4OnhtcHRrPSdYTVAgdG9vbGtpdCAzLjAtMjgsIGZyYW1ld29yayAxLjYnPgo8cmRmOlJERiB4bWxuczpyZGY9J2h0dHA6Ly93d3cudzMub3JnLzE5OTkvMDIvMjItcmRmLXN5bnRheC1ucyMnIHhtbG5zOmlYPSdodHRwOi8vbnMuYWRvYmUuY29tL2lYLzEuMC8nPgoKIDxyZGY6RGVzY3JpcHRpb24gcmRmOmFib3V0PSd1dWlkOjg2ZDA5NTZkLTRhMzQtMTFkYy05MmI3LWRlYjQ1MGM1ZTM3MScKICB4bWxuczpleGlmPSdodHRwOi8vbnMuYWRvYmUuY29tL2V4aWYvMS4wLyc+CiAgPGV4aWY6Q29sb3JTcGFjZT40Mjk0OTY3Mjk1PC9leGlmOkNvbG9yU3BhY2U+CiAgPGV4aWY6UGl4ZWxYRGltZW5zaW9uPjE1MDwvZXhpZjpQaXhlbFhEaW1lbnNpb24+CiAgPGV4aWY6UGl4ZWxZRGltZW5zaW9uPjEzMTwvZXhpZjpQaXhlbFlEaW1lbnNpb24+CiA8L3JkZjpEZXNjcmlwdGlvbj4KCiA8cmRmOkRlc2NyaXB0aW9uIHJkZjphYm91dD0ndXVpZDo4NmQwOTU2ZC00YTM0LTExZGMtOTJiNy1kZWI0NTBjNWUzNzEnCiAgeG1sbnM6cGRmPSdodHRwOi8vbnMuYWRvYmUuY29tL3BkZi8xLjMvJz4KIDwvcmRmOkRlc2NyaXB0aW9uPgoKIDxyZGY6RGVzY3JpcHRpb24gcmRmOmFib3V0PSd1dWlkOjg2ZDA5NTZkLTRhMzQtMTFkYy05MmI3LWRlYjQ1MGM1ZTM3MScKICB4bWxuczpwaG90b3Nob3A9J2h0dHA6Ly9ucy5hZG9iZS5jb20vcGhvdG9zaG9wLzEuMC8nPgogIDxwaG90b3Nob3A6SGlzdG9yeT48L3Bob3Rvc2hvcDpIaXN0b3J5PgogPC9yZGY6RGVzY3JpcHRpb24+CgogPHJkZjpEZXNjcmlwdGlvbiByZGY6YWJvdXQ9J3V1aWQ6ODZkMDk1NmQtNGEzNC0xMWRjLTkyYjctZGViNDUwYzVlMzcxJwogIHhtbG5zOnRpZmY9J2h0dHA6Ly9ucy5hZG9iZS5jb20vdGlmZi8xLjAvJz4KICA8dGlmZjpPcmllbnRhdGlvbj4xPC90aWZmOk9yaWVudGF0aW9uPgogIDx0aWZmOlhSZXNvbHV0aW9uPjcyLzE8L3RpZmY6WFJlc29sdXRpb24+CiAgPHRpZmY6WVJlc29sdXRpb24+NzIvMTwvdGlmZjpZUmVzb2x1dGlvbj4KICA8dGlmZjpSZXNvbHV0aW9uVW5pdD4yPC90aWZmOlJlc29sdXRpb25Vbml0PgogPC9yZGY6RGVzY3JpcHRpb24+CgogPHJkZjpEZXNjcmlwdGlvbiByZGY6YWJvdXQ9J3V1aWQ6ODZkMDk1NmQtNGEzNC0xMWRjLTkyYjctZGViNDUwYzVlMzcxJwogIHhtbG5zOnhhcD0naHR0cDovL25zLmFkb2JlLmNvbS94YXAvMS4wLyc+CiAgPHhhcDpDcmVhdGVEYXRlPjIwMDctMDgtMTRUMTI6MDA6NTIrMDI6MDA8L3hhcDpDcmVhdGVEYXRlPgogIDx4YXA6TW9kaWZ5RGF0ZT4yMDA3LTA4LTE0VDEwOjA1OjIyKzAyOjAwPC94YXA6TW9kaWZ5RGF0ZT4KICA8eGFwOk1ldGFkYXRhRGF0ZT4yMDA3LTA4LTE0VDEwOjA1OjIyKzAyOjAwPC94YXA6TWV0YWRhdGFEYXRlPgogIDx4YXA6Q3JlYXRvclRvb2w+QWRvYmUgUGhvdG9zaG9wIENTIFdpbmRvd3M8L3hhcDpDcmVhdG9yVG9vbD4KIDwvcmRmOkRlc2NyaXB0aW9uPgoKIDxyZGY6RGVzY3JpcHRpb24gcmRmOmFib3V0PSd1dWlkOjg2ZDA5NTZkLTRhMzQtMTFkYy05MmI3LWRlYjQ1MGM1ZTM3MScKICB4bWxuczp4YXBNTT0naHR0cDovL25zLmFkb2JlLmNvbS94YXAvMS4wL21tLyc+CiAgPHhhcE1NOkRvY3VtZW50SUQ+YWRvYmU6ZG9jaWQ6cGhvdG9zaG9wOjg2ZDA5NTZjLTRhMzQtMTFkYy05MmI3LWRlYjQ1MGM1ZTM3MTwveGFwTU06RG9jdW1lbnRJRD4KIDwvcmRmOkRlc2NyaXB0aW9uPgoKIDxyZGY6RGVzY3JpcHRpb24gcmRmOmFib3V0PSd1dWlkOjg2ZDA5NTZkLTRhMzQtMTFkYy05MmI3LWRlYjQ1MGM1ZTM3MScKICB4bWxuczpkYz0naHR0cDovL3B1cmwub3JnL2RjL2VsZW1lbnRzLzEuMS8nPgogIDxkYzpmb3JtYXQ+aW1hZ2UvanBlZzwvZGM6Zm9ybWF0PgogPC9yZGY6RGVzY3JpcHRpb24+Cgo8L3JkZjpSREY+CjwveDp4bXBtZXRhPgogICAgICAgICAgICAgICAgICAgICAgICAgICAgICAgICAgICAgICAgICAgICAgICAgICAgICAgICAgICAgICAgICAgICAgICAgICAgICAgICAgICAgICAgICAgICAgICAgICAgCiAgICAgICAgICAgICAgICAgICAgICAgICAgICAgICAgICAgICAgICAgICAgICAgICAgICAgICAgICAgICAgICAgICAgICAgICAgICAgICAgICAgICAgICAgICAgICAgICAgICAKICAgICAgICAgICAgICAgICAgICAgICAgICAgICAgICAgICAgICAgICAgICAgICAgICAgICAgICAgICAgICAgICAgICAgICAgICAgICAgICAgICAgICAgICAgICAgICAgICAgIAogICAgICAgICAgICAgICAgICAgICAgICAgICAgICAgICAgICAgICAgICAgICAgICAgICAgICAgICAgICAgICAgICAgICAgICAgICAgICAgICAgICAgICAgICAgICAgICAgICAgCiAgICAgICAgICAgICAgICAgICAgICAgICAgICAgICAgICAgICAgICAgICAgICAgICAgICAgICAgICAgICAgICAgICAgICAgICAgICAgICAgICAgICAgICAgICAgICAgICAgICAKICAgICAgICAgICAgICAgICAgICAgICAgICAgICAgICAgICAgICAgICAgICAgICAgICAgICAgICAgICAgICAgICAgICAgICAgICAgICAgICAgICAgICAgICAgICAgICAgICAgIAogICAgICAgICAgICAgICAgICAgICAgICAgICAgICAgICAgICAgICAgICAgICAgICAgICAgICAgICAgICAgICAgICAgICAgICAgICAgICAgICAgICAgICAgICAgICAgICAgICAgCiAgICAgICAgICAgICAgICAgICAgICAgICAgICAgICAgICAgICAgICAgICAgICAgICAgICAgICAgICAgICAgICAgICAgICAgICAgICAgICAgICAgICAgICAgICAgICAgICAgICAKICAgICAgICAgICAgICAgICAgICAgICAgICAgICAgICAgICAgICAgICAgICAgICAgICAgICAgICAgICAgICAgICAgICAgICAgICAgICAgICAgICAgICAgICAgICAgICAgICAgIAogICAgICAgICAgICAgICAgICAgICAgICAgICAgICAgICAgICAgICAgICAgICAgICAgICAgICAgICAgICAgICAgICAgICAgICAgICAgICAgICAgICAgICAgICAgICAgICAgICAgCiAgICAgICAgICAgICAgICAgICAgICAgICAgICAgICAgICAgICAgICAgICAgICAgICAgICAgICAgICAgICAgICAgICAgICAgICAgICAgICAgICAgICAgICAgICAgICAgICAgICAKICAgICAgICAgICAgICAgICAgICAgICAgICAgICAgICAgICAgICAgICAgICAgICAgICAgICAgICAgICAgICAgICAgICAgICAgICAgICAgICAgICAgICAgICAgICAgICAgICAgIAogICAgICAgICAgICAgICAgICAgICAgICAgICAgICAgICAgICAgICAgICAgICAgICAgICAgICAgICAgICAgICAgICAgICAgICAgICAgICAgICAgICAgICAgICAgICAgICAgICAgCiAgICAgICAgICAgICAgICAgICAgICAgICAgICAgICAgICAgICAgICAgICAgICAgICAgICAgICAgICAgICAgICAgICAgICAgICAgICAgICAgICAgICAgICAgICAgICAgICAgICAKICAgICAgICAgICAgICAgICAgICAgICAgICAgICAgICAgICAgICAgICAgICAgICAgICAgICAgICAgICAgICAgICAgICAgICAgICAgICAgICAgICAgICAgICAgICAgICAgICAgIAogICAgICAgICAgICAgICAgICAgICAgICAgICAgICAgICAgICAgICAgICAgICAgICAgICAgICAgICAgICAgICAgICAgICAgICAgICAgICAgICAgICAgICAgICAgICAgICAgICAgCiAgICAgICAgICAgICAgICAgICAgICAgICAgICAgICAgICAgICAgICAgICAgICAgICAgICAgICAgICAgICAgICAgICAgICAgICAgICAgICAgICAgICAgICAgICAgICAgICAgICAKICAgICAgICAgICAgICAgICAgICAgICAgICAgICAgICAgICAgICAgICAgICAgICAgICAgICAgICAgICAgICAgICAgICAgICAgICAgICAgICAgICAgICAgICAgICAgICAgICAgIAogICAgICAgICAgICAgICAgICAgICAgICAgICAgICAgICAgICAgICAgICAgICAgICAgICAgICAgICAgICAgICAgICAgICAgICAgICAgICAgICAgICAgICAgICAgICAgICAgICAgCiAgICAgICAgICAgICAgICAgICAgICAgICAgICAgICAgICAgICAgICAgICAgICAgICAgICAgICAgICAgICAgICAgICAgICAgICAgICAgICAgICAgICAgICAgICAgICAgICAgICAKICAgICAgICAgICAgICAgICAgICAgICAgICAgICAgICAgICAgICAgICAgICAgICAgICAgICAgICAgICAgICAgICAgICAgICAgICAgICAgICAgICAgICAgICAgICAgICAgICAgIAogICAgICAgICAgICAgICAgICAgICAgICAgICAgICAgICAgICAgICAgICAgICAgICAgICAgICAgICAgICAgICAgICAgICAgICAgICAgICAgICAgICAgICAgICAgICAgICAgICAgCiAgICAgICAgICAgICAgICAgICAgICAgICAgICAgICAgICAgICAgICAgICAgICAgICAgICAgICAgICAgICAgICAgICAgICAgICAgICAgICAgICAgICAgICAgICAgICAgICAgICAKICAgICAgICAgICAgICAgICAgICAgICAgICAgICAgICAgICAgICAgICAgICAgICAgICAgICAgICAgICAgICAgICAgICAgICAgICAgICAgICAgICAgICAgICAgICAgICAgICAgIAogICAgICAgICAgICAgICAgICAgICAgICAgICAgICAgICAgICAgICAgICAgICAgICAgICAgICAgICAgICAgICAgICAgICAgICAgICAgICAgICAgICAgICAgICAgICAgICAgICAgCiAgICAgICAgICAgICAgICAgICAgICAgICAgICAgICAgICAgICAgICAgICAgICAgICAgICAgICAgICAgICAgICAgICAgICAgICAgICAgICAgICAgICAgICAgICAgICAgICAgICAKICAgICAgICAgICAgICAgICAgICAgICAgICAgICAgICAgICAgICAgICAgICAgICAgICAgICAgICAgICAgICAgICAgICAgICAgICAgICAgICAgICAgICAgICAgICAgICAgICAgIAogICAgICAgICAgICAgICAgICAgICAgICAgICAgICAgICAgICAgICAgICAgICAgICAgICAgICAgICAgICAgICAgICAgICAgICAgICAgICAgICAgICAgICAgICAgICAgICAgICAgCiAgICAgICAgICAgICAgICAgICAgICAgICAgICAgICAgICAgICAgICAgICAgICAgICAgICAgICAgICAgICAgICAgICAgICAgICAgICAgICAgICAgICAgICAgICAgICAgICAgICAKICAgICAgICAgICAgICAgICAgICAgICAgICAgICAgICAgICAgICAgICAgICAgICAgICAgICAgICAgICAgICAgICAgICAgICAgICAgICAgICAgICAgICAgICAgICAgICAgICAgIAogICAgICAgICAgICAgICAgICAgICAgICAgICAgICAgICAgICAgICAgICAgICAgICAgICAgICAgICAgICAgICAgICAgICAgICAgICAgICAgICAgICAgICAgICAgICAgICAgICAgCiAgICAgICAgICAgICAgICAgICAgICAgICAgICAgICAgICAgICAgICAgICAgICAgICAgICAgICAgICAgICAgICAgICAgICAgICAgICAgICAgICAgICAgICAgICAgICAgICAgICAKICAgICAgICAgICAgICAgICAgICAgICAgICAgICAgICAgICAgICAgICAgICAgICAgICAgICAgICAgICAgICAgICAgICAgICAgICAgICAgICAgICAgICAgICAgICAgICAgICAgIAogICAgICAgICAgICAgICAgICAgICAgICAgICAgICAgICAgICAgICAgICAgICAgICAgICAgICAgICAgICAgICAgICAgICAgICAgICAgICAgICAgICAgICAgICAgICAgICAgICAgCiAgICAgICAgICAgICAgICAgICAgICAgICAgICAgICAgICAgICAgICAgICAgICAgICAgICAgICAgICAgICAgICAgICAgICAgICAgICAgICAgICAgICAgICAgICAgICAgICAgICAKICAgICAgICAgICAgICAgICAgICAgICAgICAgICAgICAgICAgICAgICAgICAgICAgICAgICAgICAgICAgICAgICAgICAgICAgICAgICAgICAgICAgICAgICAgICAgICAgICAgIAogICAgICAgICAgICAgICAgICAgICAgICAgICAgICAgICAgICAgICAgICAgICAgICAgICAgICAgICAgICAgICAgICAgICAgICAgICAgICAgICAgICAgICAgICAgICAgICAgICAgCiAgICAgICAgICAgICAgICAgICAgICAgICAgICAgICAgICAgICAgICAgICAgICAgICAgICAgICAgICAgICAgICAgICAgICAgICAgICAgICAgICAgICAgICAgICAgICAgICAgICAKICAgICAgICAgICAgICAgICAgICAgICAgICAgICAgICAgICAgICAgICAgICAgICAgICAgICAgICAgICAgICAgICAgICAgICAgICAgICAgICAgICAgICAgICAgICAgICAgICAgIAogICAgICAgICAgICAgICAgICAgICAgICAgICAgICAgICAgICAgICAgICAgICAgICAgICAgICAgICAgICAgICAgICAgICAgICAgICAgICAgICAgICAgICAgICAgICAgICAgICAgCiAgICAgICAgICAgICAgICAgICAgICAgICAgICAgICAgICAgICAgICAgICAgICAgICAgICAgICAKPD94cGFja2V0IGVuZD0ndyc/Pv/uACFBZG9iZQBkQAAAAAEDABADAgMGAAAAAAAAAAAAAAAA/9sAhAACAgICAgICAgICAwICAgMEAwICAwQFBAQEBAQFBgUFBQUFBQYGBwcIBwcGCQkKCgkJDAwMDAwMDAwMDAwMDAwMAQMDAwUEBQkGBgkNCgkKDQ8ODg4ODw8MDAwMDA8PDAwMDAwMDwwMDAwMDAwMDAwMDAwMDAwMDAwMDAwMDAwMDAz/wgARCACDAJYDAREAAhEBAxEB/8QA2QAAAQUBAQEBAQAAAAAAAAAABgQFBwgJAwIBAAoBAAIDAQEAAAAAAAAAAAAAAAIDAQQFAAYQAAEDBAEEAQQCAgMBAAAAAAECAwQAEQUGByESEwgUEDEyIyIzFRZBFwkmEQACAQIEBAMEAwsJBQkAAAABAgMRBAAhEgUxQRMGUSIUYXGBBzIjFZGhscFCUjPTJBY2coKSU4OzhEYXYpM0pLSiY3PDRGTUN0cSAAIBAwEHAgUEAwEAAAAAAAABESExAhAgQVGBsRJCcQMw8GGhIkAyE0ORwYIj/9oADAMBAQIRAxEAAACoeTnSoqs4gkZDk1p6kmttZckVWmxC2sTEbEBrCTCfxQfFc4NAlZEmnIItzqcTCdMN5SGsRDs2nPrEfAAWtK8YbyS3dDWLPi2qUp7VRI2rXPGW5kJXaAhdIh0I2YHgolaxbLbt6K0qgsBHFcg7upl86HGvzkhRbWSbQljuCUQTOq0H8w1sZ9+NW2c8yk+fVHn6bFn7Mo1N60gl8Aj2wir42IM7Pil/nnecW397rVaFmkdWlTnLal45PsZ+5Po9qB12DwSz9xN6uPnfT6BqQctF8LpL1s+o3m9kLIaSbFbVz0XknG/RmCRqzXysv8IeEOOW0Le6diZmbefynXyXMM+P9dKoOZ02nJ8RY5DVj2TolJvT+d5+ixa+qnTu9Qyqx8aJKthJ1g/dntJP0h2NmMfLbsA5+raRBsCXwdQ0Xhq0izWMXOuhnMpJqWw9TPS+Xzf0M+P8jECAsJOZI7Knh21tFq3M/vLb8spbOkRFmdfrbnaA5crOtdshRFjdbONbtPN2va0n9Bh0+vU6vZeHCKoL7PoSmwU2CZ2U008/6raG95/3QutrZj8Sozh6pZ3aSer85HOToSlcqUnMqnzfnPV80OQVbVBHNbltmXbidwc75Xp949zyxcwKDVbDC5MY+c3TK/SirUoaGgy2lypl5ibecxOGreG6nEU1gcl94e4bZETHMn1tP+mW9mvKm5heZ3rmev8AMXEu0o8JdGsDci7z3otm/ceLxdxd3Gm5nu4LmARHas18eLK4uhcwTH6e3et17TYe26aFbRy7k1N0FEConqu/EzzXrNMd/wAv/LultagLtHKul+qwg6E9iH2AVkstYqUr52wFs1iWwVqj/KqwppoTuc8sia1oJsoq9WAEqQNw1vhn5BWVCv5s1ecoWQsoFRE9kBuvs5Pv02rXakcjyMcWjrkhlhDpvdKoOyTBzOXMbq9kylrWyu2FX6xClcOhBzAu/c7dL0sF8cHNNt4fpckiUUkkLuxEnrWZ0sQNMrhcLSKHuM8p73JrFi/oCVqNY1q8C2rMO6bGN3exHx0fjl1ZKqvY+Je3SsYEUoB+k/BT5AlIC5KAvrrMFT4loDdIGtT7GPQh0KHBh9wZ/9oACAECAAEFAGWUFtTSRRbFkAKpMdNKjoFOs9O1VJZcNeBQpDF68CaUyLeK1LTakN9EtJotIotpu0s9t71a9JbKVNgFJRevEKW2KArsrtNEUelKJNOfdDlghV6vR/Jv8QaT9GVmgOijYk0RQVQINdlKFKFOU22aQmwVR/Jv8W0dxRAQinYSDRQpo+eyXZnaVSlqKZJCRMCigqWEyl0iUTSXO4KTcMQioJiNWkQwhKk/ya+yVdpICx3opaLiTAXeW8UKaWVlw2KJCBQPeH5i+9mWUCG25JTFhhoAAUCldZBXY2v82fxtUGQbPpIIm3MmT46yb3ncbeS0lckuFLSCHJPjQLqJQax88paDwSgSvNTf60PvF5S/zZH8DTQupRS81Ou1RkOmvFTyCKWeraSKcuKaF6S2LJCk18ldY9nuM1SV0KX+TH4fem0G4bCBkAHHER0gqSkU8epIu02KdSBTJ6sfZLSSFx01i1XRJaHb41Cl/lGA8RAIBtTjyglX59gUFgiocdlZymCCG2CQG4q5DqcPHjIKEpW02VmQEgQVFKlKKqBpwjyR3AEeQCh1pQNSE2MNHchyE25QZbKHHO9hvEu1DhLZefV5liOy+sMpAyAsphBsAaFxS3P5spugC5BBoIqZG7k45JDGTlfHZgPyO6IpwJbIJds2qcZIqNLdbkIPcMgypchLQSCilClg98VI8YBoKBq9/pHsU5dhx5WNYLCD/Ix2AkSkdxSq1ZSCpS4SV+N1QKquKvenEnyxP671bre1JKKQkCnkpJQ2u7KO2pU9dkSCpSmjXiWaSEFLoSAVJ+guKcP7Iv8AXer0TRPbTL3aVyKRICaRLBMmR3GOpIr5t6U9RkghThJt0vV6c/sjj9VjQom30SetXq9KUE02+Cb1e9J+iVWoKo0sHyRU3ZtRpRJq1BN6KaNKXanXTQetTMwim1hYCaIq1J+3/Dg/YxfspVdaF/ofv1pX2NC1J+7P0H3pN/ov8v/aAAgBAwABBQB10gmQulS3BQmOUl9dedVi+sUl5Vi+oUuUoUZrlCW5RkOUZblfMdozXKM12hMdpuS4USlELLhor6pN6QaFLoLpS6VdR7bUkUaIrrRomkmmj+qZ+Zo/e9qZXegKVXivXgNeGvCaS0RRFqUKNFVXoCmv6pp/YVU1EUul4+i0tsoC1iLgHXQ1iGWkfBQsnFJAVFbSVYlgiRgULqbh3mCttwKbhuLowBTzRaLR/TkP7DUdwFIvQVUHINpDKgULPRlNwtlyiO0toASU3M2S3HMuZ5lEk0SU1McCiyP0z/7KjulBbPTwdGWiqoI8LSh3FtASFPEUGw4o2sFgHIs9zniJUpHZUh3tokksn9U8fsIqMyXV+NTKsegOFyM2khYplVI/kHADSeodNgpRBWAqlRWwiUbFyGpxsimR+mcq7qUFRgRltKU6XFY9pSUuPFVIPRn7JNLWbtKNO08LkrVdtalVObLa2nVKS7DcSWknxJTSBb6MNJ73xZoudqk2JkOuJEDJ97jyQFLdSy0cg7IUSVJdUECJcqyaR40ICaNWF0HparU2bKaUFNyVWWh9SaC1lQSUPOZJu8malxuOgtp8zjaC4ScV1ORcFib/AEI6oT0KLBItRUL4+V2qyBHnxkT5D2RisoqUUKLt7MXIi/HVTmPbdjOApOLfS2y68pav+KKLFBsL1b6vk92FkttHLSQ85ftp1fdTK+2rdcbPSlmU6Ctu4R9PtRPVP4laRSpDYozGxXzUGu/vDY7Q4tNnVXpmMkU82lIQsWK0mljqZKUUmcg0mY2a+Q2aK00vrSxaj1opoopCymmnwaLqTS1CmnUpC3wShaRXnSKdfKqsTSU0E0kUPxX91mj9CKtX2oG1XvSlWpC71er0RQT9Umh+Dy7KJoqq9E0LfQ0o9CeoNChRomr/AECrUhX8F/c2pVrULV0oWrpRpVrppNq6UbV0+goWoW7f/9oACAEBAAEFAOMOKtJ2LQ4nBXF6kjg3iFFZXhvi9l1rhrjRwHhTjUU5w/xs05iOFeDX48bgT13dRl+COAIrM3iPiVBk8accNu/9a8fkjjLQUlfG/H4UzxVx84nEcPcYyXMf6+8Nvo27hPizG8hcEhr/AKqcdZQnMZsxjHy0bJtYyOhdS2W20Zh1SUnaZWPLHIio4n8jTJtJ2IyEvzwpTc7qrJos0+XaiqPih5FyFIxGbcW3u2TC+S+GJni4zmZkNIyuXMpzFuraXgchZc1SFNbBIQhOXy7PmekqunJuGhlJUev9laIj5J6QGHne7G97pZHibmSlF/CZ7tG2ZIL3vi3IBnQUol5iZxj6I/5KNtnoNhhB2zjXfeMsjJ2BpppluHl3tb4g0fMZyPxPo2KTj9M4tVk2+B9P2HGZv1x45fXs3G+q4+pGJxjLuNxzRc4y9ROR9/CvQ/ioY7nH1hyPDTexyHlbVxilP+kQpghSuMt8j5/QOQPaZrj7Z8BzLoPK2L9h/TvJR5nDepZmXsuL1yBElZVw+WDM06A1L3OP8LKbI9mspyLpiNkwWvcMck8l7DwjwPx7wNgd+9vcFq44h5XyG+Yj3Y3yNLTsax/t/GLYOiON2Hq7zO9p8/2L4eg8gQcZsWy6bs8/lNETDM5NWa3he+Y7FsP8mx585S4MuDmtmzmEwTGdkxXjmnpOH1HfJ2r47m7kxa9U4447yPKuUczGE4T493bbMpve0bE3/wDW8avpToweQoZrNOYSD6oct5DmXT/YHRMPqSeKJOb2YxtVkxWc9gssGIjEjBVj9gbx6Ezoxf1zX8rOyMPXXFL2HTsi3AYyciVvHDvGsKBivYfn/Pb7yCHkqGxOpO3caNBOlR4kmSvNcb7fnYvqzo2scd8e+4fLmt5DYeAuPcXj8Xm8M2p3asQ28/ssdia9sRRBYnw4zqdShsuJw2IX8JjA413E+wOHj8e5v1K5Y1fa9Y9z+F4mV3TJ8Zb5jJGdTMVuXGUjFyuNMG/hm58LKa5CMfetnh6inBSMpyhxljPn6vlZczEjWI+BzOT5y4faxOtCMdix2rQZm47lj+ONS1TEQcj/AI+bg8W5lle3+EdnYDg9+drh2LbcnkcvkOQYUSHsm55R/fdFeyEPR8dJyuQn5rdJOHkQ+SkGoOSRkc1wJh2jo++8W47ZIHM/L+I9dOO+IPbiNznr2Q4g2yFG4J1bN6Nk9o/9EMq7uGtanp/JexQ9UjYyH7vxI0NxvazjGMnyXCeSvIZ7Ka7k5D683p+ZzeW0tvYta1yNssmC6Ze/vyXdC3SOzkPU/KKy3EHsdyWeNeMePZM/mHXfWj0o0riPb9n1OJKj8a6LEnavm/SzReIsxpXM26afzpFmsTmP/RDbsRhtrzW45R2RrfIyHVa9nsLkMZkMvgf89l9py8dl6TjlpzGNlRYwLiUtuKSr/wArvYXXmsF7gr2TYsH6TQcixrSFfEa9iOf9f45g+uXKmu75q+fZQqBy3rGxZbmrVN/j6doftZy6xzBzWF9qkecON+Bh9mVBVjcyy/IyLWAzDwXr24zmo/Ge1v1iuI32ka1E1jVZ2b9zts1ifwz7abrjstN3mLseu86898q5jYf/ADy5B3jFcy+yHsFhuPdL2v3C59x8zc/YDXeX9QkaTDzreS4dzUd1/jja4xf1HZkBjBZdqDrbCU6w6pfd5uymZiQprKKgmE5jVzd4wmeSjWlZjCxuCec8trWN5k1mJvuycKf6lxgeUN72vbs5kdf2OfldMhMR8fKzHYmZKb8S5VyVFVT1H5mrRlL0uXHWlS0KtGV4FMLUFwpq2ZfeDTa21UzLdSrGY5cpU/Bz8Sl10NhTvVqUtgpePhS6psqQLttqVWRjqE7jvBty+Mc1i/Ct+L18FqDPaFJtSVGmxUFpJOAjNdr2K+Q1l9HRLrM4ibhpRPcUIBpbBpEYkxIfevNY7symm/L/ANLyXy7ufJur5Fz8ij8ih8i6PkXj/JvjvmU18/tc+ffb/mWHyLj5FH5FJ+TUT5Pfk/k/5L//2gAIAQICBj8ATarsWLH46X0rt2EJa01qW+DOiFsRs1+ChCXE/N1+h+NCut4UlZHCqibDnYnKhVDyToLRPgLJbyDid3tunA7WoZJUtzG0RwGmTgoXE4viVKCx4mPMWn8b5Mk7dxKYmKldKseOLJ0Xt2gmRreSzuZjzFoijKXIk/IUOhTWhW5KFIsjsTtpjzFrCsQRNdj00ZVkkogneyxjzEU0grxJg4Ee5lVn8ntuYHIvbXkfm7DeDoS0droSS9MOfQS1lkslldx2YQP2rtqEyBe5kv2iapFUmVuluIRD0vpi/UTLDWlLikbV3YhS36H/AKpJ7tPUbxX47o/2LJzDuiUJboKaUuYr1FstIxVsVvK307mSiGSnEiWW4exjz6C2KyVUFMZZDiBpixSSghseRMJlES1zKa4c+gtj69BIhaQ/8lKnc76v55kk7tcefQXzv/RY8xP5v8SVtYc+h58rH9h5nkeR5nkeRvNx4nib+R5nmeR5HmY/v3+vI//aAAgBAwIGPwCEXLly5cuXLlyjLly5cuQn0L9DLKaqOo/0WfLqPbp8PPl1HpLKMqhQmLLJwVUshITe8iJJPxoUXcQ002VoijKmfLqPShOnbmofFE4uU9KUJmYK7yW7iIydeBMQvm+ldPc5dR6Rx0kgeKLk6J5LV58SpTSWe5/z1HokdrIZKIRXSNIZ9CGOLjO/T3OXUZCR3tDyyud1tjhrOvayqH7asWn0M1FaddhNiePDSZJwVEdme/R5uyKIXdRlBNEMhaTsIpUZQlz6C9yyVTuH7eO8clLFSlSNqSh2uzHAk7E2Ql7bf10kSbhu8jWN1ZkGWW8beqFspsbdWU0hEMkaamBvES2EVLl9ITKNF4Jq2SS3MlBLcUlEyVddbkzTZppXSVrTSEV2Htz8R/o8uRu5nieJ4HgeP3PE8fueB/Wf1ngeP3PE8fueB4HiP9p//9oACAEBAQY/AO3d53Tt+O83C+ima5uWlmUuVnkQZLIBwUDIY+u7Rhb29e5/FLgB+zIDXKpubr8U2Atv2hCi+PXuT+GXAP7qw+36+4/W4r+6cNP/AB7n9bhS3asPTJFQZrjh/vcRtc9jW8klBqJu7wV+5OMAt8vrVmP/AL2+/wDkYZ4ewbaMqKj9svT+G4xIYe0beMVOj9ouT+GXBVO2oFFf66f9ZgAdtw58+tP+sx5+3YWHI9Wf9ZgBe24f97P+swGPbkRHh1Z6f3mAk/a0D/29wPwS4Uy9lQE8z6m7H/nY+UmzWPakMG19yXW9x73ai4uSJ1tNuaeEFmlJGmQavKR7cdn6qVMFx/1U2CUpUDjjiBThijMFkwFyqvHHDLlhwqilOeOm0pCjgRyxXrn31xoD/V88+OKFwPEYrqqeeB5sBQATXPGoccUB5cMJnSp4nEZJHCvHHyTlr+hu+4D/AEtqcY7UjLU0wz0H+Jlwx10y8cFQa0OA4JzOFVjx44JBrUccSac6Vyw8buEcfknLBMaO2WrIE5eOCFV3INCqgk1+GC5glCKKsxVqe+tMA9Tj7ceXVpPPArWo54AANcVI4YqDSmFjL6dPtx8p5tWUN1vRr/K25hjtyGv0IZh92eQ4tbC3IV7uVYY3c0UFzQVPIZ4t91737ijmhulV47TbWZSisKhtbpQnxUrQjgw446vYfd01puMRYm13VepBKDmoDxjUhByrnl7eL2fd3b9ztQSTRBuGnqWk/MGKdKo1RyrXxGNDzoCQMiw5403F0IE1Ay0zKrzbGxvcWsV224Si3lluSQBqTWCFGWfLBe9tYSnms1McMVEa2UKSTTgTkDjc9q2/ty2M+3A+tlWGPyahI1WoKEsY8qe/Hq3260tbedRJKkkQYi3EepAFUDzOaKBi7upO1YdncPSyZmpqCswBKgnSak1rmDlhksj6VkLKiZBGKUJFTwoDhlW5jCBtPUJAB9mFS2YXErkLHHH5mJPAADOuEvt+Udi7CSClzuEZa6nB/qrYEED/AGnI9lcSQpuO6XW4dIIt5PPpUuBm7JGoNCcyqkZZVGZI3m27jt912mebRbwMrR3FCf6JplkDj5dAg647ndNPxsWGO32Jz6Un99Ji1u46hrWZJVKnSfIwOR+GNg3WyIdZrGMuoYEhgoDKT7Dxpi22TcdsvwLqT9MsRkjUUJoDka0HGlMXG0Xa2u42tyoS727cIWVWBOVUuEUHPgRXD9y/KK9rtUms3fa80tWiBJdTDI7EFAcqHNR40xcbJ3RBLZbhtbm3vrO5RtY8wGYGXCulhl7aY2mNrZZI9oWJRKgCtIEYrobTQHTlnxpi222/DX3qoBGqxoUaMLGkpRwrZ1K+VvFs8SNJCu33G5HVdXrASTXB4RguABQKCGrzyxuEW2xJMm3dDrSSgCJrmQlo40JoToVCTpFB4jLFptXpiqWU4kkkegVXzBXRUVCiStK5UrxxZzWbrt8dglTBEoJCuzVFOJZlAzJyOLyx7XgK7VYzG3G7TN0rfqg0YKzfTK081OFPEgYTdd3uLbfu7JYUjvO473RRCCSUt0cnp5tmfpHx5Yubfa7W8vp7PysIrWQIQONHkVAeGVMQ70+23NlHcgEJORqrQfmlgQQa5Y2HtONyboP6u70vTSgqEDKDnU14gY+XTZZXO6f9C2O3mP8AVS/38mKg5csfuLvDRDYd3m1W97I7KYJG/JArQhifCuF3Xqsr2o6q3MDZmLiQCCM2PA1xa7Ubuay2O1uAInljW6aKoo1BLkS1PbTG3yxbmb7TCi3KiFQ7KaHS1C44H24bfbmM2zxCNLO+MYXr20T9UROBQZcjThqGLJTZQteXs/7NKCwGpKnWKj6XA0NK8MZwD9ruI7aWdHKiIzaVoVJowqxpXh4ZYjjj3OfbmtImjuZoEEtzpGtdEOvWpIDcSMhnyOJoNmu5U6VyE3KKaVZZ2a6kEaIkwABWJDRqDM1IyGc91CQkm0o0dJtRLKrqwd6AmuokEDMnLF9t9062fWgS4W5RCWIFGqRSh8qjnnXFts4tH2+2icpYwRxgCONmLu7NpqWevmqfHFqm273M1/Qx+iSCBgTxKur6iAa8afHFu/czytdpOrxXZY0CpTTFSoypkPDLLLD3LPFD6C36e12Lsau6r5UpUGlRxxuvc+7MoutxlLrCldEaVJVFqSaDHy7WuZud0/6FsdvrWlIpf7+TABOHvYIzLcKQsAUgHWeHH24fsPujb7j98djterdTTrFCj2JOmKRUU1bhTJcsqnPF7uM0MYnDEq9VVx4kAkV9xx0gsm2pFMRD0Eqs6fnKrgKT7Bi4e7R4lciR4mjeORTwqkdKV1fmkgg4SWz3HVb9X6xXi1mKRUJRkZR5TUgfRqPvYv4dxmu92htkF/0ZI9LSvGSVAkFc6GoHGmFvY0kddzjrHFGzPJW2et0xUkcB9I8wSOeVrHJam7G8Kbs3EbHTHGfPE7EeU1C5VHP4Yu91G4XolvEkWO2mh0xvIH1KWQHIhqEV5YgS5vJb65d6SPIPIs7ebzgKaDP87F7cxS3NskjFmuo1UKWpQK0smZ5mijA2XfLMC0EipZyTgqZvFnZ+XsBwd6sLSOQQRdYQjyqQorQEA8h4YS32+0uIPl/tUj2NpC7wtE91HI0ckqyRswahyBrQjOgwDUcK4+XhrktzudfjZNjYnKhiYpMvAdZ8dO0tJLqU/QihUu33sfstvaq1tLFIu2PcRrdtRhU9OpoB4Eg4g3S6htR3rv1jDN3RfhIw8UUagLFqUFljBBNC2ZqcDt3bbhNzub2fpakpJHECQC7hSWUDxP3Mbe93dRyTzKGtY2ZH1qvsVBGaciGB9mFMM0drMylReyCtCD5S0arRqZjP7uDJHdm3giZllu31RiSQU+ip/SryoBT2nEly8j7jEGe2BtuFvKgGkxyoQUJBy11AOXPFlBamS3gDRut/AVdm9SZNcKOASFjZdci8GOlcbfJdbfruGaVZNvUhtKQArGyxJQFJCSyLWgJz4YO2fayx3EKgvbM4Uo8gU9PVFmkdTTgScQw+omimg0dSKSN1jnTTkEkVSCpP5VannTEsV1oghEVZCuiimubjItUn2k4sO7LeP1dut0vTswCWaJ83KrIiOSOJZmoOQxaw2O4Ry3wiDmxLK0g0gVWgpmPAjLG2bl8vI7S32vfbtr3uC3LxxRQXpdQ7AKoZR5TqUqc8PbxbK27xxgabvbWWeNgRUUAo1aciuOxrP0s3rUu9wj9Hobq6zaMNOila+ymO2YbyxhD2kE3UuxdPH+luZAuuNDSuVM+WEW6u1tYDIAs0U0y00cQ+dNI51wI9qbr3c6FEkgjJqSKqC/0svfni87fl3ee2a+kpdqJSZ5IkIoisCfKedPDG1Ujnima9rfXK1kIQVJDFlYigHGmLYpaXQt4YlVJFlCtLpy1FGzBpzJxNFZ2YcBjVdTDQAatWcuQeJ4H4HF4u/wC7xSXlzIwisesXhRCfKpRyygCtCcqnPG59wdvRxn7NHqNyt41AWVcwwUoRwBHHjjb7WF5bG0aZ5wmsBUShILFypIBWhqCMdv7HYos17vZVF3RQ7IqQ+SdkFc1NDw+OHub2RIJinTuJQEWaSUjimkA1IpwxdJsV2m5WMkyNHHNNJ1VOes1lkpRvzeA5Ye4mtGkdgCXVjEwrnpZakMBnwOL+wRLy2vrKMywJFL1DN5hqLkkasvEZcsR7htzzbVJYyxyGaF2XpyKa+cAUoQM8T75fXMl3YtHqcRSgqXIqWWPWBQHKtMCa23lklb9HaTRB31AUOnIgnPgPDHy33Vr6A3ljebrIl0sJVgkm3spLtSrHTkPDG0TQTxWMNwkq9RgOrKVkY+UgM2kezKtcKtkGuZdRNxGzhkVEIb6MhpTIe3Frb39w9rohTy2jxCSRTmv0ValPZh4duvLoSR+b10xSN1UDxIyHsGNtL3kKSmVepcSeaMgn6UpAYfDOvvxtSQzNLbdNWjvWVFDuy1bpxLUIqngDmeOJpLy/kgihWvXTyuFAPkqvEc6Y2eXtvtS17v8AtvdJNvl3C6vDFFDSrSTSrpkkahyAUHPHdnYP2QbbuVtuubB9uK645g4YQXEL6UkKSIpIDKGUihAxuu1S7Xc2N4YoofWKCR5Y+lVIyWC56Swrnx44tu9325n2Ts6G/wCuzKWKdaOrZk1y01GVM+OLi37d7Qs9+27Y7tLJY9wlMP2hOZCs5tmhQpHooFQtm2Nu3aYfZG83m1W17Pt1tKzgCUB11yLpqQSR8MCzjnakS0WJQNIFOGn355YiknuxbXTkhrOTTIk0Y0hWiqNSN7OBPPEa2140YQFHhEghZ6VY69VQTl8cSSM1/Fcs+XRk0xrlm9Ap58qUxBuEMkAtwp9MzSRa3KHVWpGqppjtiLUS0FxdkIZCQHa2JNDXIUpjb+3ob5DZbJA7rJLUw2SSSOx1hVQAsXqSzGg9mWJ5Pt97tnZntL20kWFyzeTWuYoCKkLlUUrTC7ke4ftC2voHJ3C4nkVXAVgP0qLVgFFADx54V9rUbfHtyxizitYVo/mII8+pudSc64ij7lvoDFHOJ3ikdWcuw1eZRQVoOFcvZjt7cZJ1Y3sIeG1jZdFtCMooQAaAhaEilc88bvulgWkvkjdbfSQAGYEVavEVxf8AaneHak/dfa/c1w0l3DHHWSGrBtUc4LaDrHDysOOL35h7Vtkm13VxEbextrqU3E4iZSGaRm5muXsxdTCOMXDVkeThmASCfbnjujbrsR+m3xpreaNQCNDoYyOVRQ092Lzu/Yvl0O494sL9r7tu/hlYiORmLq0sOas6nmRjbLfeIJ4Yt/ljgurVlENIyaKgAro0tyOZHhXEF6jZvEpK1plSvMA4ttu3LcYbi1urZprOF2RntJ1060pUsokBDcuGQxcNb7m3orudIbl7V1agTgWVxnlwJyPjhre7itItwtFZLPcJ4UYqmqtA4GRJNfYMPuF7u8LwQuwuNvjuAqaFrrcGgoAaGlKHGwbtFupeHrXElydQKonp2VedASfKRwpTliXYIr14tpYRyS2CEhJXZQSzqDRuHPC60lMiqfNlTgKeP4cWks8DUuI1eBmYN5WUOtAK8VYHGqmhSaZHPGpfpA1DU4e7HcXyr7s31o+4TdLP2xa3LhurbsDrjgFSzPrJZiRw54FtZW9vYbFbMHu7m7mHTlUeZVRAGeRsgaKPvYli3iMW80kvU2qwniJljjrTqLUAor04KxHD24UvQsANYXw93HDWt1uv7VI4SWK1KEpwIVyxFD7OOBd7PuNpcq7AGGJqzR5Z9ZeTfexNK+hrYI3WUqrgrzrqIB+OH3DbNytpoZLwHbtyuhDBFG0bH6rWrM0ZUii0QLT7uE3Pv+eDaItnta3d71VlXSgGp/LXUtCDUfgx3x3XtFzNL27PftHsUMzBtNumVBQ00ltTLzFceXytUU9+NKgEE1ehyI9uAWaVxQiVY8gQeK1rwxdssMggj6ayJqzJIoD93DrGryBY46KiFvyB4DH1W2Xjg8CIH/GMW0J2q7MdqnTg1AJQH3kYq9msXgrSLU/dIGPWb5Y7nexLTRtu3S2sUkxrQr1JGfQB4hWPIDwS43ztPddhtdu0y3Vhb7vcAwRq1Ea9ms0tUDyN5Vi0zysctKjFn2p8tvlTY7/3SFiTerfe2vd4jsGcKws3W4u5F9UKAPpcKgqukmtIIu6+9flj2etlcxHfe2u2dm6t16iSSjRt9mJdBnrUFmkAy9hxY7/21vFoJbyNo4HlYFEuAp8sgDHSyPxWtQK4uNi7rt32Le+3L+5i3WOXUbk3LS65BJ1KEZ8MuHDLF5cLu8sGw7ra9Hc+ux6M05kQx5Hykquo8PDFrs9n3Vb7Nvt70Ab2Wzk3JLcTEiNrmCEtKisRXV02XLF/ufZe9fLj5qNtkEltvgTt+wG5W0Sy0BmSSGzu2Tk1VouLX94flvbWd3JdLaXdrDeXtlc7fuQT6tGZrpIVNyoZoWKRq9GUuhzwzXHZl5cWrSkHuO23JoL62Ykgx3drfJcNrBByaZlP5D4cWrK8dSYXkljOpK+U+XTSo5cjlglLNZ6Gn1cq1I9xOAJNluRTJjGoavvoTi+tpNsukuLl4hBC0TBnKEs2kc6DM42mYRqGeJ9TgCp+scZnicUrgYXU1EGbU40HhjXWl+60FP8A0yEUAX/bI/o/yuG12dzaJdSWs63EMBchDf8AGOaUilRCaAKOJBzoTi4sdg3B1trl2fdr1WKy3jksWGsUZISWPkB8588mpjk4stumWxtisG32UUhtTdXTqRJNJIhV0QLlkwpXiSKibsnuWzXeO29/0i8+ta1a3CLXq2mgBLeG3H0EVavzGZLQ7ltPdtxvG1xdRYbvdYVF+FUlwsjkVcAZA14cMXG+/X9z927Zbm42vb5m6FlGVI1Oij6bxg6gpFDTF/v25B9xTeJi17Das0A0uNLXFkxJaHUKdSHVpJo3mKhljmikntt2sZmNrv0R6Ms8B/RuDGQUenGmWfKhrvM+9wx30l9ZrFvtggWJJisqPFdQAKVikR1BYAaSc6DU1YryFg8+j096zCqzACimReepRRh4rqrU46kJJtnYlA1S0MlKmNjzBAyPP3g4yyxWvxxsJ/764/uDjY5APpQyUPulfDGlMebjjqrnMp+qrmFP52eRI5YVqmuupJ8a4aXXSQCSkh5Eq1fieGDXNWzoc8BZBWMChUDkOQ9+JLlQBLODCAAKLHSlAKe38eMxXVzPjgXUBqGBrQAkVFMPAyARB+rClK6CcyPca4JOZqSCfbniQqaFkYMp4FSM1+OLkE0DFKe+p/FXDCmpHGmWM8GXj90cQeWKqSy1yJ4/HAx26tPpz3VD7oCcdr3TCpeCfL3XEow/lywcuGOGM8sHGmvwxTwwoI54SgzONJSopw44OhDFJ+TIuGtruMqeMclPKw8RjjXxwccs8DlhRTnjstdOU89/l/JtCcbL0/8AVHp9KXT9iek+yv0r/wDDdTz0/Or+VXD1/wBRv8V6Svxpg/xh/O9Pj/Nfx9PgfxX8fT4/zT8fT4P8UfD09cf5u/m+nwP43/s/TYWn+qH+F9J+PA/+6+H5PoKY/wD2r+d6DFvr/wBR+Jp9tek/7GjB/ij/AJfH+avh6fC/xX/y+B/Fv830+BT99f7H01fv47Z1fv1q6l3o9V6brf8ADmvo6Zav6zV+Rwx//9k=" data-filename="ava.jpg" style="width: 150px;"></p><p>фывапфывп</p><p><br></p><table class="table table-bordered"><tbody><tr><td>фывп</td><td><br></td><td><br></td><td><br></td><td><br></td></tr><tr><td>фып</td><td><br></td><td><br></td><td>фывп</td><td><br></td></tr><tr><td><br></td><td><br></td><td>фывп</td><td><br></td><td><br></td></tr><tr><td><br></td><td>фывп</td><td><br></td><td><br></td><td><br></td></tr><tr><td><br></td><td><br></td><td><br></td><td><br></td><td>фыпв</td></tr></tbody></table><p><br></p>', '2016-12-11 09:29:49', '2016-12-11 09:41:14', 6, 6);

-- --------------------------------------------------------

--
-- Структура таблицы `news`
--

CREATE TABLE IF NOT EXISTS `news` (
  `id` int(10) unsigned NOT NULL,
  `title` varchar(255) NOT NULL,
  `shortContent` text NOT NULL,
  `content` longtext NOT NULL,
  `imageFileName` varchar(255) DEFAULT NULL,
  `formatedShortContent` text,
  `formatedContent` longtext,
  `isActive` tinyint(1) NOT NULL DEFAULT '0',
  `publishTime` timestamp NULL DEFAULT NULL,
  `createTime` timestamp NOT NULL DEFAULT CURRENT_TIMESTAMP,
  `updateTime` timestamp NULL DEFAULT NULL,
  `createUserId` int(10) unsigned NOT NULL,
  `updateUserId` int(10) unsigned DEFAULT NULL
) ENGINE=InnoDB AUTO_INCREMENT=6 DEFAULT CHARSET=utf8;

--
-- Дамп данных таблицы `news`
--

INSERT INTO `news` (`id`, `title`, `shortContent`, `content`, `imageFileName`, `formatedShortContent`, `formatedContent`, `isActive`, `publishTime`, `createTime`, `updateTime`, `createUserId`, `updateUserId`) VALUES
(4, 'Предзаказ. Мордобой, Скотт, Велес, Орда, Ассассины', 'Внимание-внимание! Сегодня мы открываем целых 5 предзаказов!\r\n«Assassin''s Creed. Анкх Исиды», «Велес. Дурман-цветок», «Орда», «Скотт Пилигрим и Бесконечная Печаль», «Мордобой»\r\nУсловия Предзаказа: Накопительная скидка на сайте не действует на данное предложение. Предзаказ продлится до 21/07/2015 включительно. (возможны изменения)', '<p class="article-info" style="padding: 0px; margin-bottom: 18px; outline: none; list-style: none; color: rgb(85, 85, 85); font-family: &quot;PT Sans&quot;, sans-serif; font-size: 14px;">Внимание-внимание! Сегодня мы открываем целых 5 предзаказов!</p><p class="ready-to-buy" style="padding: 0px; margin-bottom: 18px; outline: none; list-style: none; color: rgb(21, 21, 21); font-family: &quot;PT Sans&quot;, sans-serif; font-size: 14px;">«Assassin''s Creed. Анкх Исиды», «Велес. Дурман-цветок», «Орда», «Скотт Пилигрим и Бесконечная Печаль», «Мордобой»</p><p class="info-danger" style="padding: 0px; margin-bottom: 0px; outline: none; list-style: none; color: rgb(85, 85, 85); font-family: &quot;PT Sans&quot;, sans-serif; font-size: 14px;">Условия Предзаказа: Накопительная скидка на сайте не действует на данное предложение. Предзаказ продлится до 21/07/2015 включительно. (возможны изменения)</p><p class="info-danger" style="padding: 0px; margin-bottom: 0px; outline: none; list-style: none; color: rgb(85, 85, 85); font-family: &quot;PT Sans&quot;, sans-serif; font-size: 14px;">{<span style="background-color: rgb(249, 249, 249); color: rgb(103, 106, 108); font-family: &quot;open sans&quot;, &quot;Helvetica Neue&quot;, Helvetica, Arial, sans-serif; font-size: 13px;">KO1016</span>} {<span style="color: rgb(103, 106, 108); font-family: &quot;open sans&quot;, &quot;Helvetica Neue&quot;, Helvetica, Arial, sans-serif; font-size: 13px;">KO658</span>}</p>', 'news2.png', NULL, NULL, 1, '2016-11-25 16:56:30', '2016-11-06 12:52:45', '2016-11-25 16:56:30', 1, 1),
(5, 'Предзаказ. Мордобой, Скотт, Велес, Орда, Ассассины', '<p style="padding: 0px 0px 16px; margin-bottom: 0px; outline: none; list-style: none; color: rgb(85, 85, 85); font-family: &quot;PT Sans&quot;, sans-serif; font-size: 14px;">Внимание-внимание! Сегодня мы открываем целых 5 предзаказов!</p><p style="padding: 0px 0px 16px; margin-bottom: 0px; outline: none; list-style: none; color: rgb(85, 85, 85); font-family: &quot;PT Sans&quot;, sans-serif; font-size: 14px;">«Assassin''s Creed. Анкх Исиды», «Велес. Дурман-цветок», «Орда», «Скотт Пилигрим и Бесконечная Печаль», «Мордобой»</p><p style="padding: 0px 0px 16px; margin-bottom: 0px; outline: none; list-style: none; color: rgb(85, 85, 85); font-family: &quot;PT Sans&quot;, sans-serif; font-size: 14px;">Условия Предзаказа: Накопительная скидка на сайте не действует на данное предложение. Предзаказ продлится до 21/07/2015 включительно. (возможны изменения)</p>', '<p style="padding: 0px 0px 16px; margin-bottom: 0px; outline: none; list-style: none; color: rgb(85, 85, 85); font-family: &quot;PT Sans&quot;, sans-serif; font-size: 14px;">Внимание-внимание! Сегодня мы открываем целых 5 предзаказов!</p><p style="padding: 0px 0px 16px; margin-bottom: 0px; outline: none; list-style: none; color: rgb(85, 85, 85); font-family: &quot;PT Sans&quot;, sans-serif; font-size: 14px;">«Assassin''s Creed. Анкх Исиды», «Велес. Дурман-цветок», «Орда», «Скотт Пилигрим и Бесконечная Печаль», «Мордобой»</p><p style="padding: 0px 0px 16px; margin-bottom: 0px; outline: none; list-style: none; color: rgb(85, 85, 85); font-family: &quot;PT Sans&quot;, sans-serif; font-size: 14px;">Условия Предзаказа: Накопительная скидка на сайте не действует на данное предложение. Предзаказ продлится до 21/07/2015 включительно. (возможны изменения)</p>', 'news3.png', NULL, NULL, 1, '2016-11-23 15:01:45', '2016-11-06 13:42:22', '2016-11-23 15:01:45', 1, 1);

-- --------------------------------------------------------

--
-- Структура таблицы `newsletter`
--

CREATE TABLE IF NOT EXISTS `newsletter` (
  `id` int(10) unsigned NOT NULL,
  `title` varchar(500) NOT NULL,
  `description` longtext NOT NULL
) ENGINE=InnoDB DEFAULT CHARSET=utf8;

-- --------------------------------------------------------

--
-- Структура таблицы `newslettersubscriber`
--

CREATE TABLE IF NOT EXISTS `newslettersubscriber` (
  `id` int(10) unsigned NOT NULL,
  `customerId` int(10) unsigned NOT NULL DEFAULT '0',
  `email` varchar(255) DEFAULT NULL,
  `isActive` tinyint(1) NOT NULL DEFAULT '0',
  `code` char(32) NOT NULL,
  `createTime` timestamp NOT NULL DEFAULT CURRENT_TIMESTAMP
) ENGINE=InnoDB AUTO_INCREMENT=5 DEFAULT CHARSET=utf8;

--
-- Дамп данных таблицы `newslettersubscriber`
--

INSERT INTO `newslettersubscriber` (`id`, `customerId`, `email`, `isActive`, `code`, `createTime`) VALUES
(2, 2, 'boosyck@i.ua', 1, '582e400544d58', '2016-11-17 23:40:57'),
(3, 0, 'boosyck@i.ua', 0, '583b13e84bb80', '2016-11-27 17:12:08'),
(4, 0, 'sveneld@mail.ru', 0, '584471de09c52', '2016-12-04 19:43:26');

-- --------------------------------------------------------

--
-- Структура таблицы `order`
--

CREATE TABLE IF NOT EXISTS `order` (
  `id` int(10) unsigned NOT NULL,
  `customerId` int(10) unsigned NOT NULL,
  `shippingId` int(10) unsigned NOT NULL,
  `paymentId` int(10) unsigned NOT NULL,
  `currencyCode` char(3) NOT NULL,
  `orderStatus` char(2) NOT NULL,
  `couponCode` varchar(255) DEFAULT NULL,
  `createTime` timestamp NOT NULL DEFAULT CURRENT_TIMESTAMP,
  `updateTime` timestamp NULL DEFAULT NULL,
  `isFinished` tinyint(1) NOT NULL DEFAULT '0' COMMENT 'по данному заказу расчёт произведён'
) ENGINE=InnoDB AUTO_INCREMENT=56 DEFAULT CHARSET=utf8;

--
-- Дамп данных таблицы `order`
--

INSERT INTO `order` (`id`, `customerId`, `shippingId`, `paymentId`, `currencyCode`, `orderStatus`, `couponCode`, `createTime`, `updateTime`, `isFinished`) VALUES
(12, 2, 4, 4, 'грн', 'PE', '', '2016-11-17 19:29:58', NULL, 0),
(13, 2, 3, 4, 'грн', 'PE', 'er3432r2r3f3fdfsdfdf3', '2016-11-17 19:31:32', NULL, 0),
(30, 2, 4, 3, 'грн', 'PE', '', '2016-11-17 21:44:34', NULL, 0),
(31, 2, 4, 3, 'грн', 'PE', '', '2016-11-17 21:46:46', NULL, 0),
(32, 2, 4, 3, 'грн', 'PE', '', '2016-11-17 19:47:54', NULL, 0),
(33, 2, 4, 3, 'грн', 'PE', '', '2016-11-17 19:50:12', NULL, 0),
(37, 2, 4, 4, 'грн', 'R', '123456', '2016-11-21 16:37:39', '2016-11-22 05:49:13', 0),
(41, 0, 3, 5, 'грн', 'PE', '', '2016-11-23 19:45:54', NULL, 0),
(51, 0, 4, 4, 'грн', 'PE', '', '2016-11-28 19:42:31', NULL, 0),
(54, 2, 5, 5, 'грн', 'PE', '', '2016-12-11 08:30:26', NULL, 0),
(55, 2, 5, 4, 'грн', 'PE', '', '2016-12-11 08:39:50', '2016-12-21 09:27:42', 0);

-- --------------------------------------------------------

--
-- Структура таблицы `ordercustomerinfo`
--

CREATE TABLE IF NOT EXISTS `ordercustomerinfo` (
  `id` int(10) unsigned NOT NULL,
  `orderId` int(10) unsigned NOT NULL,
  `countryCode` char(3) DEFAULT NULL,
  `city` varchar(255) DEFAULT NULL,
  `zip` varchar(10) DEFAULT NULL,
  `address` varchar(255) NOT NULL,
  `fullName` varchar(255) NOT NULL,
  `phone1` varchar(15) NOT NULL,
  `phone2` varchar(45) DEFAULT NULL,
  `shippingValue` varchar(255) DEFAULT NULL
) ENGINE=InnoDB AUTO_INCREMENT=50 DEFAULT CHARSET=utf8;

--
-- Дамп данных таблицы `ordercustomerinfo`
--

INSERT INTO `ordercustomerinfo` (`id`, `orderId`, `countryCode`, `city`, `zip`, `address`, `fullName`, `phone1`, `phone2`, `shippingValue`) VALUES
(9, 12, NULL, NULL, NULL, 'Glushkova str. 47, 50, 111', 'Сергей Каспрук', '050 857 16 47', NULL, NULL),
(10, 13, NULL, NULL, NULL, 'Glushkova str. 47, 50, 111', 'Сергей Каспрук', '050 857 16 47', NULL, NULL),
(27, 30, NULL, NULL, NULL, 'Glushkova str. 47, 50, 111', 'Сергей Каспрук', '050 857 16 47', NULL, NULL),
(28, 31, NULL, NULL, NULL, 'Glushkova str. 47, 50, 111', 'Сергей Каспрук', '050 857 16 47', NULL, NULL),
(29, 32, NULL, NULL, NULL, 'Glushkova str. 47, 50, 111', 'Сергей Каспрук', '050 857 16 47', NULL, NULL),
(30, 33, NULL, NULL, NULL, 'Glushkova str. 47, 50, 111', 'Сергей Каспрук', '050 857 16 47', NULL, NULL),
(34, 37, 'UA', NULL, NULL, 'Glushkova str. 47, 50, 111', 'Сергей Каспрук', '050 857 16 47', NULL, NULL),
(38, 41, 'UA', NULL, NULL, 'st. Kaynasskaya 6/1 kv. 2', 'ag', '+380632451651', NULL, NULL),
(45, 51, 'UAH', 'Киев', '00000', 'Адресс гостя', 'Сергей Каспрук', '+380344324324', NULL, NULL),
(48, 54, 'грн', 'Киев', 'вв', 'вв', 'Сергей Каспрук1', '+380456546546', NULL, '123'),
(49, 55, 'грн', 'Киев', '03187', 'Glushkova str. 47, 50, 111', 'Сергей Каспрук1', '+380456546546', '', '151');

-- --------------------------------------------------------

--
-- Структура таблицы `orderhistory`
--

CREATE TABLE IF NOT EXISTS `orderhistory` (
  `id` int(10) unsigned NOT NULL,
  `orderId` int(10) unsigned NOT NULL,
  `orderStatus` char(2) NOT NULL,
  `comment` text,
  `isCustomerNotified` tinyint(1) NOT NULL DEFAULT '0',
  `createTime` timestamp NOT NULL DEFAULT CURRENT_TIMESTAMP,
  `createUserId` int(11) NOT NULL
) ENGINE=InnoDB AUTO_INCREMENT=23 DEFAULT CHARSET=utf8;

--
-- Дамп данных таблицы `orderhistory`
--

INSERT INTO `orderhistory` (`id`, `orderId`, `orderStatus`, `comment`, `isCustomerNotified`, `createTime`, `createUserId`) VALUES
(2, 37, 'PE', NULL, 1, '2016-11-21 16:37:41', 0),
(5, 37, 'CO', '2', 0, '2016-11-21 23:27:07', 1),
(6, 37, 'CO', '3', 0, '2016-11-21 23:32:05', 1),
(7, 37, 'CO', '4', 0, '2016-11-22 08:34:43', 1),
(8, 37, 'R', 'Вернули', 0, '2016-11-22 08:35:50', 1),
(11, 41, 'PE', NULL, 1, '2016-11-23 19:45:54', 0),
(18, 51, 'PE', 'Комментик в историю!!!', 1, '2016-11-28 19:42:31', 0),
(21, 54, 'PE', NULL, 1, '2016-12-11 08:30:26', 0),
(22, 55, 'PE', NULL, 1, '2016-12-11 08:39:50', 0);

-- --------------------------------------------------------

--
-- Структура таблицы `orderpostbarcode`
--

CREATE TABLE IF NOT EXISTS `orderpostbarcode` (
  `id` int(11) NOT NULL,
  `orderId` int(10) unsigned DEFAULT NULL,
  `createTime` timestamp NOT NULL DEFAULT CURRENT_TIMESTAMP,
  `barcode` varchar(45) NOT NULL,
  `isAvailable` tinyint(1) NOT NULL DEFAULT '1'
) ENGINE=InnoDB DEFAULT CHARSET=utf8;

-- --------------------------------------------------------

--
-- Структура таблицы `orderproduct`
--

CREATE TABLE IF NOT EXISTS `orderproduct` (
  `id` int(10) unsigned NOT NULL,
  `orderId` int(10) unsigned NOT NULL,
  `productId` int(10) unsigned NOT NULL,
  `productSku` varchar(255) NOT NULL,
  `productName` varchar(500) NOT NULL,
  `productQuantity` int(10) unsigned NOT NULL,
  `productPrice` decimal(10,2) NOT NULL DEFAULT '0.00',
  `productIncomingPrice` decimal(10,2) NOT NULL DEFAULT '0.00',
  `isPreOrder` tinyint(1) NOT NULL DEFAULT '0',
  `currencyCode` char(3) NOT NULL
) ENGINE=InnoDB AUTO_INCREMENT=168 DEFAULT CHARSET=utf8;

--
-- Дамп данных таблицы `orderproduct`
--

INSERT INTO `orderproduct` (`id`, `orderId`, `productId`, `productSku`, `productName`, `productQuantity`, `productPrice`, `productIncomingPrice`, `isPreOrder`, `currencyCode`) VALUES
(27, 12, 5, 'KO658', 'Ходячие мертвецы', 1, 500.00, 1000.00, 0, 'грн'),
(28, 12, 11, 'KO543', 'Сын М', 2, 877.00, 444.00, 0, 'грн'),
(29, 12, 11, 'KO543', 'Сын М', 1, 877.00, 444.00, 0, 'грн'),
(30, 12, 11, 'KO543', 'Сын М', 1, 877.00, 444.00, 0, 'грн'),
(31, 12, 10, 'KO123', 'Боун', 1, 500.00, 111.00, 0, 'грн'),
(32, 13, 5, 'KO658', 'Ходячие мертвецы', 1, 500.00, 1000.00, 0, 'грн'),
(33, 13, 11, 'KO543', 'Сын М', 2, 877.00, 444.00, 0, 'грн'),
(34, 13, 11, 'KO543', 'Сын М', 1, 877.00, 444.00, 0, 'грн'),
(35, 13, 11, 'KO543', 'Сын М', 1, 877.00, 444.00, 0, 'грн'),
(36, 13, 10, 'KO123', 'Боун', 1, 500.00, 111.00, 0, 'грн'),
(117, 30, 5, 'KO658', 'Ходячие мертвецы', 1, 440.00, 1000.00, 0, 'грн'),
(118, 30, 11, 'KO543', 'Сын М', 2, 789.00, 444.00, 0, 'грн'),
(119, 30, 11, 'KO543', 'Сын М', 1, 789.00, 444.00, 0, 'грн'),
(120, 30, 11, 'KO543', 'Сын М', 1, 789.00, 444.00, 0, 'грн'),
(121, 30, 10, 'KO123', 'Боун', 1, 500.00, 111.00, 0, 'грн'),
(122, 31, 5, 'KO658', 'Ходячие мертвецы', 1, 440.00, 1000.00, 0, 'грн'),
(123, 31, 11, 'KO543', 'Сын М', 2, 789.00, 444.00, 0, 'грн'),
(124, 31, 11, 'KO543', 'Сын М', 1, 789.00, 444.00, 0, 'грн'),
(125, 31, 11, 'KO543', 'Сын М', 1, 789.00, 444.00, 0, 'грн'),
(126, 31, 10, 'KO123', 'Боун', 1, 500.00, 111.00, 0, 'грн'),
(127, 32, 5, 'KO658', 'Ходячие мертвецы', 1, 440.00, 1000.00, 0, 'грн'),
(128, 32, 11, 'KO543', 'Сын М', 2, 789.00, 444.00, 0, 'грн'),
(129, 32, 11, 'KO543', 'Сын М', 1, 789.00, 444.00, 0, 'грн'),
(130, 32, 11, 'KO543', 'Сын М', 1, 789.00, 444.00, 0, 'грн'),
(131, 32, 10, 'KO123', 'Боун', 1, 500.00, 111.00, 0, 'грн'),
(132, 33, 5, 'KO658', 'Ходячие мертвецы', 1, 440.00, 1000.00, 0, 'грн'),
(133, 33, 11, 'KO543', 'Сын М', 2, 789.00, 444.00, 0, 'грн'),
(134, 33, 11, 'KO543', 'Сын М', 1, 789.00, 444.00, 0, 'грн'),
(135, 33, 11, 'KO543', 'Сын М', 1, 789.00, 444.00, 0, 'грн'),
(136, 33, 10, 'KO123', 'Боун', 1, 500.00, 111.00, 0, 'грн'),
(143, 37, 10, 'KO123', 'Боун', 1, 500.00, 111.00, 0, 'грн'),
(144, 37, 4, 'KO1016', 'Бэтмен. Книга 1. Суд Сов', 1, 900.00, 1200.00, 0, 'UAH'),
(145, 37, 11, 'KO543', 'Сын М', 1, 789.00, 444.00, 0, 'грн'),
(156, 41, 9, 'KO459', 'Мразь', 1, 340.00, 111.00, 0, 'грн'),
(162, 51, 17, 'p7655154', 'Impression ImPAD W1001 Black', 1, 6799.00, 1200.00, 0, 'грн'),
(165, 54, 16, 'p6139635', 'Asus ZenPad 10 3G 8GB White', 1, 4999.00, 1000.00, 0, 'грн'),
(166, 55, 4, 'KO1016', 'Бэтмен. Книга 1. Суд Сов', 1, 1000.00, 1200.00, 0, 'UAH'),
(167, 55, 4, 'KO1016', 'Бэтмен. Книга 1. Суд Сов', 1, 1000.00, 1200.00, 0, 'UAH');

-- --------------------------------------------------------

--
-- Структура таблицы `orderproductattribute`
--

CREATE TABLE IF NOT EXISTS `orderproductattribute` (
  `id` int(10) unsigned NOT NULL,
  `orderProductId` int(10) unsigned NOT NULL,
  `productOptionId` int(10) unsigned NOT NULL,
  `productOptionValueId` int(10) unsigned NOT NULL,
  `productOptionName` varchar(255) NOT NULL,
  `productOptionValueName` varchar(255) NOT NULL,
  `productAttributePrice` decimal(10,2) NOT NULL DEFAULT '0.00',
  `currencyCode` char(3) NOT NULL
) ENGINE=InnoDB AUTO_INCREMENT=71 DEFAULT CHARSET=utf8;

--
-- Дамп данных таблицы `orderproductattribute`
--

INSERT INTO `orderproductattribute` (`id`, `orderProductId`, `productOptionId`, `productOptionValueId`, `productOptionName`, `productOptionValueName`, `productAttributePrice`, `currencyCode`) VALUES
(4, 28, 8, 14, 'Размер', 'L', 10.00, 'грн'),
(5, 29, 8, 12, 'Размер', 'S', -20.00, 'грн'),
(6, 30, 8, 13, 'Размер', 'M', 0.00, 'грн'),
(7, 33, 8, 14, 'Размер', 'L', 10.00, 'грн'),
(8, 34, 8, 12, 'Размер', 'S', -20.00, 'грн'),
(9, 35, 8, 13, 'Размер', 'M', 0.00, 'грн'),
(58, 118, 8, 14, 'Размер', 'L', 10.00, 'грн'),
(59, 119, 8, 12, 'Размер', 'S', -20.00, 'грн'),
(60, 120, 8, 13, 'Размер', 'M', 0.00, 'грн'),
(61, 123, 8, 14, 'Размер', 'L', 10.00, 'грн'),
(62, 124, 8, 12, 'Размер', 'S', -20.00, 'грн'),
(63, 125, 8, 13, 'Размер', 'M', 0.00, 'грн'),
(64, 128, 8, 14, 'Размер', 'L', 10.00, 'грн'),
(65, 129, 8, 12, 'Размер', 'S', -20.00, 'грн'),
(66, 130, 8, 13, 'Размер', 'M', 0.00, 'грн'),
(67, 133, 8, 14, 'Размер', 'L', 10.00, 'грн'),
(68, 134, 8, 12, 'Размер', 'S', -20.00, 'грн'),
(69, 135, 8, 13, 'Размер', 'M', 0.00, 'грн'),
(70, 145, 8, 14, 'Размер', 'L', 10.00, 'грн');

-- --------------------------------------------------------

--
-- Структура таблицы `orderstatus`
--

CREATE TABLE IF NOT EXISTS `orderstatus` (
  `id` int(11) NOT NULL,
  `statusCode` char(2) NOT NULL,
  `name` varchar(255) NOT NULL,
  `isDefault` tinyint(1) NOT NULL DEFAULT '0',
  `isChargeble` tinyint(1) NOT NULL DEFAULT '0',
  `isPaid` tinyint(1) NOT NULL DEFAULT '0',
  `isShipped` tinyint(1) NOT NULL DEFAULT '0',
  `isRestock` tinyint(1) NOT NULL DEFAULT '0',
  `isPenalty` tinyint(1) NOT NULL DEFAULT '0',
  `isFinished` tinyint(1) NOT NULL DEFAULT '0'
) ENGINE=InnoDB AUTO_INCREMENT=12 DEFAULT CHARSET=utf8;

--
-- Дамп данных таблицы `orderstatus`
--

INSERT INTO `orderstatus` (`id`, `statusCode`, `name`, `isDefault`, `isChargeble`, `isPaid`, `isShipped`, `isRestock`, `isPenalty`, `isFinished`) VALUES
(1, 'PE', 'В ожидании', 1, 0, 0, 0, 0, 0, 0),
(2, 'AC', 'Подтверждён', 0, 1, 0, 0, 0, 0, 0),
(3, 'PO', 'Предзаказ', 0, 0, 0, 0, 0, 0, 0),
(4, 'PP', 'Ожидает оплаты', 0, 1, 0, 0, 0, 0, 0),
(5, 'P', 'Оплачен', 0, 0, 1, 0, 0, 0, 0),
(6, 'RS', 'Готов к отправке', 0, 0, 0, 0, 0, 0, 0),
(7, 'S', 'Отправлен', 0, 0, 0, 0, 0, 0, 0),
(8, 'CO', 'Завершён', 0, 0, 0, 0, 0, 0, 1),
(9, 'X', 'Отменён', 0, 0, 0, 0, 0, 1, 0),
(10, 'R', 'Возврат', 0, 0, 0, 0, 1, 0, 0),
(11, '?', 'Проблемный', 0, 0, 0, 0, 0, 1, 0);

-- --------------------------------------------------------

--
-- Структура таблицы `ordertotal`
--

CREATE TABLE IF NOT EXISTS `ordertotal` (
  `id` int(10) unsigned NOT NULL,
  `orderId` int(10) unsigned NOT NULL,
  `code` varchar(255) DEFAULT NULL,
  `name` varchar(255) DEFAULT NULL,
  `amount` decimal(10,2) NOT NULL,
  `currencyCode` char(3) NOT NULL
) ENGINE=InnoDB AUTO_INCREMENT=47 DEFAULT CHARSET=utf8;

--
-- Дамп данных таблицы `ordertotal`
--

INSERT INTO `ordertotal` (`id`, `orderId`, `code`, `name`, `amount`, `currencyCode`) VALUES
(6, 12, NULL, NULL, 3212.00, 'грн'),
(7, 13, NULL, NULL, 2819.00, 'грн'),
(24, 30, NULL, NULL, 3162.00, 'грн'),
(25, 31, NULL, NULL, 3162.00, 'грн'),
(26, 32, NULL, NULL, 3162.00, 'грн'),
(27, 33, NULL, NULL, 3162.00, 'грн'),
(31, 37, NULL, NULL, 1831.00, 'грн'),
(35, 41, NULL, NULL, 350.00, 'грн'),
(42, 51, NULL, NULL, 6879.00, 'грн'),
(45, 54, NULL, NULL, 4649.00, 'грн'),
(46, 55, NULL, NULL, 1850.00, 'грн');

-- --------------------------------------------------------

--
-- Структура таблицы `paymentmethod`
--

CREATE TABLE IF NOT EXISTS `paymentmethod` (
  `id` int(10) unsigned NOT NULL,
  `name` varchar(45) DEFAULT NULL,
  `countryCode` char(3) DEFAULT NULL,
  `description` text,
  `imageFileName` varchar(255) DEFAULT NULL,
  `price` decimal(10,2) DEFAULT NULL,
  `feePercent` decimal(10,2) NOT NULL DEFAULT '0.00'
) ENGINE=InnoDB AUTO_INCREMENT=6 DEFAULT CHARSET=utf8;

--
-- Дамп данных таблицы `paymentmethod`
--

INSERT INTO `paymentmethod` (`id`, `name`, `countryCode`, `description`, `imageFileName`, `price`, `feePercent`) VALUES
(3, 'Предоплата', 'UA', '', 'prepay.png', NULL, 0.00),
(4, 'Наложенный платеж', 'UA', '', 'cash_on_delivery.png', 50.00, 0.00),
(5, 'Visa/MasterCard', 'UA', '', 'credit_card.png', NULL, 3.00);

-- --------------------------------------------------------

--
-- Структура таблицы `product`
--

CREATE TABLE IF NOT EXISTS `product` (
  `id` int(10) unsigned NOT NULL,
  `sku` varchar(255) NOT NULL,
  `name` varchar(500) NOT NULL,
  `description` text,
  `quantityInStock` int(10) unsigned NOT NULL DEFAULT '0',
  `quantityOfSold` int(10) unsigned NOT NULL DEFAULT '0',
  `barcode1` varchar(45) DEFAULT NULL,
  `barcode2` varchar(45) DEFAULT NULL,
  `barcode3` varchar(45) DEFAULT NULL,
  `availableTime` timestamp NULL DEFAULT NULL,
  `createTime` timestamp NOT NULL DEFAULT CURRENT_TIMESTAMP,
  `updateTime` timestamp NULL DEFAULT NULL,
  `price` decimal(10,2) NOT NULL DEFAULT '0.00',
  `currencyCode` char(3) NOT NULL,
  `productDisountId` int(10) unsigned NOT NULL DEFAULT '0',
  `productManufactureId` int(10) unsigned NOT NULL,
  `imageFileName` varchar(255) DEFAULT NULL
) ENGINE=InnoDB AUTO_INCREMENT=20 DEFAULT CHARSET=utf8;

--
-- Дамп данных таблицы `product`
--

INSERT INTO `product` (`id`, `sku`, `name`, `description`, `quantityInStock`, `quantityOfSold`, `barcode1`, `barcode2`, `barcode3`, `availableTime`, `createTime`, `updateTime`, `price`, `currencyCode`, `productDisountId`, `productManufactureId`, `imageFileName`) VALUES
(4, 'KO1016', 'Бэтмен. Книга 1. Суд Сов', '<p style="padding: 0px 0px 18px; margin-bottom: 0px; outline: none; list-style: none; color: rgb(21, 21, 21); font-family: &quot;PT Sans&quot;, sans-serif; font-size: 14px;">Одна из лучших работ Скотта Снайдера, блестящая графика от Грега Капулло. Первый том перезапущенной вселенной New 52!</p><p style="padding: 0px 0px 18px; margin-bottom: 0px; outline: none; list-style: none; color: rgb(21, 21, 21); font-family: &quot;PT Sans&quot;, sans-serif; font-size: 14px;">Двор Сов… Бэтмен слышал о нем. Все слышали, каждый ребенок знает стишок: «Берегись: Двор Совиный неустанно следит…». Говорят, Совы — настоящие хозяева Готэма, хоть никто их и не видел. Говорят, они вершат свой суд над неугодными. Говорят, от них не скроешься. Много чего говорят… Темный рыцарь не верит в эти слухи. Что бы там ни говорили, считает он, Готэм — город Бэтмена. Но вскоре ему предстоит понять, как глубоко он заблуждался.</p><p style="padding: 0px; margin-bottom: 0px; outline: none; list-style: none; color: rgb(21, 21, 21); font-family: &quot;PT Sans&quot;, sans-serif; font-size: 14px;">Мрачные легенды не лгут: Готэмом втайне правят могущественные хищники, и гнезда их повсюду…</p>', 9, 2, '11111', '22222', '33333', '2016-11-22 21:00:00', '2016-11-06 22:05:24', '2016-11-23 14:58:17', 1000.00, 'UAH', 2, 3, 'dummy-img1.png'),
(5, 'KO658', 'Ходячие мертвецы', '<p style="padding: 0px 0px 18px; margin-bottom: 0px; outline: none; list-style: none; color: rgb(21, 21, 21); font-family: &quot;PT Sans&quot;, sans-serif; font-size: 14px;">Одна из лучших работ Скотта Снайдера, блестящая графика от Грега Капулло. Первый том перезапущенной вселенной New 52!</p><p style="padding: 0px 0px 18px; margin-bottom: 0px; outline: none; list-style: none; color: rgb(21, 21, 21); font-family: &quot;PT Sans&quot;, sans-serif; font-size: 14px;">Двор Сов… Бэтмен слышал о нем. Все слышали, каждый ребенок знает стишок: «Берегись: Двор Совиный неустанно следит…». Говорят, Совы — настоящие хозяева Готэма, хоть никто их и не видел. Говорят, они вершат свой суд над неугодными. Говорят, от них не скроешься. Много чего говорят… Темный рыцарь не верит в эти слухи. Что бы там ни говорили, считает он, Готэм — город Бэтмена. Но вскоре ему предстоит понять, как глубоко он заблуждался.</p><p style="padding: 0px; margin-bottom: 0px; outline: none; list-style: none; color: rgb(21, 21, 21); font-family: &quot;PT Sans&quot;, sans-serif; font-size: 14px;">Мрачные легенды не лгут: Готэмом втайне правят могущественные хищники, и гнезда их повсюду…</p>', 45, 1, '11111', '22222', '33333', '2016-11-22 21:00:00', '2016-11-09 20:42:03', '2016-11-23 14:58:39', 500.00, 'грн', 3, 4, 'item3.png'),
(6, 'KO777', 'Скот пилигрим 2', '<p style="padding: 0px 0px 18px; margin-bottom: 0px; outline: none; list-style: none; color: rgb(21, 21, 21); font-family: &quot;PT Sans&quot;, sans-serif; font-size: 14px;">Одна из лучших работ Скотта Снайдера, блестящая графика от Грега Капулло. Первый том перезапущенной вселенной New 52!</p><p style="padding: 0px 0px 18px; margin-bottom: 0px; outline: none; list-style: none; color: rgb(21, 21, 21); font-family: &quot;PT Sans&quot;, sans-serif; font-size: 14px;">Двор Сов… Бэтмен слышал о нем. Все слышали, каждый ребенок знает стишок: «Берегись: Двор Совиный неустанно следит…». Говорят, Совы — настоящие хозяева Готэма, хоть никто их и не видел. Говорят, они вершат свой суд над неугодными. Говорят, от них не скроешься. Много чего говорят… Темный рыцарь не верит в эти слухи. Что бы там ни говорили, считает он, Готэм — город Бэтмена. Но вскоре ему предстоит понять, как глубоко он заблуждался.</p><p style="padding: 0px; margin-bottom: 0px; outline: none; list-style: none; color: rgb(21, 21, 21); font-family: &quot;PT Sans&quot;, sans-serif; font-size: 14px;">Мрачные легенды не лгут: Готэмом втайне правят могущественные хищники, и гнезда их повсюду…</p>', 1, 1, '11111', '22222', '33333', '2016-11-22 21:00:00', '2016-11-09 20:44:08', '2016-11-23 14:59:09', 800.00, 'грн', 3, 3, 'last2.png'),
(7, 'KO999', 'Пора туманов', '', 2, 0, '', '', '', '2016-11-22 21:00:00', '2016-11-09 20:45:19', '2016-11-23 14:59:33', 400.00, 'грн', 2, 3, 'item2.png'),
(9, 'KO459', 'Мразь', '<pre style="background-color:#ffffff;color:#000000;font-family:''Courier New'';font-size:9,0pt;"><span style="color:#000080;background-color:#f7faff;font-weight:bold;">return </span><span style="background-color:#f7faff;font-style:italic;">round</span><span style="background-color:#f7faff;">(</span><span style="color:#660000;background-color:#f7faff;">$this</span><span style="background-color:#f7faff;">-&gt;</span><span style="color:#000080;background-color:#f7faff;font-weight:bold;">price </span><span style="background-color:#f7faff;">- </span><span style="color:#660000;background-color:#f7faff;">$this</span><span style="background-color:#f7faff;">-&gt;</span><span style="color:#000080;background-color:#f7faff;font-weight:bold;">discount</span><span style="background-color:#f7faff;">-&gt;</span><span style="color:#000080;background-color:#f7faff;font-weight:bold;">value</span><span style="background-color:#f7faff;">);</span></pre>', 5, 0, '', '', '', '2016-11-22 21:00:00', '2016-11-09 20:53:05', '2016-11-23 14:59:55', 378.00, 'грн', 2, 3, 'last5.png'),
(10, 'KO123', 'Боун', '<pre style="background-color:#ffffff;color:#000000;font-family:''Courier New'';font-size:9,0pt;"><span style="color:#000080;background-color:#f7faff;font-weight:bold;">return </span><span style="background-color:#f7faff;font-style:italic;">round</span><span style="background-color:#f7faff;">(</span><span style="color:#660000;background-color:#f7faff;">$this</span><span style="background-color:#f7faff;">-&gt;</span><span style="color:#000080;background-color:#f7faff;font-weight:bold;">price </span><span style="background-color:#f7faff;">- </span><span style="color:#660000;background-color:#f7faff;">$this</span><span style="background-color:#f7faff;">-&gt;</span><span style="color:#000080;background-color:#f7faff;font-weight:bold;">discount</span><span style="background-color:#f7faff;">-&gt;</span><span style="color:#000080;background-color:#f7faff;font-weight:bold;">value</span><span style="background-color:#f7faff;">);</span></pre>', 3, 2, '', '', '', '2016-11-22 21:00:00', '2016-11-09 21:00:41', '2016-11-23 15:00:14', 500.00, 'грн', 4, 3, 'last1.png'),
(11, 'KO543', 'Сын М', '<p><span style="color: rgb(51, 51, 51); font-family: ''Open Sans'', sans-serif; font-size: 14px; line-height: 22.4px;">string(586) "{"TransactionId":1478779631,"BetId":123456,"Amount":123,"Created":"2016-04-26T11:35:30.0543787Z","BetType":1,"SystemMinCount":null,"TotalPrice":2.5,"Selections":[{"SelectionId":42343,"SelectionName":"P1","MarketTypeId":333,"MarketName":"Match Result","MatchId":55,"MatchName":"Barcelona - Real Madrid","MatchStartDate":"2016-04-26T11:35:30.0543787Z","RegionId":22,"RegionName":"Spain","CompetitionId":44,"CompetitionName":"La Liga","SportId":1,"SportName":"Football","Price":2.5}],"AuthToken":"86e8f7ab32cfd12577bc2619bc635690","TS":1478779631,"Hash":"7d22124a70e6a77f2fcde9e0f470ec10"}"&nbsp;</span><br></p>', 1, 2, '11111111', '22222222', '33333333', '2016-11-22 21:00:00', '2016-11-10 14:04:31', '2016-11-23 15:00:36', 877.00, 'грн', 2, 3, 'item6.png'),
(12, 'p12200609', 'Ноутбук Acer Aspire ES1-131-C1Z2 (NX.G17EU.011) Red', '<p><span style="color: rgb(51, 51, 51); font-family: Arial, Helvetica, FreeSans, &quot;Liberation Sans&quot;, &quot;Nimbus Sans L&quot;, sans-serif; font-size: 13.0013px;">Экран 11.6'''' (1366x768) WXGA HD LED, матовый / Intel Celeron N3060 (1.6 - 2.48 ГГц) / RAM 2 ГБ / HDD 500 ГБ / Intel HD Graphics / без ОД / LAN / Wi-Fi / Bluetooth / веб-камера / Linux / 1.2 кг / красный</span><span id="copyinfo" style="position: absolute; overflow: hidden; width: 1px; height: 1px; color: rgb(51, 51, 51); font-family: Arial, Helvetica, FreeSans, &quot;Liberation Sans&quot;, &quot;Nimbus Sans L&quot;, sans-serif; font-size: 13.0013px;"><br>Подробнее:&nbsp;</span></p>', 100, 0, 'p12200609', 'p12200609', 'p12200609', '2016-11-26 21:00:00', '2016-11-26 21:39:32', '2016-11-26 21:43:44', 6999.00, 'грн', 4, 3, '12200609_images_1774418927.jpg'),
(13, 'p5905767', 'Ноутбук Lenovo IdeaPad 100S (80R2006BUA) Blue-White', '<p>Экран 11.6" TN (1366x768) WXGA HD LED, глянцевый / Intel Atom Z3735F (1.33 ГГц) / RAM 2 ГБ / 64 ГБ eMMC / Intel HD Graphics / без ОД / Wi-Fi / Bluetooth / веб-камера / Windows 10 Home / 1 кг / сине-белый<br></p>', 100, 0, 'p5905767', 'p5905767', 'p5905767', '2016-11-26 21:00:00', '2016-11-26 22:15:24', '2016-11-26 22:18:21', 6299.00, 'грн', 2, 6, 'lenovo_80r2006bua_images_1383405645.jpg'),
(14, 'p2055122', 'Lenovo TAB 2 A7-10 7" 8GB WiFi Black (59434747)', '<p>Экран 7" (1024х600) IPS, емкостный MultiTouch / MediaTek MT8127 (1.3 ГГц) / RAM 1 ГБ / 8 ГБ встроенной памяти + microSD / Wi-Fi / Bluetooth 4.0 / фронтальная камера 0.3 Мп / A-GPS / Android 4.4 / 269 г / черный<br></p>', 0, 0, 'p2055122', 'p2055122', 'p2055122', '2016-11-26 21:00:00', '2016-11-26 23:04:44', '2016-11-26 23:07:54', 1999.00, 'грн', 2, 6, 'lenovo_tab_2_a7_10_8gb_black_images_383422492.jpg'),
(15, 'p11548443', 'Prestigio Multipad Visconte V (PMP1012TE3GRD)', '<p><span style="color: rgb(51, 51, 51); font-family: Arial, Helvetica, FreeSans, &quot;Liberation Sans&quot;, &quot;Nimbus Sans L&quot;, sans-serif; font-size: 13.0013px;">Экран 10.1" IPS (1280x800) Multi-Touch / Intel Atom Z3735G (1.33 - 1.83 ГГц) / RAM 2 ГБ / 32 ГБ встроенной памяти + microSD / 3G / Wi-Fi / Bluetooth 4.0 / основная камера 2 Мп, фронтальная - 2 Мп / GPS / Windows 10 Home / 594 г / черный</span></p>', 45, 0, 'p11548443', 'p11548443', 'p11548443', '2016-11-26 21:00:00', '2016-11-26 23:16:17', NULL, 6499.00, 'грн', 2, 7, 'prestigio_pmp1012te3grd_images_1736993990.jpg'),
(16, 'p6139635', 'Asus ZenPad 10 3G 8GB White', '<p>Экран 10" IPS (1280x800) емкостный MultiTouch / Intel Atom x3-C3230RK (1.2 ГГц) / RAM 2 ГБ / 8 ГБ встроенной памяти + microSD / 3G / Wi-Fi 802.11 b/g/n / Bluetooth 4.0 / основная камера 2 Мп, фронтальная - 0.3 Мп / GPS / ГЛОНАСС / ОС Android 5.0 (Lollipop) / 510 г / белый/<br></p>', 111, 0, 'p6139635', 'p6139635', 'p6139635', '2016-11-26 21:00:00', '2016-11-27 13:48:35', NULL, 4999.00, 'грн', 2, 7, 'asus_z300cg_1b032a_images_1391519985.jpg'),
(17, 'p7655154', 'Impression ImPAD W1001 Black', '<p>Экран 10.1" IPS (1280x800) емкостный, MultiTouch / Intel Atom Z3735F (1.83 ГГц) / RAM 2 ГБ / 32 ГБ встроенной памяти + microSD / Wi-Fi / Bluetooth / основная камера 5 Мп, фронтальная - 2 Мп / 3G / GPS / Windows 10 / черный</p><div><br></div>', 45, 0, 'p7655154', 'p7655154', 'p7655154', '2016-12-10 21:00:00', '2016-11-27 13:53:11', '2016-12-11 09:47:25', 6799.00, 'грн', 3, 6, 'impression_impad_w1001_black_images_1753490635.jpg');

-- --------------------------------------------------------

--
-- Структура таблицы `productattribute`
--

CREATE TABLE IF NOT EXISTS `productattribute` (
  `id` int(10) unsigned NOT NULL,
  `productId` int(10) unsigned NOT NULL,
  `productOptionId` int(10) unsigned NOT NULL,
  `productOptionValueId` int(10) unsigned NOT NULL,
  `price` decimal(10,2) NOT NULL DEFAULT '0.00',
  `quantityInStock` int(10) unsigned NOT NULL DEFAULT '0'
) ENGINE=InnoDB AUTO_INCREMENT=59 DEFAULT CHARSET=utf8;

--
-- Дамп данных таблицы `productattribute`
--

INSERT INTO `productattribute` (`id`, `productId`, `productOptionId`, `productOptionValueId`, `price`, `quantityInStock`) VALUES
(44, 11, 8, 12, 0.00, 0),
(45, 11, 8, 13, 0.00, 0),
(46, 11, 8, 14, 0.00, 0),
(51, 12, 9, 17, 0.00, 0),
(52, 12, 9, 18, 0.00, 0),
(53, 12, 9, 19, 0.00, 0),
(54, 12, 9, 20, 0.00, 0),
(55, 13, 9, 17, 0.00, 0),
(56, 13, 9, 18, 0.00, 0),
(57, 13, 9, 19, 0.00, 0),
(58, 13, 9, 20, 0.00, 0);

-- --------------------------------------------------------

--
-- Структура таблицы `productcategory`
--

CREATE TABLE IF NOT EXISTS `productcategory` (
  `id` int(10) unsigned NOT NULL,
  `name` varchar(500) NOT NULL,
  `parentId` int(10) unsigned NOT NULL DEFAULT '0',
  `sortOrder` int(10) unsigned NOT NULL DEFAULT '0',
  `description` text,
  `imageFileName` varchar(255) DEFAULT NULL,
  `isActive` tinyint(1) unsigned NOT NULL DEFAULT '0',
  `createTime` timestamp NOT NULL DEFAULT CURRENT_TIMESTAMP,
  `updateTime` timestamp NULL DEFAULT NULL,
  `left` int(11) DEFAULT NULL,
  `right` int(11) DEFAULT NULL,
  `level` int(11) DEFAULT '0',
  `isInQuickLink` tinyint(1) NOT NULL DEFAULT '0'
) ENGINE=InnoDB AUTO_INCREMENT=55 DEFAULT CHARSET=utf8;

--
-- Дамп данных таблицы `productcategory`
--

INSERT INTO `productcategory` (`id`, `name`, `parentId`, `sortOrder`, `description`, `imageFileName`, `isActive`, `createTime`, `updateTime`, `left`, `right`, `level`, `isInQuickLink`) VALUES
(34, 'Все книги', 0, 1, '', NULL, 1, '2016-11-06 20:44:46', NULL, NULL, NULL, 0, 0),
(35, 'Комиксы', 34, 0, '', '8.png', 1, '2016-11-09 19:31:31', '2016-11-26 22:57:47', NULL, NULL, 1, 0),
(36, 'Манга', 34, 1, '', '7.png', 1, '2016-11-09 19:31:46', '2016-11-26 22:57:36', NULL, NULL, 1, 0),
(37, 'Ноутбуки и компютеры', 0, 2, '', '69539.jpg', 1, '2016-11-26 19:09:53', '2016-11-26 22:58:20', NULL, NULL, 0, 0),
(38, 'Ноутбуки', 37, 2, '', NULL, 1, '2016-11-26 19:10:30', '2016-11-26 21:41:10', NULL, NULL, 1, 0),
(39, 'Компьютеры', 37, 3, '', NULL, 1, '2016-11-26 19:11:14', NULL, NULL, NULL, 1, 0),
(40, 'Комплектующие', 37, 4, '', NULL, 1, '2016-11-26 19:11:40', NULL, NULL, NULL, 1, 0),
(41, 'Планшеты', 37, 5, '', NULL, 1, '2016-11-26 19:12:08', '2016-11-26 23:11:24', NULL, NULL, 1, 0),
(42, 'Нетбуки', 38, 0, '', '18752.png', 1, '2016-11-26 19:13:00', '2016-11-26 22:59:55', NULL, NULL, 2, 1),
(43, 'Для несложных задач', 38, 1, '', '18762.png', 1, '2016-11-26 19:13:27', '2016-11-27 00:31:56', NULL, NULL, 2, 1),
(44, 'Для работы и учебы', 38, 2, '', '18772.png', 1, '2016-11-26 19:13:52', '2016-11-27 00:31:16', NULL, NULL, 2, 1),
(45, 'Для бизнеса', 38, 3, '', '18782.png', 1, '2016-11-26 19:14:16', '2016-11-27 00:30:39', NULL, NULL, 2, 1),
(46, 'Геймерские ноутбуки', 38, 4, '', '18792.png', 1, '2016-11-26 19:14:46', '2016-11-27 00:30:16', NULL, NULL, 2, 1),
(47, 'Мультимедийные центры', 38, 5, '', '18802.png', 1, '2016-11-26 19:15:09', '2016-11-27 00:29:56', NULL, NULL, 2, 1),
(48, 'Легкие и тонкие', 38, 6, '', '18812.png', 1, '2016-11-26 19:15:36', '2016-11-27 00:29:14', NULL, NULL, 2, 1),
(49, 'Трансформеры\\2 в 1', 38, 7, '', '18762.png', 1, '2016-11-26 19:16:00', '2016-11-27 00:28:53', NULL, NULL, 2, 1),
(50, 'Бюджетные', 41, 8, '', '95092.jpg', 1, '2016-11-26 22:55:25', '2016-11-26 23:11:08', NULL, NULL, 2, 1),
(51, 'Трансформеры', 41, 9, '', '95106.jpg', 1, '2016-11-26 22:55:52', '2016-11-26 22:57:17', NULL, NULL, 2, 1),
(52, 'Планшеты с 3G', 41, 10, '', '95120.jpg', 1, '2016-11-26 22:56:07', '2016-11-26 22:57:10', NULL, NULL, 2, 1),
(53, 'Планшеты на Windows', 41, 11, '', '95134.jpg', 1, '2016-11-26 22:57:04', NULL, NULL, NULL, 2, 1),
(54, '111', 49, 0, '111', NULL, 0, '2016-12-11 10:15:58', NULL, NULL, NULL, 3, 0);

-- --------------------------------------------------------

--
-- Структура таблицы `productcategoryproductoptionrelation`
--

CREATE TABLE IF NOT EXISTS `productcategoryproductoptionrelation` (
  `id` int(10) unsigned NOT NULL,
  `productCategoryId` int(10) unsigned NOT NULL,
  `productOptionId` int(10) unsigned NOT NULL
) ENGINE=InnoDB AUTO_INCREMENT=52 DEFAULT CHARSET=utf8;

--
-- Дамп данных таблицы `productcategoryproductoptionrelation`
--

INSERT INTO `productcategoryproductoptionrelation` (`id`, `productCategoryId`, `productOptionId`) VALUES
(50, 38, 9),
(51, 36, 8);

-- --------------------------------------------------------

--
-- Структура таблицы `productcategoryproductspecificationrelation`
--

CREATE TABLE IF NOT EXISTS `productcategoryproductspecificationrelation` (
  `id` int(10) unsigned NOT NULL,
  `productCategoryId` int(10) unsigned NOT NULL,
  `productSpecificationId` int(10) unsigned NOT NULL
) ENGINE=InnoDB AUTO_INCREMENT=95 DEFAULT CHARSET=utf8;

--
-- Дамп данных таблицы `productcategoryproductspecificationrelation`
--

INSERT INTO `productcategoryproductspecificationrelation` (`id`, `productCategoryId`, `productSpecificationId`) VALUES
(21, 34, 5),
(22, 34, 6),
(52, 38, 7),
(53, 38, 8),
(54, 38, 9),
(55, 38, 10),
(56, 38, 12),
(57, 38, 13),
(58, 38, 14),
(59, 38, 15),
(60, 38, 16),
(61, 38, 17),
(62, 38, 18),
(63, 38, 19),
(76, 53, 20),
(77, 53, 21),
(78, 53, 22),
(79, 52, 20),
(80, 52, 21),
(81, 52, 22),
(82, 51, 20),
(83, 51, 21),
(84, 51, 22),
(88, 36, 5),
(89, 36, 6),
(90, 35, 5),
(91, 35, 6),
(92, 41, 20),
(93, 41, 21),
(94, 41, 22);

-- --------------------------------------------------------

--
-- Структура таблицы `productcategoryrelation`
--

CREATE TABLE IF NOT EXISTS `productcategoryrelation` (
  `productId` int(10) unsigned NOT NULL,
  `productCategoryId` int(10) unsigned NOT NULL
) ENGINE=InnoDB DEFAULT CHARSET=utf8;

--
-- Дамп данных таблицы `productcategoryrelation`
--

INSERT INTO `productcategoryrelation` (`productId`, `productCategoryId`) VALUES
(4, 36),
(5, 36),
(6, 36),
(7, 36),
(9, 36),
(10, 36),
(11, 36),
(12, 42),
(13, 42),
(14, 50),
(15, 51),
(16, 52),
(17, 53);

-- --------------------------------------------------------

--
-- Структура таблицы `productdiscount`
--

CREATE TABLE IF NOT EXISTS `productdiscount` (
  `id` int(10) unsigned NOT NULL,
  `description` text,
  `startTime` timestamp NULL DEFAULT NULL,
  `endTime` timestamp NULL DEFAULT NULL,
  `type` enum('percent','value') NOT NULL DEFAULT 'percent',
  `value` decimal(10,2) NOT NULL
) ENGINE=InnoDB AUTO_INCREMENT=5 DEFAULT CHARSET=utf8;

--
-- Дамп данных таблицы `productdiscount`
--

INSERT INTO `productdiscount` (`id`, `description`, `startTime`, `endTime`, `type`, `value`) VALUES
(2, 'Скидка 10 %', '2016-10-26 21:00:00', '2016-11-29 22:00:00', 'percent', 10.00),
(3, 'Скидка 60 грн', NULL, '2017-01-03 21:00:00', 'value', 60.00),
(4, 'Без скидки', '2016-11-08 21:00:00', '2016-11-15 21:00:00', 'percent', 0.00);

-- --------------------------------------------------------

--
-- Структура таблицы `productimage`
--

CREATE TABLE IF NOT EXISTS `productimage` (
  `id` int(10) unsigned NOT NULL,
  `productId` int(10) unsigned NOT NULL,
  `imageFileName` varchar(255) NOT NULL,
  `rank` int(10) unsigned NOT NULL DEFAULT '1'
) ENGINE=InnoDB AUTO_INCREMENT=59 DEFAULT CHARSET=utf8;

--
-- Дамп данных таблицы `productimage`
--

INSERT INTO `productimage` (`id`, `productId`, `imageFileName`, `rank`) VALUES
(11, 4, 'product-slide1.png', 1),
(12, 4, 'product-slide2.png', 2),
(13, 4, 'product-slide3.png', 3),
(14, 5, 'item3.png', 1),
(15, 6, 'last2.png', 1),
(16, 7, 'item2.png', 1),
(18, 9, 'item5.png', 1),
(19, 10, 'last1.png', 1),
(20, 11, 'item6.png', 1),
(21, 12, 'acer_nx_g17eu_011_images_1774420229.jpg', 1),
(22, 12, 'acer_nx_g17eu_011_images_1774422336.jpg', 1),
(23, 12, 'acer_nx_g17eu_011_images_1774423001.jpg', 1),
(24, 12, 'acer_nx_g17eu_011_images_1774428615.jpg', 1),
(25, 12, 'acer_nx_g17eu_011_images_1774428706.jpg', 1),
(26, 13, 'lenovo_80r2006bua_images_1383405801.jpg', 1),
(27, 13, 'lenovo_80r2006bua_images_1383405879.jpg', 1),
(28, 13, 'lenovo_80r2006bua_images_1383405957.jpg', 1),
(29, 13, 'lenovo_80r2006bua_images_1383406035.jpg', 1),
(30, 13, 'lenovo_80r2006bua_images_1383406113.jpg', 1),
(31, 13, 'lenovo_80r2006bua_images_1383406191.jpg', 1),
(32, 13, 'lenovo_80r2006bua_images_1383406269.jpg', 1),
(33, 13, 'lenovo_80r2006bua_images_1383406347.jpg', 1),
(34, 14, 'lenovo_tab_2_a7_10_8gb_black_images_383422297.jpg', 1),
(35, 14, 'lenovo_tab_2_a7_10_8gb_black_images_383422362.jpg', 1),
(36, 14, 'lenovo_tab_2_a7_10_8gb_black_images_383422427.jpg', 1),
(37, 14, 'lenovo_tab_2_a7_10_8gb_black_images_383422492.jpg', 1),
(38, 14, 'lenovo_tab_2_a7_10_8gb_black_images_383422817.jpg', 1),
(39, 14, 'lenovo_tab_2_a7_10_8gb_black_images_383423077.jpg', 1),
(40, 15, 'prestigio_pmp1012te3grd_images_1736993990.jpg', 1),
(41, 15, 'prestigio_pmp1012te3grd_images_1736994193.jpg', 1),
(42, 15, 'prestigio_pmp1012te3grd_images_1736994354.jpg', 1),
(43, 15, 'prestigio_pmp1012te3grd_images_1736994494.jpg', 1),
(44, 15, 'prestigio_pmp1012te3grd_images_1736994655.jpg', 1),
(45, 15, 'prestigio_pmp1012te3grd_images_1736994774.jpg', 1),
(46, 16, 'asus_z300cg_1b032a_images_1391519985.jpg', 1),
(47, 16, 'asus_z300cg_1b032a_images_1391520063.jpg', 1),
(48, 16, 'asus_z300cg_1b032a_images_1391520141.jpg', 1),
(49, 17, 'impression_impad_w1001_black_images_1753490292.jpg', 1),
(50, 17, 'impression_impad_w1001_black_images_1753490635.jpg', 1),
(51, 17, 'impression_impad_w1001_black_images_1753490915.jpg', 1),
(52, 17, 'impression_impad_w1001_black_images_1753491153.jpg', 1),
(53, 17, 'impression_impad_w1001_black_images_1753491391.jpg', 1);

-- --------------------------------------------------------

--
-- Структура таблицы `productincomingprice`
--

CREATE TABLE IF NOT EXISTS `productincomingprice` (
  `id` int(10) unsigned NOT NULL,
  `productId` int(10) unsigned NOT NULL,
  `price` decimal(10,2) NOT NULL DEFAULT '0.00',
  `currencyCode` char(3) NOT NULL,
  `time` timestamp NULL DEFAULT CURRENT_TIMESTAMP
) ENGINE=InnoDB AUTO_INCREMENT=17 DEFAULT CHARSET=utf8;

--
-- Дамп данных таблицы `productincomingprice`
--

INSERT INTO `productincomingprice` (`id`, `productId`, `price`, `currencyCode`, `time`) VALUES
(2, 4, 1200.00, 'uah', '2016-11-06 22:05:25'),
(3, 5, 1000.00, 'грн', '2016-11-09 20:42:06'),
(4, 6, 111.00, 'грн', '2016-11-09 20:44:11'),
(5, 7, 111.00, 'грн', '2016-11-09 20:45:22'),
(6, 9, 111.00, 'грн', '2016-11-09 20:53:07'),
(7, 10, 111.00, 'грн', '2016-11-09 21:00:44'),
(8, 11, 444.00, 'грн', '2016-11-10 14:04:32'),
(9, 12, 5000.00, 'грн', '2016-11-26 21:39:33'),
(10, 13, 6000.00, 'грн', '2016-11-26 22:15:24'),
(11, 14, 1000.00, 'грн', '2016-11-26 23:04:44'),
(12, 15, 1200.00, 'грн', '2016-11-26 23:16:17'),
(13, 16, 1000.00, 'грн', '2016-11-27 13:48:35'),
(14, 17, 1200.00, 'грн', '2016-11-27 13:53:11');

-- --------------------------------------------------------

--
-- Структура таблицы `productmanufacture`
--

CREATE TABLE IF NOT EXISTS `productmanufacture` (
  `id` int(10) unsigned NOT NULL,
  `name` varchar(45) NOT NULL,
  `description` text,
  `image` varchar(255) DEFAULT NULL
) ENGINE=InnoDB AUTO_INCREMENT=8 DEFAULT CHARSET=utf8;

--
-- Дамп данных таблицы `productmanufacture`
--

INSERT INTO `productmanufacture` (`id`, `name`, `description`, `image`) VALUES
(3, 'Winston', 'Winston Classic', '992-zabolevaniya-zheludochno-kishechnogo-trakta-zabolevaniya-zheludochno-kishechnogo-trakta.png'),
(4, 'Parlament', 'Parlament', '997-lechenie-pochek-i-mochevyvodyashchih-putej-lechenie-pochek-i-mochevyvodyashchih-putej.png'),
(6, 'Lenovo', '', '18902.png'),
(7, 'Acer', '', '18922.png');

-- --------------------------------------------------------

--
-- Структура таблицы `productmarker`
--

CREATE TABLE IF NOT EXISTS `productmarker` (
  `id` int(10) unsigned NOT NULL,
  `productId` int(10) unsigned NOT NULL,
  `isActive` tinyint(1) NOT NULL DEFAULT '0',
  `isPreOrder` tinyint(1) NOT NULL DEFAULT '0',
  `isSpecialOffer` tinyint(1) NOT NULL DEFAULT '0',
  `isNew` tinyint(1) NOT NULL DEFAULT '0',
  `isSale` tinyint(1) NOT NULL DEFAULT '0',
  `isAdult` tinyint(1) NOT NULL DEFAULT '0'
) ENGINE=InnoDB AUTO_INCREMENT=17 DEFAULT CHARSET=utf8;

--
-- Дамп данных таблицы `productmarker`
--

INSERT INTO `productmarker` (`id`, `productId`, `isActive`, `isPreOrder`, `isSpecialOffer`, `isNew`, `isSale`, `isAdult`) VALUES
(2, 4, 1, 0, 0, 1, 1, 0),
(3, 5, 1, 1, 1, 1, 1, 0),
(4, 6, 1, 1, 1, 1, 1, 1),
(5, 7, 1, 1, 1, 1, 1, 0),
(6, 9, 1, 1, 1, 1, 1, 0),
(7, 10, 1, 1, 1, 1, 1, 0),
(8, 11, 1, 0, 0, 1, 1, 0),
(9, 12, 1, 0, 0, 1, 1, 0),
(10, 13, 1, 0, 0, 1, 1, 0),
(11, 14, 1, 0, 0, 1, 1, 0),
(12, 15, 1, 0, 0, 1, 1, 0),
(13, 16, 1, 0, 0, 1, 1, 0),
(14, 17, 1, 0, 0, 1, 1, 0);

-- --------------------------------------------------------

--
-- Структура таблицы `productoption`
--

CREATE TABLE IF NOT EXISTS `productoption` (
  `id` int(10) unsigned NOT NULL,
  `name` varchar(255) NOT NULL
) ENGINE=InnoDB AUTO_INCREMENT=11 DEFAULT CHARSET=utf8;

--
-- Дамп данных таблицы `productoption`
--

INSERT INTO `productoption` (`id`, `name`) VALUES
(8, 'Размер'),
(9, 'Операционная система'),
(10, 'Комплектация');

-- --------------------------------------------------------

--
-- Структура таблицы `productoptionvalue`
--

CREATE TABLE IF NOT EXISTS `productoptionvalue` (
  `id` int(10) unsigned NOT NULL,
  `productOptionId` int(10) unsigned NOT NULL,
  `name` varchar(255) NOT NULL,
  `price` varchar(45) DEFAULT NULL
) ENGINE=InnoDB AUTO_INCREMENT=23 DEFAULT CHARSET=utf8;

--
-- Дамп данных таблицы `productoptionvalue`
--

INSERT INTO `productoptionvalue` (`id`, `productOptionId`, `name`, `price`) VALUES
(12, 8, 'S', '-20'),
(13, 8, 'M', '0'),
(14, 8, 'L', '10'),
(15, 8, 'XL', '20'),
(16, 8, 'XXL', '30'),
(17, 9, 'Windows 10', '500'),
(18, 9, 'Windows 8.x', '300'),
(19, 9, 'Linux', '0'),
(20, 9, 'Без ОС', '0'),
(21, 10, 'Зарядка', '250'),
(22, 10, 'В коробке', '100');

-- --------------------------------------------------------

--
-- Структура таблицы `productproductspecificationrelation`
--

CREATE TABLE IF NOT EXISTS `productproductspecificationrelation` (
  `id` int(10) unsigned NOT NULL,
  `productId` int(10) unsigned NOT NULL,
  `productSpecificationId` int(10) unsigned NOT NULL,
  `value` text NOT NULL,
  `isSearch` tinyint(1) NOT NULL DEFAULT '0'
) ENGINE=InnoDB AUTO_INCREMENT=89 DEFAULT CHARSET=utf8;

--
-- Дамп данных таблицы `productproductspecificationrelation`
--

INSERT INTO `productproductspecificationrelation` (`id`, `productId`, `productSpecificationId`, `value`, `isSearch`) VALUES
(9, 4, 5, '6777', 1),
(10, 4, 6, '', 0),
(11, 5, 5, '8889', 1),
(12, 5, 6, '', 0),
(13, 6, 5, '6777', 1),
(14, 6, 6, '', 0),
(15, 7, 5, '8886', 1),
(16, 7, 6, '', 0),
(19, 9, 5, '8886', 1),
(20, 9, 6, '', 0),
(21, 10, 5, '8886', 1),
(22, 10, 6, '', 0),
(25, 11, 5, '8886', 1),
(26, 11, 6, '1000х5000', 1),
(49, 12, 7, 'Intel Celeron N3060 (1.6 - 2.48 ГГц)', 1),
(50, 12, 8, '11.6"', 1),
(51, 12, 9, '2 ГБ', 1),
(52, 12, 10, 'Intel HD Graphics', 1),
(53, 12, 12, 'Двухъядерный', 1),
(54, 12, 13, 'HDD', 1),
(55, 12, 14, '1366x768', 1),
(56, 12, 15, '500 ГБ', 1),
(57, 12, 16, 'Отсутствует', 0),
(58, 12, 18, 'матовый', 0),
(59, 12, 19, 'красный', 0),
(60, 13, 7, 'Intel Atom Z3735F (1.33 - 1.83 ГГц)', 1),
(61, 13, 8, '11.6"', 1),
(62, 13, 9, '2 ГБ', 1),
(63, 13, 10, 'Intel HD Graphics', 1),
(64, 13, 12, 'Четырехъядерный', 1),
(65, 13, 13, 'eMMC', 1),
(66, 13, 14, '1366x768', 1),
(67, 13, 15, '64 ГБ', 1),
(68, 13, 16, 'Отсутствует', 0),
(69, 13, 18, 'глянцевый', 0),
(70, 13, 19, 'сине-белый', 0),
(74, 14, 20, '7', 1),
(75, 14, 21, '8 ГБ', 1),
(76, 14, 22, 'Android 4.4', 1),
(77, 15, 20, '10.1"', 1),
(78, 15, 21, '32 ГБ', 1),
(79, 15, 22, 'Windows 10 Home', 0),
(80, 16, 20, '10"', 1),
(81, 16, 21, '8 ГБ', 1),
(82, 16, 22, 'ОС Android 5.0 (Lollipop)', 1),
(83, 17, 20, '10.1"', 1),
(84, 17, 21, '32 ГБ', 1),
(85, 17, 22, 'Windows 10', 1);

-- --------------------------------------------------------

--
-- Структура таблицы `productreview`
--

CREATE TABLE IF NOT EXISTS `productreview` (
  `id` int(10) unsigned NOT NULL,
  `productId` int(10) unsigned NOT NULL,
  `customerId` int(10) unsigned NOT NULL,
  `createTime` timestamp NOT NULL DEFAULT CURRENT_TIMESTAMP,
  `review` text NOT NULL,
  `rate` int(10) unsigned NOT NULL DEFAULT '0',
  `ipAddress` int(10) unsigned NOT NULL
) ENGINE=InnoDB DEFAULT CHARSET=utf8;

-- --------------------------------------------------------

--
-- Структура таблицы `productspecification`
--

CREATE TABLE IF NOT EXISTS `productspecification` (
  `id` int(10) unsigned NOT NULL,
  `name` varchar(255) NOT NULL,
  `isSearch` tinyint(1) NOT NULL DEFAULT '0'
) ENGINE=InnoDB AUTO_INCREMENT=23 DEFAULT CHARSET=utf8;

--
-- Дамп данных таблицы `productspecification`
--

INSERT INTO `productspecification` (`id`, `name`, `isSearch`) VALUES
(5, 'Страниц', 1),
(6, 'Формат', 1),
(7, 'Процессор', 1),
(8, 'Экран', 1),
(9, 'Объем оперативной памяти', 1),
(10, 'Видеокарта', 1),
(12, 'Количество ядер процессора', 1),
(13, 'Тип накопителя', 1),
(14, 'Разрешение', 1),
(15, 'Объём накопителя', 1),
(16, 'Оптический привод', 1),
(17, 'Объем памяти видеокарты', 1),
(18, 'Покрытие экрана', 1),
(19, 'Цвет', 1),
(20, 'Диагональ экрана', 1),
(21, 'Встроенная память', 1),
(22, 'Операционная система', 1);

-- --------------------------------------------------------

--
-- Структура таблицы `relatedproduct`
--

CREATE TABLE IF NOT EXISTS `relatedproduct` (
  `idProduct` int(10) unsigned NOT NULL,
  `relatedProductId` varchar(255) DEFAULT NULL COMMENT 'json',
  `isAutoRelation` tinyint(4) NOT NULL DEFAULT '0'
) ENGINE=InnoDB DEFAULT CHARSET=utf8;

--
-- Дамп данных таблицы `relatedproduct`
--

INSERT INTO `relatedproduct` (`idProduct`, `relatedProductId`, `isAutoRelation`) VALUES
(4, '', 0),
(5, '', 0),
(6, '', 0),
(7, '', 0),
(9, '', 0),
(10, '', 0),
(11, '', 0),
(12, '', 0),
(13, '', 0),
(14, '', 0),
(15, '', 0),
(16, '', 0),
(17, '', 0);

-- --------------------------------------------------------

--
-- Структура таблицы `shippingmethod`
--

CREATE TABLE IF NOT EXISTS `shippingmethod` (
  `id` int(10) unsigned NOT NULL,
  `name` varchar(255) NOT NULL,
  `countryCode` char(3) NOT NULL,
  `description` text,
  `imageFileName` varchar(255) DEFAULT NULL,
  `price` decimal(10,2) DEFAULT NULL,
  `insurancePercent` decimal(10,2) NOT NULL DEFAULT '0.00' COMMENT 'процентная наценка от общей стоимости товаров в качестве страховки товара',
  `requiredValue` varchar(255) DEFAULT NULL
) ENGINE=InnoDB AUTO_INCREMENT=6 DEFAULT CHARSET=utf8;

--
-- Дамп данных таблицы `shippingmethod`
--

INSERT INTO `shippingmethod` (`id`, `name`, `countryCode`, `description`, `imageFileName`, `price`, `insurancePercent`, `requiredValue`) VALUES
(3, 'Самовывоз', 'UA', '', NULL, NULL, 0.00, ''),
(4, 'Курьером', 'грн', '', NULL, 30.00, 0.00, ''),
(5, 'Новая почта', 'грн', 'Стоимость доставки расчитывается по тарифам транспортной компании. Расчёт идёт при получении заказа в отделении транспортной компании.', NULL, NULL, 0.00, 'Номер отделения');

-- --------------------------------------------------------

--
-- Структура таблицы `shippingpaymentmethodrelation`
--

CREATE TABLE IF NOT EXISTS `shippingpaymentmethodrelation` (
  `shippingMethodId` int(10) unsigned NOT NULL,
  `paymentMethodId` int(10) unsigned NOT NULL
) ENGINE=InnoDB DEFAULT CHARSET=utf8;

--
-- Дамп данных таблицы `shippingpaymentmethodrelation`
--

INSERT INTO `shippingpaymentmethodrelation` (`shippingMethodId`, `paymentMethodId`) VALUES
(3, 3),
(3, 4),
(3, 5),
(4, 3),
(4, 4),
(4, 5),
(5, 4);

-- --------------------------------------------------------

--
-- Структура таблицы `shopinfo`
--

CREATE TABLE IF NOT EXISTS `shopinfo` (
  `id` int(10) unsigned NOT NULL,
  `title` varchar(500) NOT NULL,
  `description` text,
  `imageFileName` varchar(255) DEFAULT NULL,
  `phone1` varchar(15) NOT NULL,
  `phone2` varchar(15) DEFAULT NULL,
  `phone3` varchar(15) DEFAULT NULL,
  `phone4` varchar(15) DEFAULT NULL,
  `email` varchar(255) NOT NULL,
  `countryCode` char(3) NOT NULL,
  `city` varchar(255) NOT NULL,
  `zip` varchar(10) DEFAULT NULL,
  `address` varchar(255) NOT NULL
) ENGINE=InnoDB DEFAULT CHARSET=utf8;

-- --------------------------------------------------------

--
-- Структура таблицы `user`
--

CREATE TABLE IF NOT EXISTS `user` (
  `id` int(10) unsigned NOT NULL,
  `email` varchar(255) NOT NULL,
  `password` char(32) NOT NULL,
  `userGroupId` int(10) unsigned NOT NULL,
  `isActive` tinyint(1) NOT NULL DEFAULT '0',
  `description` text
) ENGINE=InnoDB AUTO_INCREMENT=8 DEFAULT CHARSET=utf8;

--
-- Дамп данных таблицы `user`
--

INSERT INTO `user` (`id`, `email`, `password`, `userGroupId`, `isActive`, `description`) VALUES
(0, 'admin@example.com', '', 1, 0, NULL),
(1, 'kasp89s@gmail.com', '8349efb1b90fb33b41698cbe945769c4', 1, 1, 'Мудила'),
(4, 'kasp89s@mail.ru', 'g65uerden', 2, 1, 'Hello word'),
(6, 'test@admin.com', 'e10adc3949ba59abbe56e057f20f883e', 1, 1, ''),
(7, 'JohnSmith@net.com', '1eaedbb5e5c19bb8bb8cb48ae59ff1e2', 2, 1, 'JohnSmith@net.com');

-- --------------------------------------------------------

--
-- Структура таблицы `usergroup`
--

CREATE TABLE IF NOT EXISTS `usergroup` (
  `id` int(10) unsigned NOT NULL,
  `name` varchar(255) NOT NULL,
  `actions` set('user','customer','banner','info-page','manufacture','discount','coupon','shipping-method','payment-method','news','news-letter-subscriber','product','category','order','group','customer-group','specification','option','comment','order-status') DEFAULT NULL
) ENGINE=InnoDB AUTO_INCREMENT=3 DEFAULT CHARSET=utf8;

--
-- Дамп данных таблицы `usergroup`
--

INSERT INTO `usergroup` (`id`, `name`, `actions`) VALUES
(1, 'Супер админ', 'user,customer,banner,info-page,manufacture,discount,coupon,shipping-method,payment-method,news,news-letter-subscriber,product,category,order,group,customer-group,specification,option,comment,order-status'),
(2, 'Админ', 'banner');

-- --------------------------------------------------------

--
-- Структура таблицы `waitinglist`
--

CREATE TABLE IF NOT EXISTS `waitinglist` (
  `id` int(11) unsigned NOT NULL,
  `productId` int(10) unsigned NOT NULL,
  `customerId` int(10) unsigned NOT NULL,
  `email` varchar(255) DEFAULT NULL,
  `creteTime` timestamp NOT NULL DEFAULT CURRENT_TIMESTAMP
) ENGINE=InnoDB AUTO_INCREMENT=8 DEFAULT CHARSET=utf8;

--
-- Дамп данных таблицы `waitinglist`
--

INSERT INTO `waitinglist` (`id`, `productId`, `customerId`, `email`, `creteTime`) VALUES
(1, 14, 14, 'kasp89s122@gmail.com', '2016-12-06 23:53:49'),
(2, 14, 0, 'hrhre@fsf.fsd', '2016-12-07 00:11:24'),
(3, 14, 0, 'hrhre1@fsf.fsd', '2016-12-07 19:39:22'),
(4, 14, 0, 'hrhre2@fsf.fsd', '2016-12-07 19:45:21'),
(5, 14, 0, 'hrhre3@fsf.fsd', '2016-12-07 19:52:14'),
(6, 14, 13, 'sveneld@mail.ru', '2016-12-11 07:54:23'),
(7, 14, 0, 'leno4ka22@mail.ru', '2016-12-11 07:55:04');

-- --------------------------------------------------------

--
-- Структура таблицы `wishlist`
--

CREATE TABLE IF NOT EXISTS `wishlist` (
  `id` int(11) NOT NULL,
  `productId` int(10) unsigned NOT NULL,
  `customerId` int(10) unsigned NOT NULL,
  `creteTime` timestamp NOT NULL DEFAULT CURRENT_TIMESTAMP
) ENGINE=InnoDB AUTO_INCREMENT=11 DEFAULT CHARSET=utf8;

--
-- Дамп данных таблицы `wishlist`
--

INSERT INTO `wishlist` (`id`, `productId`, `customerId`, `creteTime`) VALUES
(2, 10, 2, '2016-11-09 23:02:43'),
(5, 7, 2, '2016-11-09 23:24:10'),
(6, 11, 2, '2016-11-15 11:41:40'),
(7, 15, 12, '2016-12-06 10:52:07'),
(9, 14, 14, '2016-12-07 20:31:56'),
(10, 16, 14, '2016-12-07 20:32:25');

--
-- Индексы сохранённых таблиц
--

--
-- Индексы таблицы `banner`
--
ALTER TABLE `banner`
  ADD PRIMARY KEY (`id`),
  ADD KEY `createUserId` (`createUserId`),
  ADD KEY `updateUserId` (`updateUserId`);

--
-- Индексы таблицы `basket`
--
ALTER TABLE `basket`
  ADD PRIMARY KEY (`id`),
  ADD KEY `customerId` (`customerId`);

--
-- Индексы таблицы `basketproduct`
--
ALTER TABLE `basketproduct`
  ADD PRIMARY KEY (`id`),
  ADD KEY `basketId` (`basketId`),
  ADD KEY `productId` (`productId`);

--
-- Индексы таблицы `basketproductattribute`
--
ALTER TABLE `basketproductattribute`
  ADD PRIMARY KEY (`id`),
  ADD KEY `baskeProducttId` (`basketProductId`),
  ADD KEY `basketProductId` (`basketProductId`),
  ADD KEY `productOptionId` (`productOptionId`),
  ADD KEY `productOptionValueId` (`productOptionValueId`);

--
-- Индексы таблицы `comment`
--
ALTER TABLE `comment`
  ADD PRIMARY KEY (`id`),
  ADD KEY `productId` (`productId`);

--
-- Индексы таблицы `coupon`
--
ALTER TABLE `coupon`
  ADD PRIMARY KEY (`id`),
  ADD UNIQUE KEY `code` (`code`),
  ADD KEY `createUserId` (`createUserId`),
  ADD KEY `updateUserId` (`updateUserId`);

--
-- Индексы таблицы `currencies`
--
ALTER TABLE `currencies`
  ADD PRIMARY KEY (`id`);

--
-- Индексы таблицы `customer`
--
ALTER TABLE `customer`
  ADD PRIMARY KEY (`id`),
  ADD KEY `email` (`email`),
  ADD KEY `customerGroupId` (`customerGroupId`);

--
-- Индексы таблицы `customeraddress`
--
ALTER TABLE `customeraddress`
  ADD PRIMARY KEY (`id`),
  ADD KEY `customerId` (`customerId`),
  ADD KEY `customerId_2` (`customerId`);

--
-- Индексы таблицы `customergroup`
--
ALTER TABLE `customergroup`
  ADD PRIMARY KEY (`id`);

--
-- Индексы таблицы `customerphone`
--
ALTER TABLE `customerphone`
  ADD PRIMARY KEY (`id`),
  ADD KEY `customerId` (`customerId`);

--
-- Индексы таблицы `infopage`
--
ALTER TABLE `infopage`
  ADD PRIMARY KEY (`id`),
  ADD UNIQUE KEY `unique` (`code`),
  ADD KEY `code` (`code`),
  ADD KEY `updateUserId` (`updateUserId`),
  ADD KEY `createUserId` (`createUserId`);

--
-- Индексы таблицы `news`
--
ALTER TABLE `news`
  ADD PRIMARY KEY (`id`),
  ADD KEY `updateUserId` (`updateUserId`),
  ADD KEY `createUserId` (`createUserId`);

--
-- Индексы таблицы `newsletter`
--
ALTER TABLE `newsletter`
  ADD PRIMARY KEY (`id`);

--
-- Индексы таблицы `newslettersubscriber`
--
ALTER TABLE `newslettersubscriber`
  ADD PRIMARY KEY (`id`);

--
-- Индексы таблицы `order`
--
ALTER TABLE `order`
  ADD PRIMARY KEY (`id`),
  ADD KEY `customerId` (`customerId`),
  ADD KEY `shppingId` (`shippingId`),
  ADD KEY `paymentId` (`paymentId`);

--
-- Индексы таблицы `ordercustomerinfo`
--
ALTER TABLE `ordercustomerinfo`
  ADD PRIMARY KEY (`id`),
  ADD KEY `orderId` (`orderId`);

--
-- Индексы таблицы `orderhistory`
--
ALTER TABLE `orderhistory`
  ADD PRIMARY KEY (`id`),
  ADD KEY `orderId` (`orderId`);

--
-- Индексы таблицы `orderpostbarcode`
--
ALTER TABLE `orderpostbarcode`
  ADD PRIMARY KEY (`id`),
  ADD UNIQUE KEY `orderBarcode` (`orderId`,`barcode`),
  ADD KEY `orderId` (`orderId`);

--
-- Индексы таблицы `orderproduct`
--
ALTER TABLE `orderproduct`
  ADD PRIMARY KEY (`id`),
  ADD KEY `orderId` (`orderId`),
  ADD KEY `productId` (`productId`);

--
-- Индексы таблицы `orderproductattribute`
--
ALTER TABLE `orderproductattribute`
  ADD PRIMARY KEY (`id`),
  ADD KEY `orderProductId` (`orderProductId`),
  ADD KEY `productOptionValueId` (`productOptionValueId`),
  ADD KEY `productOptionId` (`productOptionId`);

--
-- Индексы таблицы `orderstatus`
--
ALTER TABLE `orderstatus`
  ADD PRIMARY KEY (`id`);

--
-- Индексы таблицы `ordertotal`
--
ALTER TABLE `ordertotal`
  ADD PRIMARY KEY (`id`),
  ADD KEY `orderId` (`orderId`);

--
-- Индексы таблицы `paymentmethod`
--
ALTER TABLE `paymentmethod`
  ADD PRIMARY KEY (`id`);

--
-- Индексы таблицы `product`
--
ALTER TABLE `product`
  ADD PRIMARY KEY (`id`),
  ADD UNIQUE KEY `sku_UNIQUE` (`sku`),
  ADD KEY `productDisountId` (`productDisountId`),
  ADD KEY `productManufactureId` (`productManufactureId`);

--
-- Индексы таблицы `productattribute`
--
ALTER TABLE `productattribute`
  ADD PRIMARY KEY (`id`),
  ADD KEY `productId` (`productId`),
  ADD KEY `productOptionId` (`productOptionId`),
  ADD KEY `productOptionValueId` (`productOptionValueId`);

--
-- Индексы таблицы `productcategory`
--
ALTER TABLE `productcategory`
  ADD PRIMARY KEY (`id`),
  ADD KEY `parentId` (`parentId`);

--
-- Индексы таблицы `productcategoryproductoptionrelation`
--
ALTER TABLE `productcategoryproductoptionrelation`
  ADD PRIMARY KEY (`id`),
  ADD KEY `productCategoryId` (`productCategoryId`),
  ADD KEY `productOptionId` (`productOptionId`),
  ADD KEY `productCategoryId_2` (`productCategoryId`);

--
-- Индексы таблицы `productcategoryproductspecificationrelation`
--
ALTER TABLE `productcategoryproductspecificationrelation`
  ADD PRIMARY KEY (`id`),
  ADD KEY `productCategoryId` (`productCategoryId`),
  ADD KEY `productSpecificationId` (`productSpecificationId`);

--
-- Индексы таблицы `productcategoryrelation`
--
ALTER TABLE `productcategoryrelation`
  ADD UNIQUE KEY `unique` (`productCategoryId`,`productId`),
  ADD KEY `productId` (`productId`),
  ADD KEY `productCategoryId` (`productCategoryId`);

--
-- Индексы таблицы `productdiscount`
--
ALTER TABLE `productdiscount`
  ADD PRIMARY KEY (`id`);

--
-- Индексы таблицы `productimage`
--
ALTER TABLE `productimage`
  ADD PRIMARY KEY (`id`),
  ADD KEY `productId` (`productId`);

--
-- Индексы таблицы `productincomingprice`
--
ALTER TABLE `productincomingprice`
  ADD PRIMARY KEY (`id`),
  ADD KEY `productId` (`productId`);

--
-- Индексы таблицы `productmanufacture`
--
ALTER TABLE `productmanufacture`
  ADD PRIMARY KEY (`id`);

--
-- Индексы таблицы `productmarker`
--
ALTER TABLE `productmarker`
  ADD PRIMARY KEY (`id`),
  ADD KEY `productId` (`productId`);

--
-- Индексы таблицы `productoption`
--
ALTER TABLE `productoption`
  ADD PRIMARY KEY (`id`);

--
-- Индексы таблицы `productoptionvalue`
--
ALTER TABLE `productoptionvalue`
  ADD PRIMARY KEY (`id`),
  ADD KEY `productOptionId` (`productOptionId`),
  ADD KEY `productOptionId_2` (`productOptionId`),
  ADD KEY `productOptionId_3` (`productOptionId`);

--
-- Индексы таблицы `productproductspecificationrelation`
--
ALTER TABLE `productproductspecificationrelation`
  ADD PRIMARY KEY (`id`),
  ADD KEY `productd` (`productId`),
  ADD KEY `productSpecificationId` (`productSpecificationId`);

--
-- Индексы таблицы `productreview`
--
ALTER TABLE `productreview`
  ADD PRIMARY KEY (`id`),
  ADD KEY `productId` (`productId`);

--
-- Индексы таблицы `productspecification`
--
ALTER TABLE `productspecification`
  ADD PRIMARY KEY (`id`);

--
-- Индексы таблицы `relatedproduct`
--
ALTER TABLE `relatedproduct`
  ADD UNIQUE KEY `unique` (`idProduct`,`relatedProductId`);

--
-- Индексы таблицы `shippingmethod`
--
ALTER TABLE `shippingmethod`
  ADD PRIMARY KEY (`id`);

--
-- Индексы таблицы `shippingpaymentmethodrelation`
--
ALTER TABLE `shippingpaymentmethodrelation`
  ADD UNIQUE KEY `unique` (`shippingMethodId`,`paymentMethodId`),
  ADD KEY `paymentMethodId` (`paymentMethodId`);

--
-- Индексы таблицы `shopinfo`
--
ALTER TABLE `shopinfo`
  ADD PRIMARY KEY (`id`);

--
-- Индексы таблицы `user`
--
ALTER TABLE `user`
  ADD PRIMARY KEY (`id`),
  ADD KEY `email` (`email`),
  ADD KEY `userGroupId` (`userGroupId`);

--
-- Индексы таблицы `usergroup`
--
ALTER TABLE `usergroup`
  ADD PRIMARY KEY (`id`);

--
-- Индексы таблицы `waitinglist`
--
ALTER TABLE `waitinglist`
  ADD PRIMARY KEY (`id`),
  ADD KEY `customerId` (`customerId`),
  ADD KEY `productId` (`productId`);

--
-- Индексы таблицы `wishlist`
--
ALTER TABLE `wishlist`
  ADD PRIMARY KEY (`id`),
  ADD UNIQUE KEY `unique` (`customerId`,`productId`),
  ADD KEY `customerId` (`customerId`),
  ADD KEY `productId` (`productId`);

--
-- AUTO_INCREMENT для сохранённых таблиц
--

--
-- AUTO_INCREMENT для таблицы `banner`
--
ALTER TABLE `banner`
  MODIFY `id` int(11) NOT NULL AUTO_INCREMENT,AUTO_INCREMENT=9;
--
-- AUTO_INCREMENT для таблицы `basket`
--
ALTER TABLE `basket`
  MODIFY `id` int(10) unsigned NOT NULL AUTO_INCREMENT,AUTO_INCREMENT=3397;
--
-- AUTO_INCREMENT для таблицы `basketproduct`
--
ALTER TABLE `basketproduct`
  MODIFY `id` int(10) unsigned NOT NULL AUTO_INCREMENT,AUTO_INCREMENT=45;
--
-- AUTO_INCREMENT для таблицы `basketproductattribute`
--
ALTER TABLE `basketproductattribute`
  MODIFY `id` int(10) unsigned NOT NULL AUTO_INCREMENT;
--
-- AUTO_INCREMENT для таблицы `comment`
--
ALTER TABLE `comment`
  MODIFY `id` int(10) unsigned NOT NULL AUTO_INCREMENT,AUTO_INCREMENT=12;
--
-- AUTO_INCREMENT для таблицы `coupon`
--
ALTER TABLE `coupon`
  MODIFY `id` int(10) unsigned NOT NULL AUTO_INCREMENT,AUTO_INCREMENT=4;
--
-- AUTO_INCREMENT для таблицы `currencies`
--
ALTER TABLE `currencies`
  MODIFY `id` int(10) unsigned NOT NULL AUTO_INCREMENT,AUTO_INCREMENT=3;
--
-- AUTO_INCREMENT для таблицы `customer`
--
ALTER TABLE `customer`
  MODIFY `id` int(10) unsigned NOT NULL AUTO_INCREMENT,AUTO_INCREMENT=19;
--
-- AUTO_INCREMENT для таблицы `customeraddress`
--
ALTER TABLE `customeraddress`
  MODIFY `id` int(10) unsigned NOT NULL AUTO_INCREMENT,AUTO_INCREMENT=20;
--
-- AUTO_INCREMENT для таблицы `customergroup`
--
ALTER TABLE `customergroup`
  MODIFY `id` int(10) unsigned NOT NULL AUTO_INCREMENT,AUTO_INCREMENT=4;
--
-- AUTO_INCREMENT для таблицы `customerphone`
--
ALTER TABLE `customerphone`
  MODIFY `id` int(10) unsigned NOT NULL AUTO_INCREMENT,AUTO_INCREMENT=8;
--
-- AUTO_INCREMENT для таблицы `infopage`
--
ALTER TABLE `infopage`
  MODIFY `id` int(10) unsigned NOT NULL AUTO_INCREMENT,AUTO_INCREMENT=8;
--
-- AUTO_INCREMENT для таблицы `news`
--
ALTER TABLE `news`
  MODIFY `id` int(10) unsigned NOT NULL AUTO_INCREMENT,AUTO_INCREMENT=6;
--
-- AUTO_INCREMENT для таблицы `newsletter`
--
ALTER TABLE `newsletter`
  MODIFY `id` int(10) unsigned NOT NULL AUTO_INCREMENT;
--
-- AUTO_INCREMENT для таблицы `newslettersubscriber`
--
ALTER TABLE `newslettersubscriber`
  MODIFY `id` int(10) unsigned NOT NULL AUTO_INCREMENT,AUTO_INCREMENT=5;
--
-- AUTO_INCREMENT для таблицы `order`
--
ALTER TABLE `order`
  MODIFY `id` int(10) unsigned NOT NULL AUTO_INCREMENT,AUTO_INCREMENT=56;
--
-- AUTO_INCREMENT для таблицы `ordercustomerinfo`
--
ALTER TABLE `ordercustomerinfo`
  MODIFY `id` int(10) unsigned NOT NULL AUTO_INCREMENT,AUTO_INCREMENT=50;
--
-- AUTO_INCREMENT для таблицы `orderhistory`
--
ALTER TABLE `orderhistory`
  MODIFY `id` int(10) unsigned NOT NULL AUTO_INCREMENT,AUTO_INCREMENT=23;
--
-- AUTO_INCREMENT для таблицы `orderproduct`
--
ALTER TABLE `orderproduct`
  MODIFY `id` int(10) unsigned NOT NULL AUTO_INCREMENT,AUTO_INCREMENT=168;
--
-- AUTO_INCREMENT для таблицы `orderproductattribute`
--
ALTER TABLE `orderproductattribute`
  MODIFY `id` int(10) unsigned NOT NULL AUTO_INCREMENT,AUTO_INCREMENT=71;
--
-- AUTO_INCREMENT для таблицы `orderstatus`
--
ALTER TABLE `orderstatus`
  MODIFY `id` int(11) NOT NULL AUTO_INCREMENT,AUTO_INCREMENT=12;
--
-- AUTO_INCREMENT для таблицы `ordertotal`
--
ALTER TABLE `ordertotal`
  MODIFY `id` int(10) unsigned NOT NULL AUTO_INCREMENT,AUTO_INCREMENT=47;
--
-- AUTO_INCREMENT для таблицы `paymentmethod`
--
ALTER TABLE `paymentmethod`
  MODIFY `id` int(10) unsigned NOT NULL AUTO_INCREMENT,AUTO_INCREMENT=6;
--
-- AUTO_INCREMENT для таблицы `product`
--
ALTER TABLE `product`
  MODIFY `id` int(10) unsigned NOT NULL AUTO_INCREMENT,AUTO_INCREMENT=20;
--
-- AUTO_INCREMENT для таблицы `productattribute`
--
ALTER TABLE `productattribute`
  MODIFY `id` int(10) unsigned NOT NULL AUTO_INCREMENT,AUTO_INCREMENT=59;
--
-- AUTO_INCREMENT для таблицы `productcategory`
--
ALTER TABLE `productcategory`
  MODIFY `id` int(10) unsigned NOT NULL AUTO_INCREMENT,AUTO_INCREMENT=55;
--
-- AUTO_INCREMENT для таблицы `productcategoryproductoptionrelation`
--
ALTER TABLE `productcategoryproductoptionrelation`
  MODIFY `id` int(10) unsigned NOT NULL AUTO_INCREMENT,AUTO_INCREMENT=52;
--
-- AUTO_INCREMENT для таблицы `productcategoryproductspecificationrelation`
--
ALTER TABLE `productcategoryproductspecificationrelation`
  MODIFY `id` int(10) unsigned NOT NULL AUTO_INCREMENT,AUTO_INCREMENT=95;
--
-- AUTO_INCREMENT для таблицы `productdiscount`
--
ALTER TABLE `productdiscount`
  MODIFY `id` int(10) unsigned NOT NULL AUTO_INCREMENT,AUTO_INCREMENT=5;
--
-- AUTO_INCREMENT для таблицы `productimage`
--
ALTER TABLE `productimage`
  MODIFY `id` int(10) unsigned NOT NULL AUTO_INCREMENT,AUTO_INCREMENT=59;
--
-- AUTO_INCREMENT для таблицы `productincomingprice`
--
ALTER TABLE `productincomingprice`
  MODIFY `id` int(10) unsigned NOT NULL AUTO_INCREMENT,AUTO_INCREMENT=17;
--
-- AUTO_INCREMENT для таблицы `productmanufacture`
--
ALTER TABLE `productmanufacture`
  MODIFY `id` int(10) unsigned NOT NULL AUTO_INCREMENT,AUTO_INCREMENT=8;
--
-- AUTO_INCREMENT для таблицы `productmarker`
--
ALTER TABLE `productmarker`
  MODIFY `id` int(10) unsigned NOT NULL AUTO_INCREMENT,AUTO_INCREMENT=17;
--
-- AUTO_INCREMENT для таблицы `productoption`
--
ALTER TABLE `productoption`
  MODIFY `id` int(10) unsigned NOT NULL AUTO_INCREMENT,AUTO_INCREMENT=11;
--
-- AUTO_INCREMENT для таблицы `productoptionvalue`
--
ALTER TABLE `productoptionvalue`
  MODIFY `id` int(10) unsigned NOT NULL AUTO_INCREMENT,AUTO_INCREMENT=23;
--
-- AUTO_INCREMENT для таблицы `productproductspecificationrelation`
--
ALTER TABLE `productproductspecificationrelation`
  MODIFY `id` int(10) unsigned NOT NULL AUTO_INCREMENT,AUTO_INCREMENT=89;
--
-- AUTO_INCREMENT для таблицы `productspecification`
--
ALTER TABLE `productspecification`
  MODIFY `id` int(10) unsigned NOT NULL AUTO_INCREMENT,AUTO_INCREMENT=23;
--
-- AUTO_INCREMENT для таблицы `shippingmethod`
--
ALTER TABLE `shippingmethod`
  MODIFY `id` int(10) unsigned NOT NULL AUTO_INCREMENT,AUTO_INCREMENT=6;
--
-- AUTO_INCREMENT для таблицы `shopinfo`
--
ALTER TABLE `shopinfo`
  MODIFY `id` int(10) unsigned NOT NULL AUTO_INCREMENT;
--
-- AUTO_INCREMENT для таблицы `user`
--
ALTER TABLE `user`
  MODIFY `id` int(10) unsigned NOT NULL AUTO_INCREMENT,AUTO_INCREMENT=8;
--
-- AUTO_INCREMENT для таблицы `usergroup`
--
ALTER TABLE `usergroup`
  MODIFY `id` int(10) unsigned NOT NULL AUTO_INCREMENT,AUTO_INCREMENT=3;
--
-- AUTO_INCREMENT для таблицы `waitinglist`
--
ALTER TABLE `waitinglist`
  MODIFY `id` int(11) unsigned NOT NULL AUTO_INCREMENT,AUTO_INCREMENT=8;
--
-- AUTO_INCREMENT для таблицы `wishlist`
--
ALTER TABLE `wishlist`
  MODIFY `id` int(11) NOT NULL AUTO_INCREMENT,AUTO_INCREMENT=11;
--
-- Ограничения внешнего ключа сохраненных таблиц
--

--
-- Ограничения внешнего ключа таблицы `banner`
--
ALTER TABLE `banner`
  ADD CONSTRAINT `banner_ibfk_1` FOREIGN KEY (`createUserId`) REFERENCES `user` (`id`) ON DELETE NO ACTION ON UPDATE CASCADE,
  ADD CONSTRAINT `banner_ibfk_2` FOREIGN KEY (`updateUserId`) REFERENCES `user` (`id`) ON DELETE NO ACTION ON UPDATE CASCADE;

--
-- Ограничения внешнего ключа таблицы `basket`
--
ALTER TABLE `basket`
  ADD CONSTRAINT `basket_ibfk_1` FOREIGN KEY (`customerId`) REFERENCES `customer` (`id`) ON DELETE CASCADE ON UPDATE CASCADE;

--
-- Ограничения внешнего ключа таблицы `basketproduct`
--
ALTER TABLE `basketproduct`
  ADD CONSTRAINT `basketproduct_ibfk_1` FOREIGN KEY (`productId`) REFERENCES `product` (`id`) ON DELETE CASCADE ON UPDATE CASCADE,
  ADD CONSTRAINT `basketproduct_ibfk_2` FOREIGN KEY (`basketId`) REFERENCES `basket` (`id`) ON DELETE CASCADE ON UPDATE CASCADE;

--
-- Ограничения внешнего ключа таблицы `basketproductattribute`
--
ALTER TABLE `basketproductattribute`
  ADD CONSTRAINT `basketproductattribute_ibfk_1` FOREIGN KEY (`basketProductId`) REFERENCES `basketproduct` (`id`) ON DELETE CASCADE ON UPDATE CASCADE,
  ADD CONSTRAINT `basketproductattribute_ibfk_2` FOREIGN KEY (`productOptionId`) REFERENCES `productoption` (`id`) ON DELETE CASCADE ON UPDATE CASCADE,
  ADD CONSTRAINT `basketproductattribute_ibfk_3` FOREIGN KEY (`productOptionValueId`) REFERENCES `productoptionvalue` (`id`) ON DELETE CASCADE ON UPDATE CASCADE;

--
-- Ограничения внешнего ключа таблицы `comment`
--
ALTER TABLE `comment`
  ADD CONSTRAINT `comment_ibfk_1` FOREIGN KEY (`productId`) REFERENCES `product` (`id`) ON DELETE CASCADE ON UPDATE CASCADE;

--
-- Ограничения внешнего ключа таблицы `coupon`
--
ALTER TABLE `coupon`
  ADD CONSTRAINT `coupon_ibfk_1` FOREIGN KEY (`createUserId`) REFERENCES `user` (`id`) ON DELETE NO ACTION ON UPDATE CASCADE,
  ADD CONSTRAINT `coupon_ibfk_2` FOREIGN KEY (`updateUserId`) REFERENCES `user` (`id`) ON DELETE NO ACTION ON UPDATE CASCADE;

--
-- Ограничения внешнего ключа таблицы `customer`
--
ALTER TABLE `customer`
  ADD CONSTRAINT `customer_ibfk_1` FOREIGN KEY (`customerGroupId`) REFERENCES `customergroup` (`id`) ON DELETE NO ACTION ON UPDATE CASCADE;

--
-- Ограничения внешнего ключа таблицы `customeraddress`
--
ALTER TABLE `customeraddress`
  ADD CONSTRAINT `customeraddress_ibfk_1` FOREIGN KEY (`customerId`) REFERENCES `customer` (`id`) ON DELETE CASCADE ON UPDATE CASCADE;

--
-- Ограничения внешнего ключа таблицы `customerphone`
--
ALTER TABLE `customerphone`
  ADD CONSTRAINT `customerphone_ibfk_1` FOREIGN KEY (`customerId`) REFERENCES `customer` (`id`) ON DELETE CASCADE ON UPDATE CASCADE;

--
-- Ограничения внешнего ключа таблицы `infopage`
--
ALTER TABLE `infopage`
  ADD CONSTRAINT `infopage_ibfk_1` FOREIGN KEY (`createUserId`) REFERENCES `user` (`id`) ON DELETE NO ACTION ON UPDATE CASCADE,
  ADD CONSTRAINT `infopage_ibfk_2` FOREIGN KEY (`updateUserId`) REFERENCES `user` (`id`) ON DELETE NO ACTION ON UPDATE CASCADE;

--
-- Ограничения внешнего ключа таблицы `news`
--
ALTER TABLE `news`
  ADD CONSTRAINT `news_ibfk_1` FOREIGN KEY (`createUserId`) REFERENCES `user` (`id`) ON DELETE NO ACTION ON UPDATE CASCADE,
  ADD CONSTRAINT `news_ibfk_2` FOREIGN KEY (`updateUserId`) REFERENCES `user` (`id`) ON DELETE NO ACTION ON UPDATE CASCADE;

--
-- Ограничения внешнего ключа таблицы `order`
--
ALTER TABLE `order`
  ADD CONSTRAINT `order_ibfk_1` FOREIGN KEY (`customerId`) REFERENCES `customer` (`id`) ON DELETE CASCADE ON UPDATE CASCADE,
  ADD CONSTRAINT `order_ibfk_3` FOREIGN KEY (`paymentId`) REFERENCES `paymentmethod` (`id`) ON DELETE CASCADE ON UPDATE CASCADE,
  ADD CONSTRAINT `order_ibfk_4` FOREIGN KEY (`shippingId`) REFERENCES `shippingmethod` (`id`) ON DELETE CASCADE ON UPDATE CASCADE;

--
-- Ограничения внешнего ключа таблицы `ordercustomerinfo`
--
ALTER TABLE `ordercustomerinfo`
  ADD CONSTRAINT `ordercustomerinfo_ibfk_1` FOREIGN KEY (`orderId`) REFERENCES `order` (`id`) ON DELETE CASCADE ON UPDATE CASCADE;

--
-- Ограничения внешнего ключа таблицы `orderhistory`
--
ALTER TABLE `orderhistory`
  ADD CONSTRAINT `orderhistory_ibfk_1` FOREIGN KEY (`orderId`) REFERENCES `order` (`id`) ON DELETE CASCADE ON UPDATE CASCADE;

--
-- Ограничения внешнего ключа таблицы `orderpostbarcode`
--
ALTER TABLE `orderpostbarcode`
  ADD CONSTRAINT `orderpostbarcode_ibfk_1` FOREIGN KEY (`orderId`) REFERENCES `order` (`id`) ON DELETE CASCADE ON UPDATE CASCADE;

--
-- Ограничения внешнего ключа таблицы `orderproduct`
--
ALTER TABLE `orderproduct`
  ADD CONSTRAINT `orderproduct_ibfk_1` FOREIGN KEY (`orderId`) REFERENCES `order` (`id`) ON DELETE CASCADE ON UPDATE CASCADE,
  ADD CONSTRAINT `orderproduct_ibfk_2` FOREIGN KEY (`productId`) REFERENCES `product` (`id`) ON DELETE CASCADE ON UPDATE CASCADE;

--
-- Ограничения внешнего ключа таблицы `orderproductattribute`
--
ALTER TABLE `orderproductattribute`
  ADD CONSTRAINT `orderproductattribute_ibfk_1` FOREIGN KEY (`orderProductId`) REFERENCES `orderproduct` (`id`) ON DELETE CASCADE ON UPDATE CASCADE,
  ADD CONSTRAINT `orderproductattribute_ibfk_2` FOREIGN KEY (`productOptionId`) REFERENCES `productoption` (`id`) ON DELETE CASCADE ON UPDATE CASCADE,
  ADD CONSTRAINT `orderproductattribute_ibfk_3` FOREIGN KEY (`productOptionValueId`) REFERENCES `productoptionvalue` (`id`) ON DELETE CASCADE ON UPDATE CASCADE;

--
-- Ограничения внешнего ключа таблицы `ordertotal`
--
ALTER TABLE `ordertotal`
  ADD CONSTRAINT `ordertotal_ibfk_1` FOREIGN KEY (`orderId`) REFERENCES `order` (`id`) ON DELETE CASCADE ON UPDATE CASCADE;

--
-- Ограничения внешнего ключа таблицы `product`
--
ALTER TABLE `product`
  ADD CONSTRAINT `product_ibfk_1` FOREIGN KEY (`productDisountId`) REFERENCES `productdiscount` (`id`) ON DELETE NO ACTION ON UPDATE CASCADE,
  ADD CONSTRAINT `product_ibfk_2` FOREIGN KEY (`productManufactureId`) REFERENCES `productmanufacture` (`id`) ON DELETE NO ACTION ON UPDATE CASCADE;

--
-- Ограничения внешнего ключа таблицы `productattribute`
--
ALTER TABLE `productattribute`
  ADD CONSTRAINT `productattribute_ibfk_1` FOREIGN KEY (`productId`) REFERENCES `product` (`id`) ON DELETE CASCADE ON UPDATE CASCADE,
  ADD CONSTRAINT `productattribute_ibfk_2` FOREIGN KEY (`productOptionId`) REFERENCES `productoption` (`id`) ON DELETE CASCADE ON UPDATE CASCADE,
  ADD CONSTRAINT `productattribute_ibfk_3` FOREIGN KEY (`productOptionValueId`) REFERENCES `productoptionvalue` (`id`) ON DELETE CASCADE ON UPDATE CASCADE;

--
-- Ограничения внешнего ключа таблицы `productcategoryproductoptionrelation`
--
ALTER TABLE `productcategoryproductoptionrelation`
  ADD CONSTRAINT `productcategoryproductoptionrelation_ibfk_1` FOREIGN KEY (`productCategoryId`) REFERENCES `productcategory` (`id`) ON DELETE CASCADE ON UPDATE CASCADE,
  ADD CONSTRAINT `productcategoryproductoptionrelation_ibfk_2` FOREIGN KEY (`productOptionId`) REFERENCES `productoption` (`id`) ON DELETE CASCADE ON UPDATE CASCADE;

--
-- Ограничения внешнего ключа таблицы `productcategoryproductspecificationrelation`
--
ALTER TABLE `productcategoryproductspecificationrelation`
  ADD CONSTRAINT `productcategoryproductspecificationrelation_ibfk_1` FOREIGN KEY (`productCategoryId`) REFERENCES `productcategory` (`id`) ON DELETE CASCADE ON UPDATE CASCADE,
  ADD CONSTRAINT `productcategoryproductspecificationrelation_ibfk_2` FOREIGN KEY (`productSpecificationId`) REFERENCES `productspecification` (`id`) ON DELETE CASCADE ON UPDATE CASCADE;

--
-- Ограничения внешнего ключа таблицы `productcategoryrelation`
--
ALTER TABLE `productcategoryrelation`
  ADD CONSTRAINT `productcategoryrelation_ibfk_1` FOREIGN KEY (`productId`) REFERENCES `product` (`id`) ON DELETE CASCADE ON UPDATE CASCADE,
  ADD CONSTRAINT `productcategoryrelation_ibfk_2` FOREIGN KEY (`productCategoryId`) REFERENCES `productcategory` (`id`) ON DELETE CASCADE ON UPDATE CASCADE;

--
-- Ограничения внешнего ключа таблицы `productimage`
--
ALTER TABLE `productimage`
  ADD CONSTRAINT `productimage_ibfk_1` FOREIGN KEY (`productId`) REFERENCES `product` (`id`) ON DELETE CASCADE ON UPDATE CASCADE;

--
-- Ограничения внешнего ключа таблицы `productincomingprice`
--
ALTER TABLE `productincomingprice`
  ADD CONSTRAINT `productincomingprice_ibfk_1` FOREIGN KEY (`productId`) REFERENCES `product` (`id`) ON DELETE CASCADE ON UPDATE CASCADE;

--
-- Ограничения внешнего ключа таблицы `productmarker`
--
ALTER TABLE `productmarker`
  ADD CONSTRAINT `productmarker_ibfk_1` FOREIGN KEY (`productId`) REFERENCES `product` (`id`) ON DELETE CASCADE ON UPDATE CASCADE;

--
-- Ограничения внешнего ключа таблицы `productoptionvalue`
--
ALTER TABLE `productoptionvalue`
  ADD CONSTRAINT `productoptionvalue_ibfk_1` FOREIGN KEY (`productOptionId`) REFERENCES `productoption` (`id`) ON DELETE CASCADE ON UPDATE CASCADE;

--
-- Ограничения внешнего ключа таблицы `productproductspecificationrelation`
--
ALTER TABLE `productproductspecificationrelation`
  ADD CONSTRAINT `productproductspecificationrelation_ibfk_1` FOREIGN KEY (`productId`) REFERENCES `product` (`id`) ON DELETE CASCADE ON UPDATE CASCADE,
  ADD CONSTRAINT `productproductspecificationrelation_ibfk_2` FOREIGN KEY (`productSpecificationId`) REFERENCES `productspecification` (`id`) ON DELETE CASCADE ON UPDATE CASCADE;

--
-- Ограничения внешнего ключа таблицы `relatedproduct`
--
ALTER TABLE `relatedproduct`
  ADD CONSTRAINT `relatedproduct_ibfk_1` FOREIGN KEY (`idProduct`) REFERENCES `product` (`id`) ON DELETE CASCADE ON UPDATE CASCADE;

--
-- Ограничения внешнего ключа таблицы `shippingpaymentmethodrelation`
--
ALTER TABLE `shippingpaymentmethodrelation`
  ADD CONSTRAINT `shippingpaymentmethodrelation_ibfk_1` FOREIGN KEY (`shippingMethodId`) REFERENCES `shippingmethod` (`id`) ON DELETE CASCADE ON UPDATE CASCADE,
  ADD CONSTRAINT `shippingpaymentmethodrelation_ibfk_2` FOREIGN KEY (`paymentMethodId`) REFERENCES `paymentmethod` (`id`) ON DELETE CASCADE ON UPDATE CASCADE;

--
-- Ограничения внешнего ключа таблицы `user`
--
ALTER TABLE `user`
  ADD CONSTRAINT `user_ibfk_1` FOREIGN KEY (`userGroupId`) REFERENCES `usergroup` (`id`) ON DELETE NO ACTION ON UPDATE CASCADE;

--
-- Ограничения внешнего ключа таблицы `waitinglist`
--
ALTER TABLE `waitinglist`
  ADD CONSTRAINT `waitinglist_ibfk_1` FOREIGN KEY (`productId`) REFERENCES `product` (`id`) ON DELETE CASCADE ON UPDATE CASCADE,
  ADD CONSTRAINT `waitinglist_ibfk_2` FOREIGN KEY (`customerId`) REFERENCES `customer` (`id`) ON DELETE CASCADE ON UPDATE CASCADE;

--
-- Ограничения внешнего ключа таблицы `wishlist`
--
ALTER TABLE `wishlist`
  ADD CONSTRAINT `wishlist_ibfk_1` FOREIGN KEY (`productId`) REFERENCES `product` (`id`) ON DELETE CASCADE ON UPDATE CASCADE,
  ADD CONSTRAINT `wishlist_ibfk_2` FOREIGN KEY (`customerId`) REFERENCES `customer` (`id`) ON DELETE CASCADE ON UPDATE CASCADE;

/*!40101 SET CHARACTER_SET_CLIENT=@OLD_CHARACTER_SET_CLIENT */;
/*!40101 SET CHARACTER_SET_RESULTS=@OLD_CHARACTER_SET_RESULTS */;
/*!40101 SET COLLATION_CONNECTION=@OLD_COLLATION_CONNECTION */;
